Fecha,Producto,Ventas
2025-12-22,Laptop Dell Inspiron,19
2024-09-05,Memoria RAM 16GB,16
2024-06-02,Laptop Dell Inspiron,6
2025-08-06,Monitor 24 pulgadas,8
2024-12-02,Laptop Dell Inspiron,4
2025-04-17,Memoria RAM 16GB,17
2024-01-08,Memoria RAM 16GB,13
2025-10-16,Memoria RAM 16GB,16
2023-11-28,Monitor 24 pulgadas,31
2023-04-21,Monitor 24 pulgadas,12
2024-08-02,Tarjeta Gráfica RTX 4060,7
2023-04-22,Tarjeta Gráfica RTX 4060,4
2024-09-02,Procesador Ryzen 5,9
2025-06-29,Monitor 24 pulgadas,4
2025-06-25,Laptop Dell Inspiron,4
2025-12-12,Laptop Dell Inspiron,25
2025-04-20,Procesador Ryzen 5,11
2023-04-23,Laptop Dell Inspiron,3
2025-05-06,Memoria RAM 16GB,17
2025-09-04,Monitor 24 pulgadas,19
2025-07-04,Procesador Ryzen 5,13
2025-01-19,Memoria RAM 16GB,13
2024-05-27,Tarjeta Gráfica RTX 4060,5
2025-09-24,Tarjeta Gráfica RTX 4060,1
2023-10-19,Laptop Dell Inspiron,2
2026-01-29,Laptop Dell Inspiron,6
2025-03-18,Laptop Dell Inspiron,6
2024-07-17,Memoria RAM 16GB,18
2024-03-27,Monitor 24 pulgadas,7
2023-06-12,Monitor 24 pulgadas,9
2024-02-23,Tarjeta Gráfica RTX 4060,6
2026-03-04,Procesador Ryzen 5,7
2023-05-11,Procesador Ryzen 5,8
2023-06-23,Procesador Ryzen 5,13
2025-10-27,Monitor 24 pulgadas,7
2024-10-23,Tarjeta Gráfica RTX 4060,1
2025-12-18,Laptop Dell Inspiron,19
2024-04-16,Laptop Dell Inspiron,6
2025-11-12,Laptop Dell Inspiron,5
2026-02-20,Laptop Dell Inspiron,9
2023-06-19,Laptop Dell Inspiron,4
2024-09-26,Monitor 24 pulgadas,6
2026-03-30,Procesador Ryzen 5,9
2023-11-01,Monitor 24 pulgadas,9
2023-12-09,Procesador Ryzen 5,9
2025-01-10,Laptop Dell Inspiron,9
2024-11-18,Laptop Dell Inspiron,29
2025-07-31,Tarjeta Gráfica RTX 4060,2
2024-07-20,Procesador Ryzen 5,10
2024-04-03,Tarjeta Gráfica RTX 4060,5
2025-03-19,Tarjeta Gráfica RTX 4060,1
2026-03-14,Procesador Ryzen 5,13
2025-01-09,Monitor 24 pulgadas,8
2026-01-30,Monitor 24 pulgadas,8
2023-11-03,Procesador Ryzen 5,13
2026-01-17,Tarjeta Gráfica RTX 4060,4
2025-12-20,Monitor 24 pulgadas,23
2024-08-30,Laptop Dell Inspiron,17
2023-09-12,Procesador Ryzen 5,8
2023-04-28,Laptop Dell Inspiron,8
2023-09-19,Memoria RAM 16GB,17
2024-12-15,Monitor 24 pulgadas,24
2024-10-17,Procesador Ryzen 5,11
2025-11-25,Procesador Ryzen 5,32
2024-06-11,Procesador Ryzen 5,9
2023-10-24,Tarjeta Gráfica RTX 4060,4
2024-02-05,Monitor 24 pulgadas,6
2025-12-25,Procesador Ryzen 5,10
2024-06-24,Procesador Ryzen 5,10
2025-01-30,Memoria RAM 16GB,17
2023-06-13,Laptop Dell Inspiron,6
2026-03-19,Monitor 24 pulgadas,7
2026-01-14,Monitor 24 pulgadas,7
2024-10-13,Tarjeta Gráfica RTX 4060,5
2025-10-24,Laptop Dell Inspiron,6
2023-11-23,Tarjeta Gráfica RTX 4060,30
2024-11-17,Memoria RAM 16GB,42
2025-01-02,Memoria RAM 16GB,13
2023-09-23,Tarjeta Gráfica RTX 4060,5
2024-06-21,Monitor 24 pulgadas,11
2023-07-02,Laptop Dell Inspiron,4
2026-01-20,Memoria RAM 16GB,14
2025-11-12,Procesador Ryzen 5,6
2024-05-02,Laptop Dell Inspiron,7
2024-02-24,Monitor 24 pulgadas,9
2026-03-14,Tarjeta Gráfica RTX 4060,3
2024-04-23,Procesador Ryzen 5,8
2024-07-11,Tarjeta Gráfica RTX 4060,4
2024-04-10,Tarjeta Gráfica RTX 4060,0
2026-02-08,Procesador Ryzen 5,10
2024-01-26,Memoria RAM 16GB,20
2023-04-28,Tarjeta Gráfica RTX 4060,4
2024-04-28,Laptop Dell Inspiron,2
2025-02-15,Laptop Dell Inspiron,9
2023-11-21,Memoria RAM 16GB,41
2025-08-24,Procesador Ryzen 5,11
2024-03-28,Laptop Dell Inspiron,4
2025-08-01,Procesador Ryzen 5,12
2023-12-22,Monitor 24 pulgadas,22
2024-08-26,Memoria RAM 16GB,19
2024-06-22,Procesador Ryzen 5,11
2025-09-22,Memoria RAM 16GB,17
2024-02-22,Monitor 24 pulgadas,9
2023-11-28,Tarjeta Gráfica RTX 4060,29
2024-03-31,Tarjeta Gráfica RTX 4060,1
2024-11-22,Tarjeta Gráfica RTX 4060,32
2025-10-25,Laptop Dell Inspiron,10
2025-03-30,Procesador Ryzen 5,6
2024-06-06,Memoria RAM 16GB,13
2023-11-17,Laptop Dell Inspiron,34
2023-08-13,Memoria RAM 16GB,16
2025-08-17,Procesador Ryzen 5,13
2024-09-24,Monitor 24 pulgadas,5
2024-08-15,Memoria RAM 16GB,21
2025-07-16,Tarjeta Gráfica RTX 4060,3
2024-12-11,Procesador Ryzen 5,26
2026-03-11,Monitor 24 pulgadas,7
2025-08-23,Monitor 24 pulgadas,24
2026-01-08,Tarjeta Gráfica RTX 4060,3
2025-07-18,Procesador Ryzen 5,11
2025-11-16,Tarjeta Gráfica RTX 4060,27
2023-06-22,Laptop Dell Inspiron,4
2026-01-26,Laptop Dell Inspiron,7
2025-11-06,Procesador Ryzen 5,7
2026-03-08,Monitor 24 pulgadas,5
2024-08-11,Memoria RAM 16GB,17
2026-01-10,Monitor 24 pulgadas,11
2025-05-12,Memoria RAM 16GB,17
2024-02-15,Tarjeta Gráfica RTX 4060,2
2025-04-25,Tarjeta Gráfica RTX 4060,5
2025-04-27,Memoria RAM 16GB,16
2023-10-24,Procesador Ryzen 5,9
2024-10-19,Monitor 24 pulgadas,7
2025-04-28,Monitor 24 pulgadas,4
2023-08-29,Procesador Ryzen 5,9
2024-11-29,Laptop Dell Inspiron,32
2024-12-29,Memoria RAM 16GB,18
2024-08-07,Laptop Dell Inspiron,6
2023-07-28,Memoria RAM 16GB,20
2025-09-12,Monitor 24 pulgadas,12
2023-11-18,Procesador Ryzen 5,34
2023-10-27,Procesador Ryzen 5,13
2026-03-15,Memoria RAM 16GB,16
2024-08-10,Tarjeta Gráfica RTX 4060,7
2025-02-08,Tarjeta Gráfica RTX 4060,3
2024-09-14,Memoria RAM 16GB,17
2025-11-27,Monitor 24 pulgadas,34
2025-07-03,Tarjeta Gráfica RTX 4060,5
2024-06-02,Procesador Ryzen 5,8
2025-08-11,Tarjeta Gráfica RTX 4060,0
2024-10-25,Tarjeta Gráfica RTX 4060,4
2025-01-26,Laptop Dell Inspiron,5
2023-04-13,Tarjeta Gráfica RTX 4060,4
2026-04-09,Tarjeta Gráfica RTX 4060,3
2026-01-30,Laptop Dell Inspiron,10
2023-08-24,Tarjeta Gráfica RTX 4060,7
2024-11-02,Memoria RAM 16GB,18
2023-10-18,Monitor 24 pulgadas,9
2025-01-07,Memoria RAM 16GB,15
2024-07-10,Monitor 24 pulgadas,5
2025-06-24,Laptop Dell Inspiron,3
2025-11-03,Laptop Dell Inspiron,7
2025-12-25,Tarjeta Gráfica RTX 4060,5
2025-08-02,Procesador Ryzen 5,12
2024-01-03,Memoria RAM 16GB,17
2025-05-25,Tarjeta Gráfica RTX 4060,3
2025-06-14,Laptop Dell Inspiron,6
2025-03-10,Memoria RAM 16GB,18
2025-01-16,Laptop Dell Inspiron,2
2025-10-07,Memoria RAM 16GB,13
2025-12-30,Monitor 24 pulgadas,5
2024-09-22,Monitor 24 pulgadas,5
2025-04-21,Laptop Dell Inspiron,2
2023-04-09,Procesador Ryzen 5,7
2025-03-10,Procesador Ryzen 5,8
2025-08-04,Procesador Ryzen 5,6
2025-10-07,Procesador Ryzen 5,7
2024-10-27,Memoria RAM 16GB,14
2023-10-18,Tarjeta Gráfica RTX 4060,4
2024-02-17,Laptop Dell Inspiron,5
2024-08-31,Memoria RAM 16GB,23
2023-07-22,Monitor 24 pulgadas,8
2024-11-21,Laptop Dell Inspiron,27
2024-05-30,Laptop Dell Inspiron,2
2024-08-01,Procesador Ryzen 5,11
2025-05-27,Laptop Dell Inspiron,6
2026-01-26,Monitor 24 pulgadas,5
2025-11-15,Procesador Ryzen 5,35
2026-02-25,Monitor 24 pulgadas,5
2025-02-27,Laptop Dell Inspiron,6
2023-06-28,Procesador Ryzen 5,8
2025-06-25,Monitor 24 pulgadas,8
2023-04-01,Laptop Dell Inspiron,6
2025-08-20,Procesador Ryzen 5,14
2023-05-19,Laptop Dell Inspiron,10
2023-07-10,Tarjeta Gráfica RTX 4060,2
2024-07-22,Laptop Dell Inspiron,5
2025-07-23,Tarjeta Gráfica RTX 4060,5
2024-10-11,Tarjeta Gráfica RTX 4060,7
2023-05-24,Laptop Dell Inspiron,3
2023-09-09,Monitor 24 pulgadas,11
2023-10-28,Tarjeta Gráfica RTX 4060,5
2023-11-20,Procesador Ryzen 5,31
2023-12-04,Memoria RAM 16GB,14
2024-03-03,Procesador Ryzen 5,11
2025-02-26,Monitor 24 pulgadas,4
2025-06-11,Tarjeta Gráfica RTX 4060,3
2024-12-29,Laptop Dell Inspiron,3
2025-02-03,Memoria RAM 16GB,18
2026-03-01,Monitor 24 pulgadas,9
2023-12-18,Procesador Ryzen 5,22
2025-05-11,Laptop Dell Inspiron,3
2023-04-09,Laptop Dell Inspiron,7
2026-02-09,Laptop Dell Inspiron,3
2026-02-10,Memoria RAM 16GB,15
2025-12-31,Tarjeta Gráfica RTX 4060,3
2025-12-26,Procesador Ryzen 5,11
2025-03-19,Memoria RAM 16GB,14
2026-01-04,Memoria RAM 16GB,14
2025-05-25,Laptop Dell Inspiron,5
2023-06-18,Memoria RAM 16GB,17
2024-01-21,Memoria RAM 16GB,16
2024-02-23,Procesador Ryzen 5,11
2023-08-06,Tarjeta Gráfica RTX 4060,1
2024-07-25,Monitor 24 pulgadas,5
2023-04-25,Procesador Ryzen 5,8
2025-01-04,Tarjeta Gráfica RTX 4060,4
2023-07-05,Memoria RAM 16GB,15
2023-04-18,Procesador Ryzen 5,7
2023-04-12,Monitor 24 pulgadas,5
2023-10-12,Memoria RAM 16GB,14
2024-06-19,Memoria RAM 16GB,14
2024-09-18,Procesador Ryzen 5,6
2025-08-30,Procesador Ryzen 5,17
2025-06-05,Memoria RAM 16GB,17
2024-03-02,Memoria RAM 16GB,19
2026-01-15,Monitor 24 pulgadas,6
2023-08-30,Memoria RAM 16GB,21
2023-07-30,Procesador Ryzen 5,6
2026-02-28,Procesador Ryzen 5,12
2024-10-03,Monitor 24 pulgadas,5
2026-04-05,Memoria RAM 16GB,15
2025-12-08,Monitor 24 pulgadas,4
2025-01-15,Monitor 24 pulgadas,7
2024-06-15,Procesador Ryzen 5,12
2024-09-27,Laptop Dell Inspiron,8
2025-08-11,Memoria RAM 16GB,18
2023-07-31,Tarjeta Gráfica RTX 4060,3
2025-06-19,Monitor 24 pulgadas,4
2024-04-06,Memoria RAM 16GB,17
2025-09-27,Monitor 24 pulgadas,10
2024-03-11,Monitor 24 pulgadas,6
2023-09-16,Procesador Ryzen 5,10
2024-02-11,Laptop Dell Inspiron,4
2025-03-25,Laptop Dell Inspiron,5
2024-06-24,Memoria RAM 16GB,14
2025-04-20,Monitor 24 pulgadas,6
2024-09-05,Procesador Ryzen 5,9
2025-09-13,Procesador Ryzen 5,13
2026-02-17,Tarjeta Gráfica RTX 4060,3
2024-09-27,Memoria RAM 16GB,18
2025-08-22,Procesador Ryzen 5,17
2025-08-12,Procesador Ryzen 5,8
2023-06-19,Memoria RAM 16GB,14
2025-01-01,Monitor 24 pulgadas,6
2026-03-10,Laptop Dell Inspiron,5
2025-04-16,Memoria RAM 16GB,18
2025-06-18,Procesador Ryzen 5,8
2024-02-23,Laptop Dell Inspiron,10
2024-01-26,Procesador Ryzen 5,10
2024-11-01,Procesador Ryzen 5,14
2026-03-06,Laptop Dell Inspiron,6
2025-07-23,Memoria RAM 16GB,18
2024-11-18,Monitor 24 pulgadas,33
2024-10-10,Procesador Ryzen 5,10
2023-10-13,Tarjeta Gráfica RTX 4060,8
2025-06-13,Memoria RAM 16GB,19
2026-04-08,Procesador Ryzen 5,10
2026-02-16,Tarjeta Gráfica RTX 4060,3
2023-08-22,Monitor 24 pulgadas,17
2023-09-21,Memoria RAM 16GB,15
2025-08-12,Tarjeta Gráfica RTX 4060,1
2024-03-24,Laptop Dell Inspiron,3
2024-03-25,Memoria RAM 16GB,16
2025-06-25,Tarjeta Gráfica RTX 4060,1
2025-01-28,Procesador Ryzen 5,7
2025-03-08,Memoria RAM 16GB,17
2024-04-26,Procesador Ryzen 5,10
2025-09-15,Tarjeta Gráfica RTX 4060,4
2023-11-14,Laptop Dell Inspiron,7
2023-04-25,Memoria RAM 16GB,16
2024-03-21,Tarjeta Gráfica RTX 4060,3
2025-12-03,Tarjeta Gráfica RTX 4060,3
2023-04-07,Monitor 24 pulgadas,12
2026-01-11,Memoria RAM 16GB,18
2024-10-28,Laptop Dell Inspiron,4
2024-12-07,Tarjeta Gráfica RTX 4060,7
2025-09-09,Procesador Ryzen 5,10
2024-03-05,Laptop Dell Inspiron,2
2025-11-20,Tarjeta Gráfica RTX 4060,26
2025-09-21,Procesador Ryzen 5,8
2024-08-13,Tarjeta Gráfica RTX 4060,4
2025-05-22,Monitor 24 pulgadas,8
2023-04-08,Laptop Dell Inspiron,10
2024-09-11,Monitor 24 pulgadas,8
2023-12-09,Tarjeta Gráfica RTX 4060,4
2025-02-06,Procesador Ryzen 5,6
2023-05-05,Monitor 24 pulgadas,12
2024-07-28,Monitor 24 pulgadas,7
2024-03-27,Tarjeta Gráfica RTX 4060,2
2025-07-09,Laptop Dell Inspiron,6
2025-04-19,Procesador Ryzen 5,14
2024-05-11,Laptop Dell Inspiron,5
2024-05-20,Memoria RAM 16GB,15
2025-10-31,Memoria RAM 16GB,18
2025-01-13,Procesador Ryzen 5,8
2024-09-03,Laptop Dell Inspiron,17
2024-05-16,Memoria RAM 16GB,15
2026-04-02,Laptop Dell Inspiron,2
2023-04-12,Procesador Ryzen 5,10
2025-08-03,Procesador Ryzen 5,9
2025-01-23,Procesador Ryzen 5,11
2024-06-04,Memoria RAM 16GB,15
2023-10-01,Monitor 24 pulgadas,8
2024-11-15,Monitor 24 pulgadas,35
2023-05-21,Memoria RAM 16GB,13
2024-08-11,Tarjeta Gráfica RTX 4060,3
2024-01-29,Memoria RAM 16GB,18
2024-06-09,Procesador Ryzen 5,10
2023-06-16,Tarjeta Gráfica RTX 4060,7
2023-11-14,Procesador Ryzen 5,10
2024-07-28,Laptop Dell Inspiron,3
2024-11-30,Procesador Ryzen 5,37
2023-05-02,Laptop Dell Inspiron,4
2024-02-22,Laptop Dell Inspiron,3
2024-12-08,Procesador Ryzen 5,10
2024-03-20,Monitor 24 pulgadas,9
2025-09-01,Memoria RAM 16GB,19
2025-11-18,Monitor 24 pulgadas,31
2024-12-28,Tarjeta Gráfica RTX 4060,5
2025-01-16,Tarjeta Gráfica RTX 4060,4
2024-12-10,Memoria RAM 16GB,28
2023-08-20,Laptop Dell Inspiron,19
2025-06-20,Memoria RAM 16GB,16
2026-02-23,Monitor 24 pulgadas,8
2024-05-21,Tarjeta Gráfica RTX 4060,4
2023-09-10,Tarjeta Gráfica RTX 4060,4
2023-12-26,Memoria RAM 16GB,15
2025-05-23,Tarjeta Gráfica RTX 4060,4
2026-02-21,Monitor 24 pulgadas,11
2024-06-20,Tarjeta Gráfica RTX 4060,1
2023-06-23,Laptop Dell Inspiron,10
2025-03-01,Procesador Ryzen 5,13
2024-01-05,Monitor 24 pulgadas,9
2023-09-08,Procesador Ryzen 5,12
2025-08-18,Laptop Dell Inspiron,19
2024-02-12,Memoria RAM 16GB,18
2024-01-27,Laptop Dell Inspiron,9
2026-03-13,Memoria RAM 16GB,17
2024-09-23,Procesador Ryzen 5,9
2023-07-17,Tarjeta Gráfica RTX 4060,0
2023-07-12,Tarjeta Gráfica RTX 4060,3
2026-03-29,Laptop Dell Inspiron,7
2025-08-03,Laptop Dell Inspiron,7
2025-09-16,Laptop Dell Inspiron,2
2023-11-18,Memoria RAM 16GB,46
2025-02-25,Monitor 24 pulgadas,7
2023-12-04,Laptop Dell Inspiron,5
2024-07-09,Monitor 24 pulgadas,8
2024-10-27,Tarjeta Gráfica RTX 4060,2
2023-08-04,Monitor 24 pulgadas,12
2026-02-03,Procesador Ryzen 5,6
2024-11-10,Memoria RAM 16GB,14
2024-06-23,Tarjeta Gráfica RTX 4060,3
2023-11-21,Laptop Dell Inspiron,29
2024-11-21,Memoria RAM 16GB,39
2023-05-23,Procesador Ryzen 5,9
2024-12-08,Laptop Dell Inspiron,4
2023-08-31,Tarjeta Gráfica RTX 4060,6
2024-03-15,Monitor 24 pulgadas,11
2024-06-30,Laptop Dell Inspiron,7
2023-09-13,Tarjeta Gráfica RTX 4060,5
2025-05-01,Procesador Ryzen 5,10
2023-12-18,Monitor 24 pulgadas,24
2024-02-29,Memoria RAM 16GB,18
2024-09-01,Monitor 24 pulgadas,16
2023-05-26,Memoria RAM 16GB,20
2025-03-04,Tarjeta Gráfica RTX 4060,5
2025-01-03,Tarjeta Gráfica RTX 4060,3
2025-12-24,Procesador Ryzen 5,22
2024-06-21,Memoria RAM 16GB,17
2025-01-07,Monitor 24 pulgadas,4
2023-11-14,Monitor 24 pulgadas,7
2025-03-28,Laptop Dell Inspiron,9
2024-08-23,Laptop Dell Inspiron,22
2026-02-01,Tarjeta Gráfica RTX 4060,3
2024-12-28,Procesador Ryzen 5,11
2025-02-22,Monitor 24 pulgadas,8
2024-11-21,Tarjeta Gráfica RTX 4060,27
2024-12-06,Laptop Dell Inspiron,8
2023-06-03,Memoria RAM 16GB,20
2023-11-12,Procesador Ryzen 5,9
2023-11-28,Procesador Ryzen 5,35
2025-04-24,Memoria RAM 16GB,15
2024-06-28,Tarjeta Gráfica RTX 4060,8
2025-07-03,Procesador Ryzen 5,7
2024-04-23,Monitor 24 pulgadas,5
2026-03-31,Laptop Dell Inspiron,5
2024-09-24,Memoria RAM 16GB,13
2026-02-11,Laptop Dell Inspiron,6
2025-05-21,Laptop Dell Inspiron,2
2025-08-23,Tarjeta Gráfica RTX 4060,6
2024-06-13,Tarjeta Gráfica RTX 4060,2
2025-01-19,Laptop Dell Inspiron,4
2023-07-10,Monitor 24 pulgadas,9
2024-11-06,Tarjeta Gráfica RTX 4060,3
2026-03-20,Laptop Dell Inspiron,10
2024-01-12,Procesador Ryzen 5,13
2023-05-20,Tarjeta Gráfica RTX 4060,4
2025-10-27,Tarjeta Gráfica RTX 4060,3
2024-04-09,Memoria RAM 16GB,16
2024-05-14,Memoria RAM 16GB,17
2023-04-07,Laptop Dell Inspiron,10
2026-02-12,Procesador Ryzen 5,9
2024-09-16,Memoria RAM 16GB,18
2024-10-01,Laptop Dell Inspiron,4
2025-04-06,Laptop Dell Inspiron,5
2025-05-09,Laptop Dell Inspiron,7
2025-06-22,Memoria RAM 16GB,13
2025-01-21,Monitor 24 pulgadas,5
2023-05-31,Tarjeta Gráfica RTX 4060,4
2024-02-07,Memoria RAM 16GB,13
2025-09-13,Laptop Dell Inspiron,9
2024-04-21,Laptop Dell Inspiron,4
2023-07-20,Monitor 24 pulgadas,6
2023-06-24,Laptop Dell Inspiron,10
2026-02-27,Monitor 24 pulgadas,8
2024-09-03,Memoria RAM 16GB,19
2023-12-20,Laptop Dell Inspiron,19
2025-12-20,Procesador Ryzen 5,27
2024-10-07,Tarjeta Gráfica RTX 4060,4
2025-04-23,Monitor 24 pulgadas,9
2024-03-02,Monitor 24 pulgadas,10
2023-12-31,Procesador Ryzen 5,7
2025-07-13,Tarjeta Gráfica RTX 4060,4
2024-05-18,Monitor 24 pulgadas,12
2024-05-27,Monitor 24 pulgadas,6
2023-05-22,Laptop Dell Inspiron,5
2025-07-12,Monitor 24 pulgadas,12
2023-08-18,Procesador Ryzen 5,13
2025-12-07,Monitor 24 pulgadas,7
2023-07-20,Laptop Dell Inspiron,4
2025-12-29,Laptop Dell Inspiron,4
2025-02-02,Procesador Ryzen 5,6
2026-02-24,Memoria RAM 16GB,17
2025-10-15,Monitor 24 pulgadas,4
2023-08-29,Tarjeta Gráfica RTX 4060,5
2024-12-09,Procesador Ryzen 5,9
2024-03-13,Monitor 24 pulgadas,7
2023-12-27,Monitor 24 pulgadas,6
2025-02-05,Tarjeta Gráfica RTX 4060,5
2024-06-26,Tarjeta Gráfica RTX 4060,0
2023-05-01,Memoria RAM 16GB,14
2024-04-11,Procesador Ryzen 5,6
2024-06-14,Monitor 24 pulgadas,10
2025-01-01,Procesador Ryzen 5,7
2023-05-23,Tarjeta Gráfica RTX 4060,2
2023-06-26,Monitor 24 pulgadas,8
2024-09-26,Tarjeta Gráfica RTX 4060,3
2024-01-13,Monitor 24 pulgadas,11
2023-06-11,Monitor 24 pulgadas,7
2025-12-26,Laptop Dell Inspiron,8
2023-07-31,Procesador Ryzen 5,11
2024-08-10,Procesador Ryzen 5,9
2023-07-15,Memoria RAM 16GB,19
2025-07-02,Laptop Dell Inspiron,4
2024-03-17,Monitor 24 pulgadas,6
2026-01-27,Monitor 24 pulgadas,5
2024-12-17,Memoria RAM 16GB,28
2025-01-16,Monitor 24 pulgadas,9
2025-05-26,Tarjeta Gráfica RTX 4060,2
2024-11-06,Laptop Dell Inspiron,5
2026-03-24,Tarjeta Gráfica RTX 4060,0
2024-02-21,Memoria RAM 16GB,16
2023-06-16,Procesador Ryzen 5,10
2024-03-29,Tarjeta Gráfica RTX 4060,5
2024-06-12,Laptop Dell Inspiron,6
2024-05-01,Laptop Dell Inspiron,2
2025-02-19,Memoria RAM 16GB,13
2023-09-30,Laptop Dell Inspiron,7
2023-12-31,Monitor 24 pulgadas,9
2025-08-04,Memoria RAM 16GB,16
2025-10-30,Monitor 24 pulgadas,4
2023-07-07,Procesador Ryzen 5,12
2023-12-25,Monitor 24 pulgadas,7
2025-10-08,Procesador Ryzen 5,10
2024-03-13,Laptop Dell Inspiron,3
2023-07-19,Laptop Dell Inspiron,3
2024-10-05,Tarjeta Gráfica RTX 4060,3
2023-07-21,Monitor 24 pulgadas,11
2026-01-06,Laptop Dell Inspiron,7
2025-12-26,Tarjeta Gráfica RTX 4060,3
2024-09-04,Memoria RAM 16GB,21
2024-06-27,Tarjeta Gráfica RTX 4060,4
2026-03-01,Procesador Ryzen 5,9
2023-08-02,Procesador Ryzen 5,7
2025-05-05,Monitor 24 pulgadas,9
2024-01-25,Procesador Ryzen 5,8
2025-01-27,Tarjeta Gráfica RTX 4060,1
2026-01-28,Tarjeta Gráfica RTX 4060,3
2024-03-04,Tarjeta Gráfica RTX 4060,5
2023-10-27,Laptop Dell Inspiron,7
2025-10-18,Tarjeta Gráfica RTX 4060,3
2025-04-17,Monitor 24 pulgadas,6
2024-05-31,Procesador Ryzen 5,10
2024-12-05,Laptop Dell Inspiron,2
2024-09-10,Procesador Ryzen 5,8
2024-08-30,Monitor 24 pulgadas,21
2025-03-23,Tarjeta Gráfica RTX 4060,1
2024-09-23,Monitor 24 pulgadas,7
2024-06-14,Laptop Dell Inspiron,5
2024-08-02,Monitor 24 pulgadas,12
2024-08-18,Laptop Dell Inspiron,14
2025-05-07,Memoria RAM 16GB,13
2025-01-09,Tarjeta Gráfica RTX 4060,3
2023-05-04,Memoria RAM 16GB,13
2024-09-20,Monitor 24 pulgadas,11
2023-10-03,Memoria RAM 16GB,13
2023-10-13,Laptop Dell Inspiron,6
2026-03-05,Monitor 24 pulgadas,6
2023-05-28,Tarjeta Gráfica RTX 4060,0
2024-01-16,Memoria RAM 16GB,18
2024-04-03,Laptop Dell Inspiron,5
2023-05-05,Laptop Dell Inspiron,6
2025-02-17,Monitor 24 pulgadas,5
2024-11-18,Tarjeta Gráfica RTX 4060,28
2025-11-18,Procesador Ryzen 5,35
2025-10-28,Monitor 24 pulgadas,7
2023-11-01,Tarjeta Gráfica RTX 4060,4
2025-01-09,Procesador Ryzen 5,8
2023-08-30,Tarjeta Gráfica RTX 4060,8
2023-05-24,Tarjeta Gráfica RTX 4060,1
2023-07-18,Laptop Dell Inspiron,7
2024-01-07,Memoria RAM 16GB,18
2024-01-28,Tarjeta Gráfica RTX 4060,1
2024-08-21,Memoria RAM 16GB,21
2024-06-03,Laptop Dell Inspiron,7
2024-08-17,Monitor 24 pulgadas,19
2025-04-22,Laptop Dell Inspiron,5
2024-09-16,Tarjeta Gráfica RTX 4060,2
2024-10-22,Monitor 24 pulgadas,7
2024-10-18,Memoria RAM 16GB,18
2025-07-04,Memoria RAM 16GB,21
2024-07-31,Procesador Ryzen 5,11
2025-01-18,Tarjeta Gráfica RTX 4060,5
2024-10-18,Procesador Ryzen 5,10
2025-01-15,Procesador Ryzen 5,6
2024-07-12,Memoria RAM 16GB,21
2026-02-01,Laptop Dell Inspiron,4
2023-11-09,Memoria RAM 16GB,13
2025-10-17,Memoria RAM 16GB,19
2024-12-16,Procesador Ryzen 5,24
2025-01-11,Procesador Ryzen 5,9
2023-07-29,Laptop Dell Inspiron,9
2024-07-07,Monitor 24 pulgadas,6
2024-06-30,Procesador Ryzen 5,9
2024-12-15,Laptop Dell Inspiron,21
2023-06-26,Memoria RAM 16GB,16
2024-03-02,Procesador Ryzen 5,11
2024-09-04,Laptop Dell Inspiron,18
2024-01-24,Memoria RAM 16GB,17
2024-07-03,Tarjeta Gráfica RTX 4060,5
2024-01-28,Memoria RAM 16GB,14
2024-04-01,Laptop Dell Inspiron,3
2024-06-23,Laptop Dell Inspiron,7
2023-10-13,Procesador Ryzen 5,10
2023-04-03,Memoria RAM 16GB,14
2024-06-18,Procesador Ryzen 5,8
2023-07-31,Memoria RAM 16GB,18
2023-12-02,Laptop Dell Inspiron,5
2025-11-25,Laptop Dell Inspiron,30
2025-08-19,Procesador Ryzen 5,12
2024-03-30,Procesador Ryzen 5,10
2024-03-15,Laptop Dell Inspiron,6
2025-01-01,Laptop Dell Inspiron,3
2025-10-12,Laptop Dell Inspiron,5
2025-09-18,Laptop Dell Inspiron,4
2025-05-19,Memoria RAM 16GB,15
2026-02-02,Procesador Ryzen 5,9
2025-08-15,Laptop Dell Inspiron,20
2023-05-16,Laptop Dell Inspiron,4
2025-04-03,Tarjeta Gráfica RTX 4060,2
2024-11-12,Tarjeta Gráfica RTX 4060,0
2025-05-22,Procesador Ryzen 5,7
2024-05-04,Procesador Ryzen 5,13
2024-10-20,Laptop Dell Inspiron,5
2025-09-09,Tarjeta Gráfica RTX 4060,3
2025-01-15,Tarjeta Gráfica RTX 4060,5
2024-09-15,Memoria RAM 16GB,15
2024-12-16,Monitor 24 pulgadas,24
2025-05-01,Tarjeta Gráfica RTX 4060,1
2025-07-14,Memoria RAM 16GB,13
2023-09-19,Procesador Ryzen 5,10
2023-08-01,Laptop Dell Inspiron,2
2025-05-16,Monitor 24 pulgadas,7
2024-05-12,Laptop Dell Inspiron,4
2025-05-29,Memoria RAM 16GB,16
2024-01-15,Memoria RAM 16GB,14
2024-07-02,Memoria RAM 16GB,14
2025-10-12,Procesador Ryzen 5,8
2024-09-19,Procesador Ryzen 5,9
2025-11-01,Monitor 24 pulgadas,9
2024-11-03,Laptop Dell Inspiron,7
2025-01-07,Tarjeta Gráfica RTX 4060,4
2025-06-01,Memoria RAM 16GB,16
2024-10-08,Tarjeta Gráfica RTX 4060,3
2025-10-02,Monitor 24 pulgadas,4
2025-08-29,Procesador Ryzen 5,12
2025-02-14,Memoria RAM 16GB,20
2023-11-11,Laptop Dell Inspiron,7
2023-06-08,Memoria RAM 16GB,18
2026-01-14,Procesador Ryzen 5,6
2026-04-07,Tarjeta Gráfica RTX 4060,2
2024-03-21,Monitor 24 pulgadas,5
2024-01-28,Procesador Ryzen 5,8
2025-01-04,Monitor 24 pulgadas,10
2025-05-22,Memoria RAM 16GB,16
2024-03-06,Procesador Ryzen 5,11
2025-04-26,Procesador Ryzen 5,13
2023-10-20,Tarjeta Gráfica RTX 4060,7
2025-09-14,Tarjeta Gráfica RTX 4060,0
2026-02-14,Memoria RAM 16GB,19
2025-06-19,Tarjeta Gráfica RTX 4060,1
2024-05-30,Memoria RAM 16GB,17
2024-10-18,Monitor 24 pulgadas,10
2025-02-27,Monitor 24 pulgadas,8
2025-11-07,Memoria RAM 16GB,16
2025-02-21,Procesador Ryzen 5,14
2024-07-17,Laptop Dell Inspiron,5
2024-07-20,Laptop Dell Inspiron,7
2024-08-20,Laptop Dell Inspiron,14
2025-06-16,Laptop Dell Inspiron,5
2024-12-30,Tarjeta Gráfica RTX 4060,1
2023-09-19,Laptop Dell Inspiron,4
2026-02-05,Procesador Ryzen 5,9
2024-03-09,Tarjeta Gráfica RTX 4060,3
2026-03-28,Laptop Dell Inspiron,10
2023-09-03,Memoria RAM 16GB,21
2023-06-18,Procesador Ryzen 5,7
2026-02-27,Tarjeta Gráfica RTX 4060,5
2024-05-19,Memoria RAM 16GB,18
2025-08-26,Monitor 24 pulgadas,20
2024-01-08,Procesador Ryzen 5,6
2023-11-17,Tarjeta Gráfica RTX 4060,29
2023-09-02,Procesador Ryzen 5,13
2026-02-26,Tarjeta Gráfica RTX 4060,2
2023-09-09,Procesador Ryzen 5,11
2024-11-01,Memoria RAM 16GB,17
2025-01-12,Tarjeta Gráfica RTX 4060,4
2023-07-20,Tarjeta Gráfica RTX 4060,3
2023-06-25,Memoria RAM 16GB,14
2025-08-02,Laptop Dell Inspiron,7
2024-04-08,Memoria RAM 16GB,15
2026-02-04,Tarjeta Gráfica RTX 4060,1
2026-02-15,Monitor 24 pulgadas,9
2024-02-04,Laptop Dell Inspiron,4
2024-05-12,Monitor 24 pulgadas,4
2025-12-13,Memoria RAM 16GB,36
2023-09-09,Laptop Dell Inspiron,10
2024-02-11,Memoria RAM 16GB,18
2024-06-02,Monitor 24 pulgadas,4
2025-08-21,Tarjeta Gráfica RTX 4060,7
2024-06-26,Memoria RAM 16GB,17
2024-06-23,Memoria RAM 16GB,14
2025-10-29,Memoria RAM 16GB,17
2024-06-08,Laptop Dell Inspiron,7
2024-04-10,Laptop Dell Inspiron,3
2023-06-16,Monitor 24 pulgadas,8
2025-08-28,Tarjeta Gráfica RTX 4060,6
2025-07-24,Memoria RAM 16GB,17
2024-01-09,Procesador Ryzen 5,7
2025-07-17,Laptop Dell Inspiron,5
2024-04-15,Laptop Dell Inspiron,6
2024-05-22,Monitor 24 pulgadas,7
2025-09-27,Memoria RAM 16GB,16
2025-06-05,Procesador Ryzen 5,10
2024-07-19,Laptop Dell Inspiron,8
2025-10-08,Tarjeta Gráfica RTX 4060,2
2024-01-02,Tarjeta Gráfica RTX 4060,4
2024-09-21,Procesador Ryzen 5,13
2025-12-27,Procesador Ryzen 5,13
2023-07-12,Memoria RAM 16GB,16
2024-08-15,Procesador Ryzen 5,11
2023-07-02,Tarjeta Gráfica RTX 4060,0
2025-04-12,Monitor 24 pulgadas,11
2024-02-29,Monitor 24 pulgadas,8
2026-04-03,Procesador Ryzen 5,11
2024-10-19,Tarjeta Gráfica RTX 4060,5
2023-10-03,Laptop Dell Inspiron,5
2024-02-15,Laptop Dell Inspiron,5
2024-07-10,Procesador Ryzen 5,10
2023-04-05,Procesador Ryzen 5,9
2023-07-03,Laptop Dell Inspiron,7
2023-05-28,Laptop Dell Inspiron,2
2025-11-01,Procesador Ryzen 5,9
2023-09-21,Tarjeta Gráfica RTX 4060,4
2024-03-20,Memoria RAM 16GB,14
2026-04-02,Monitor 24 pulgadas,9
2024-08-23,Procesador Ryzen 5,16
2023-05-06,Memoria RAM 16GB,21
2023-06-29,Memoria RAM 16GB,15
2025-07-14,Tarjeta Gráfica RTX 4060,4
2023-07-30,Laptop Dell Inspiron,7
2023-07-27,Tarjeta Gráfica RTX 4060,3
2025-09-14,Monitor 24 pulgadas,6
2025-10-20,Memoria RAM 16GB,14
2026-02-07,Tarjeta Gráfica RTX 4060,7
2025-11-17,Memoria RAM 16GB,38
2023-05-27,Monitor 24 pulgadas,7
2025-02-05,Procesador Ryzen 5,8
2025-06-16,Memoria RAM 16GB,13
2025-01-05,Procesador Ryzen 5,8
2026-01-26,Procesador Ryzen 5,9
2024-12-06,Memoria RAM 16GB,21
2023-10-07,Procesador Ryzen 5,12
2026-02-27,Memoria RAM 16GB,18
2024-04-06,Laptop Dell Inspiron,8
2023-05-07,Memoria RAM 16GB,15
2023-11-03,Memoria RAM 16GB,17
2025-02-14,Tarjeta Gráfica RTX 4060,7
2023-12-19,Laptop Dell Inspiron,19
2023-08-21,Laptop Dell Inspiron,14
2024-09-30,Tarjeta Gráfica RTX 4060,1
2023-12-24,Memoria RAM 16GB,32
2024-07-08,Tarjeta Gráfica RTX 4060,5
2024-02-27,Laptop Dell Inspiron,2
2023-12-23,Memoria RAM 16GB,33
2023-09-01,Procesador Ryzen 5,13
2023-10-03,Tarjeta Gráfica RTX 4060,4
2024-08-16,Monitor 24 pulgadas,23
2025-04-25,Procesador Ryzen 5,12
2023-08-08,Memoria RAM 16GB,13
2025-12-02,Procesador Ryzen 5,7
2026-03-11,Tarjeta Gráfica RTX 4060,3
2023-06-15,Tarjeta Gráfica RTX 4060,3
2024-01-18,Memoria RAM 16GB,16
2024-01-24,Procesador Ryzen 5,9
2025-12-18,Monitor 24 pulgadas,22
2024-10-24,Procesador Ryzen 5,6
2023-07-12,Procesador Ryzen 5,10
2024-10-06,Monitor 24 pulgadas,6
2023-12-05,Monitor 24 pulgadas,8
2024-08-08,Laptop Dell Inspiron,4
2024-10-15,Monitor 24 pulgadas,7
2023-12-15,Laptop Dell Inspiron,20
2023-08-20,Monitor 24 pulgadas,18
2025-09-13,Memoria RAM 16GB,17
2023-08-26,Tarjeta Gráfica RTX 4060,9
2025-04-04,Tarjeta Gráfica RTX 4060,4
2025-04-18,Laptop Dell Inspiron,7
2023-12-06,Laptop Dell Inspiron,5
2025-01-01,Memoria RAM 16GB,17
2024-07-21,Monitor 24 pulgadas,5
2024-07-16,Procesador Ryzen 5,8
2023-08-31,Monitor 24 pulgadas,17
2026-02-23,Procesador Ryzen 5,6
2025-09-08,Memoria RAM 16GB,14
2024-08-16,Procesador Ryzen 5,15
2023-11-08,Memoria RAM 16GB,18
2025-04-27,Laptop Dell Inspiron,4
2023-05-13,Monitor 24 pulgadas,7
2025-10-14,Tarjeta Gráfica RTX 4060,3
2023-12-27,Procesador Ryzen 5,10
2023-06-10,Monitor 24 pulgadas,8
2025-01-22,Monitor 24 pulgadas,4
2024-03-24,Procesador Ryzen 5,6
2023-05-04,Tarjeta Gráfica RTX 4060,5
2023-04-14,Laptop Dell Inspiron,8
2023-06-10,Tarjeta Gráfica RTX 4060,3
2024-06-10,Procesador Ryzen 5,11
2025-09-10,Monitor 24 pulgadas,6
2024-11-29,Procesador Ryzen 5,35
2024-10-23,Monitor 24 pulgadas,4
2025-01-30,Laptop Dell Inspiron,4
2024-02-17,Memoria RAM 16GB,19
2025-11-26,Tarjeta Gráfica RTX 4060,28
2024-05-12,Procesador Ryzen 5,11
2024-12-12,Laptop Dell Inspiron,21
2023-08-06,Monitor 24 pulgadas,8
2025-04-23,Laptop Dell Inspiron,3
2024-07-30,Laptop Dell Inspiron,5
2023-04-09,Tarjeta Gráfica RTX 4060,4
2023-11-11,Tarjeta Gráfica RTX 4060,8
2025-05-24,Tarjeta Gráfica RTX 4060,6
2024-05-08,Monitor 24 pulgadas,9
2024-07-09,Laptop Dell Inspiron,5
2024-08-02,Procesador Ryzen 5,14
2026-03-20,Monitor 24 pulgadas,11
2023-05-12,Procesador Ryzen 5,10
2024-09-20,Laptop Dell Inspiron,6
2024-04-25,Memoria RAM 16GB,15
2025-02-19,Tarjeta Gráfica RTX 4060,4
2025-01-06,Memoria RAM 16GB,17
2025-04-14,Tarjeta Gráfica RTX 4060,1
2025-10-26,Monitor 24 pulgadas,6
2024-02-10,Procesador Ryzen 5,12
2023-10-05,Memoria RAM 16GB,17
2024-08-24,Procesador Ryzen 5,15
2026-03-05,Tarjeta Gráfica RTX 4060,5
2023-09-30,Monitor 24 pulgadas,9
2025-07-10,Laptop Dell Inspiron,2
2023-10-25,Laptop Dell Inspiron,2
2025-07-21,Tarjeta Gráfica RTX 4060,3
2024-09-02,Memoria RAM 16GB,17
2024-08-26,Laptop Dell Inspiron,17
2026-01-24,Laptop Dell Inspiron,10
2024-03-16,Tarjeta Gráfica RTX 4060,4
2023-06-21,Memoria RAM 16GB,14
2023-12-06,Tarjeta Gráfica RTX 4060,5
2025-12-14,Memoria RAM 16GB,31
2024-02-08,Memoria RAM 16GB,15
2024-05-26,Laptop Dell Inspiron,4
2024-06-06,Monitor 24 pulgadas,7
2023-12-16,Monitor 24 pulgadas,23
2023-09-18,Procesador Ryzen 5,7
2024-02-19,Monitor 24 pulgadas,4
2025-10-03,Memoria RAM 16GB,20
2023-09-15,Procesador Ryzen 5,14
2024-03-23,Monitor 24 pulgadas,12
2024-11-16,Procesador Ryzen 5,35
2025-06-21,Monitor 24 pulgadas,11
2023-12-22,Memoria RAM 16GB,33
2026-03-18,Laptop Dell Inspiron,6
2026-03-02,Laptop Dell Inspiron,6
2024-10-02,Laptop Dell Inspiron,7
2023-12-10,Memoria RAM 16GB,32
2023-10-14,Memoria RAM 16GB,16
2025-06-29,Laptop Dell Inspiron,6
2026-04-10,Laptop Dell Inspiron,7
2023-04-21,Tarjeta Gráfica RTX 4060,3
2025-08-18,Procesador Ryzen 5,10
2026-02-02,Tarjeta Gráfica RTX 4060,3
2025-04-17,Laptop Dell Inspiron,5
2024-11-23,Memoria RAM 16GB,46
2023-06-06,Laptop Dell Inspiron,7
2025-08-26,Procesador Ryzen 5,13
2024-03-01,Monitor 24 pulgadas,8
2024-09-17,Procesador Ryzen 5,10
2023-11-27,Monitor 24 pulgadas,30
2025-03-16,Tarjeta Gráfica RTX 4060,4
2025-04-28,Memoria RAM 16GB,17
2024-03-06,Tarjeta Gráfica RTX 4060,2
2026-01-23,Monitor 24 pulgadas,9
2024-02-07,Procesador Ryzen 5,11
2024-07-30,Memoria RAM 16GB,15
2023-09-11,Tarjeta Gráfica RTX 4060,3
2025-11-14,Laptop Dell Inspiron,9
2025-10-18,Procesador Ryzen 5,11
2024-10-22,Tarjeta Gráfica RTX 4060,5
2023-12-23,Laptop Dell Inspiron,20
2024-04-19,Memoria RAM 16GB,21
2023-06-05,Procesador Ryzen 5,11
2024-04-26,Laptop Dell Inspiron,9
2025-10-07,Tarjeta Gráfica RTX 4060,0
2023-11-08,Tarjeta Gráfica RTX 4060,0
2024-04-23,Tarjeta Gráfica RTX 4060,3
2025-01-24,Memoria RAM 16GB,18
2024-01-06,Procesador Ryzen 5,9
2023-08-10,Monitor 24 pulgadas,4
2024-09-29,Laptop Dell Inspiron,4
2023-11-24,Laptop Dell Inspiron,32
2025-01-11,Memoria RAM 16GB,18
2023-11-30,Laptop Dell Inspiron,27
2026-03-22,Laptop Dell Inspiron,7
2025-01-19,Monitor 24 pulgadas,8
2025-12-11,Procesador Ryzen 5,23
2026-03-04,Monitor 24 pulgadas,4
2023-09-24,Laptop Dell Inspiron,7
2025-06-17,Tarjeta Gráfica RTX 4060,4
2024-09-12,Laptop Dell Inspiron,5
2024-02-22,Memoria RAM 16GB,17
2023-08-07,Memoria RAM 16GB,14
2024-05-24,Procesador Ryzen 5,14
2026-02-01,Memoria RAM 16GB,18
2024-01-04,Procesador Ryzen 5,8
2024-09-10,Monitor 24 pulgadas,6
2024-08-19,Monitor 24 pulgadas,21
2026-01-06,Procesador Ryzen 5,7
2025-09-05,Tarjeta Gráfica RTX 4060,9
2025-01-25,Tarjeta Gráfica RTX 4060,7
2024-12-20,Tarjeta Gráfica RTX 4060,19
2026-02-05,Monitor 24 pulgadas,8
2024-08-09,Tarjeta Gráfica RTX 4060,7
2023-12-13,Tarjeta Gráfica RTX 4060,18
2025-11-05,Procesador Ryzen 5,9
2024-05-04,Monitor 24 pulgadas,8
2023-07-04,Laptop Dell Inspiron,6
2023-11-29,Laptop Dell Inspiron,27
2024-11-10,Procesador Ryzen 5,9
2025-03-02,Procesador Ryzen 5,8
2024-11-20,Monitor 24 pulgadas,30
2024-03-07,Laptop Dell Inspiron,2
2026-03-03,Memoria RAM 16GB,13
2026-02-07,Laptop Dell Inspiron,7
2023-12-25,Tarjeta Gráfica RTX 4060,3
2025-10-25,Procesador Ryzen 5,14
2024-11-26,Procesador Ryzen 5,33
2023-06-06,Procesador Ryzen 5,9
2023-10-26,Procesador Ryzen 5,10
2024-05-18,Tarjeta Gráfica RTX 4060,8
2025-09-10,Laptop Dell Inspiron,7
2023-09-15,Laptop Dell Inspiron,5
2023-09-05,Memoria RAM 16GB,17
2024-04-16,Tarjeta Gráfica RTX 4060,3
2023-12-11,Tarjeta Gráfica RTX 4060,19
2023-04-25,Monitor 24 pulgadas,4
2024-06-18,Tarjeta Gráfica RTX 4060,4
2025-05-11,Monitor 24 pulgadas,4
2025-04-20,Laptop Dell Inspiron,5
2025-02-10,Memoria RAM 16GB,18
2026-03-16,Memoria RAM 16GB,13
2025-08-12,Monitor 24 pulgadas,9
2026-02-13,Tarjeta Gráfica RTX 4060,5
2025-07-27,Monitor 24 pulgadas,5
2026-03-01,Tarjeta Gráfica RTX 4060,0
2024-05-04,Tarjeta Gráfica RTX 4060,4
2025-01-03,Laptop Dell Inspiron,8
2024-05-23,Tarjeta Gráfica RTX 4060,2
2025-02-03,Tarjeta Gráfica RTX 4060,0
2024-04-21,Monitor 24 pulgadas,6
2025-01-24,Tarjeta Gráfica RTX 4060,7
2024-01-06,Monitor 24 pulgadas,10
2023-11-02,Memoria RAM 16GB,18
2023-09-10,Laptop Dell Inspiron,7
2024-03-09,Procesador Ryzen 5,10
2023-11-13,Monitor 24 pulgadas,8
2024-10-29,Laptop Dell Inspiron,3
2024-02-14,Tarjeta Gráfica RTX 4060,0
2025-09-07,Monitor 24 pulgadas,8
2024-01-15,Tarjeta Gráfica RTX 4060,4
2023-04-06,Monitor 24 pulgadas,7
2024-11-22,Laptop Dell Inspiron,31
2024-11-13,Procesador Ryzen 5,9
2023-12-30,Tarjeta Gráfica RTX 4060,6
2025-07-25,Laptop Dell Inspiron,10
2026-02-22,Monitor 24 pulgadas,6
2023-04-06,Laptop Dell Inspiron,7
2026-03-22,Monitor 24 pulgadas,4
2024-07-07,Memoria RAM 16GB,14
2025-05-08,Monitor 24 pulgadas,8
2024-04-15,Tarjeta Gráfica RTX 4060,4
2024-03-10,Monitor 24 pulgadas,5
2025-06-29,Memoria RAM 16GB,14
2023-08-23,Monitor 24 pulgadas,18
2023-12-17,Monitor 24 pulgadas,24
2026-01-25,Monitor 24 pulgadas,7
2024-04-01,Procesador Ryzen 5,10
2024-10-02,Procesador Ryzen 5,6
2024-02-05,Memoria RAM 16GB,16
2025-01-16,Memoria RAM 16GB,16
2025-03-28,Tarjeta Gráfica RTX 4060,5
2026-03-28,Monitor 24 pulgadas,9
2026-01-16,Tarjeta Gráfica RTX 4060,7
2026-01-15,Memoria RAM 16GB,14
2024-05-11,Procesador Ryzen 5,9
2025-02-05,Monitor 24 pulgadas,7
2024-12-20,Monitor 24 pulgadas,27
2023-11-10,Tarjeta Gráfica RTX 4060,7
2023-05-14,Procesador Ryzen 5,10
2025-11-24,Procesador Ryzen 5,32
2023-07-10,Memoria RAM 16GB,18
2023-12-18,Laptop Dell Inspiron,18
2023-07-19,Memoria RAM 16GB,16
2023-04-26,Laptop Dell Inspiron,4
2024-03-14,Memoria RAM 16GB,18
2024-09-25,Laptop Dell Inspiron,3
2024-06-07,Laptop Dell Inspiron,6
2024-06-10,Monitor 24 pulgadas,6
2024-06-16,Laptop Dell Inspiron,4
2024-01-01,Memoria RAM 16GB,14
2023-05-04,Laptop Dell Inspiron,3
2024-03-27,Procesador Ryzen 5,9
2025-04-22,Memoria RAM 16GB,18
2025-06-23,Tarjeta Gráfica RTX 4060,0
2024-08-29,Memoria RAM 16GB,21
2025-02-03,Laptop Dell Inspiron,4
2025-04-14,Memoria RAM 16GB,15
2024-01-24,Laptop Dell Inspiron,5
2025-08-09,Memoria RAM 16GB,16
2025-12-28,Procesador Ryzen 5,9
2023-12-17,Tarjeta Gráfica RTX 4060,16
2025-04-02,Procesador Ryzen 5,11
2025-08-20,Monitor 24 pulgadas,17
2025-01-15,Memoria RAM 16GB,15
2023-05-25,Laptop Dell Inspiron,2
2025-01-02,Monitor 24 pulgadas,9
2024-01-22,Monitor 24 pulgadas,7
2023-07-23,Tarjeta Gráfica RTX 4060,3
2025-06-09,Memoria RAM 16GB,17
2023-05-24,Procesador Ryzen 5,6
2024-05-18,Memoria RAM 16GB,20
2024-02-09,Procesador Ryzen 5,12
2025-02-15,Monitor 24 pulgadas,8
2025-06-07,Procesador Ryzen 5,14
2025-12-21,Laptop Dell Inspiron,21
2023-10-13,Memoria RAM 16GB,18
2023-04-04,Tarjeta Gráfica RTX 4060,4
2023-09-17,Memoria RAM 16GB,17
2025-12-17,Tarjeta Gráfica RTX 4060,15
2025-07-02,Procesador Ryzen 5,10
2025-02-04,Laptop Dell Inspiron,7
2026-02-14,Laptop Dell Inspiron,7
2023-05-02,Procesador Ryzen 5,7
2025-12-24,Tarjeta Gráfica RTX 4060,18
2023-12-14,Tarjeta Gráfica RTX 4060,19
2025-08-10,Memoria RAM 16GB,16
2025-08-23,Memoria RAM 16GB,23
2025-03-08,Laptop Dell Inspiron,8
2025-03-13,Monitor 24 pulgadas,9
2025-09-11,Procesador Ryzen 5,11
2025-03-31,Monitor 24 pulgadas,7
2025-06-22,Monitor 24 pulgadas,8
2023-05-20,Monitor 24 pulgadas,7
2025-05-19,Laptop Dell Inspiron,2
2023-09-13,Memoria RAM 16GB,16
2024-02-03,Procesador Ryzen 5,12
2023-04-01,Memoria RAM 16GB,18
2026-04-02,Memoria RAM 16GB,14
2024-02-27,Monitor 24 pulgadas,5
2025-08-01,Laptop Dell Inspiron,10
2024-12-08,Memoria RAM 16GB,17
2024-08-12,Memoria RAM 16GB,17
2026-01-12,Monitor 24 pulgadas,6
2023-04-03,Procesador Ryzen 5,9
2024-02-21,Laptop Dell Inspiron,6
2025-07-08,Monitor 24 pulgadas,5
2023-05-21,Monitor 24 pulgadas,4
2023-07-07,Monitor 24 pulgadas,12
2025-10-18,Monitor 24 pulgadas,7
2023-08-11,Memoria RAM 16GB,16
2023-07-23,Procesador Ryzen 5,7
2024-05-13,Laptop Dell Inspiron,6
2026-01-16,Laptop Dell Inspiron,10
2025-12-18,Tarjeta Gráfica RTX 4060,16
2024-02-10,Monitor 24 pulgadas,11
2023-05-23,Laptop Dell Inspiron,4
2025-12-12,Monitor 24 pulgadas,24
2025-04-26,Monitor 24 pulgadas,12
2026-01-22,Monitor 24 pulgadas,5
2025-10-30,Memoria RAM 16GB,16
2023-06-11,Tarjeta Gráfica RTX 4060,0
2025-02-15,Memoria RAM 16GB,17
2023-06-15,Memoria RAM 16GB,13
2025-07-03,Laptop Dell Inspiron,5
2024-04-02,Tarjeta Gráfica RTX 4060,5
2024-08-05,Tarjeta Gráfica RTX 4060,0
2023-08-07,Laptop Dell Inspiron,7
2025-03-01,Tarjeta Gráfica RTX 4060,7
2024-08-28,Monitor 24 pulgadas,19
2025-01-13,Laptop Dell Inspiron,4
2025-11-06,Memoria RAM 16GB,18
2025-10-12,Memoria RAM 16GB,18
2024-10-26,Memoria RAM 16GB,16
2024-08-23,Tarjeta Gráfica RTX 4060,6
2025-04-04,Procesador Ryzen 5,13
2023-11-10,Laptop Dell Inspiron,6
2024-12-01,Tarjeta Gráfica RTX 4060,3
2023-08-10,Tarjeta Gráfica RTX 4060,3
2023-09-25,Tarjeta Gráfica RTX 4060,2
2023-10-17,Procesador Ryzen 5,11
2025-11-05,Monitor 24 pulgadas,4
2023-10-10,Monitor 24 pulgadas,8
2025-10-19,Memoria RAM 16GB,13
2023-05-23,Monitor 24 pulgadas,5
2025-10-09,Monitor 24 pulgadas,4
2025-02-24,Memoria RAM 16GB,13
2025-03-11,Memoria RAM 16GB,17
2026-01-28,Monitor 24 pulgadas,6
2025-05-16,Laptop Dell Inspiron,6
2025-05-06,Tarjeta Gráfica RTX 4060,2
2025-02-21,Memoria RAM 16GB,16
2024-09-25,Monitor 24 pulgadas,7
2025-11-11,Memoria RAM 16GB,15
2023-09-05,Procesador Ryzen 5,13
2023-08-26,Procesador Ryzen 5,14
2023-08-18,Tarjeta Gráfica RTX 4060,7
2026-01-30,Tarjeta Gráfica RTX 4060,4
2023-08-21,Tarjeta Gráfica RTX 4060,4
2025-12-24,Memoria RAM 16GB,31
2025-03-04,Monitor 24 pulgadas,7
2023-12-30,Monitor 24 pulgadas,10
2023-08-12,Memoria RAM 16GB,19
2023-09-20,Procesador Ryzen 5,6
2024-07-24,Memoria RAM 16GB,15
2025-04-09,Laptop Dell Inspiron,5
2024-08-15,Laptop Dell Inspiron,17
2024-11-27,Monitor 24 pulgadas,34
2025-08-31,Memoria RAM 16GB,21
2024-09-21,Memoria RAM 16GB,18
2026-02-18,Procesador Ryzen 5,9
2024-06-15,Monitor 24 pulgadas,8
2023-09-02,Laptop Dell Inspiron,21
2024-03-15,Tarjeta Gráfica RTX 4060,5
2023-12-12,Monitor 24 pulgadas,20
2025-09-24,Laptop Dell Inspiron,3
2026-01-26,Tarjeta Gráfica RTX 4060,2
2023-12-24,Tarjeta Gráfica RTX 4060,18
2023-05-03,Laptop Dell Inspiron,4
2025-11-24,Monitor 24 pulgadas,29
2023-10-11,Tarjeta Gráfica RTX 4060,3
2025-03-30,Monitor 24 pulgadas,8
2023-04-15,Procesador Ryzen 5,11
2026-03-28,Memoria RAM 16GB,19
2025-01-18,Monitor 24 pulgadas,9
2025-07-13,Laptop Dell Inspiron,5
2024-11-20,Tarjeta Gráfica RTX 4060,25
2023-09-30,Procesador Ryzen 5,13
2023-05-08,Memoria RAM 16GB,17
2026-01-17,Monitor 24 pulgadas,9
2024-09-10,Laptop Dell Inspiron,5
2024-08-18,Memoria RAM 16GB,21
2025-11-27,Tarjeta Gráfica RTX 4060,27
2026-02-03,Monitor 24 pulgadas,8
2023-12-20,Tarjeta Gráfica RTX 4060,20
2024-11-05,Procesador Ryzen 5,6
2025-04-25,Monitor 24 pulgadas,11
2025-04-06,Memoria RAM 16GB,14
2026-04-12,Procesador Ryzen 5,6
2025-07-18,Memoria RAM 16GB,21
2024-10-11,Procesador Ryzen 5,9
2024-10-06,Procesador Ryzen 5,10
2025-11-10,Laptop Dell Inspiron,7
2023-07-26,Tarjeta Gráfica RTX 4060,3
2024-05-15,Monitor 24 pulgadas,4
2025-06-25,Procesador Ryzen 5,8
2026-02-05,Tarjeta Gráfica RTX 4060,5
2024-05-06,Monitor 24 pulgadas,8
2026-03-18,Procesador Ryzen 5,10
2025-08-15,Monitor 24 pulgadas,19
2023-08-06,Laptop Dell Inspiron,6
2025-09-03,Tarjeta Gráfica RTX 4060,8
2024-07-06,Procesador Ryzen 5,14
2023-04-22,Procesador Ryzen 5,12
2023-06-07,Memoria RAM 16GB,18
2024-07-24,Laptop Dell Inspiron,3
2024-11-03,Monitor 24 pulgadas,5
2024-12-20,Laptop Dell Inspiron,20
2023-06-02,Procesador Ryzen 5,9
2025-05-04,Memoria RAM 16GB,18
2024-07-19,Procesador Ryzen 5,14
2023-05-14,Monitor 24 pulgadas,9
2023-09-19,Tarjeta Gráfica RTX 4060,5
2025-08-06,Memoria RAM 16GB,16
2026-02-19,Procesador Ryzen 5,9
2023-07-09,Laptop Dell Inspiron,6
2024-09-08,Monitor 24 pulgadas,8
2023-07-08,Laptop Dell Inspiron,8
2025-01-30,Monitor 24 pulgadas,5
2023-09-07,Procesador Ryzen 5,7
2025-07-31,Memoria RAM 16GB,17
2025-11-07,Procesador Ryzen 5,9
2024-07-13,Laptop Dell Inspiron,9
2026-01-02,Memoria RAM 16GB,18
2023-07-04,Tarjeta Gráfica RTX 4060,5
2024-06-17,Memoria RAM 16GB,16
2023-05-14,Memoria RAM 16GB,15
2025-10-01,Tarjeta Gráfica RTX 4060,1
2024-09-18,Laptop Dell Inspiron,7
2024-02-05,Laptop Dell Inspiron,7
2026-02-18,Laptop Dell Inspiron,2
2024-06-16,Procesador Ryzen 5,10
2025-03-23,Memoria RAM 16GB,16
2025-12-31,Memoria RAM 16GB,15
2024-07-18,Laptop Dell Inspiron,7
2025-12-19,Monitor 24 pulgadas,22
2023-08-09,Memoria RAM 16GB,13
2025-05-28,Memoria RAM 16GB,16
2023-11-12,Tarjeta Gráfica RTX 4060,0
2024-05-13,Memoria RAM 16GB,16
2023-10-01,Tarjeta Gráfica RTX 4060,5
2024-07-29,Memoria RAM 16GB,18
2024-05-23,Procesador Ryzen 5,10
2024-05-08,Tarjeta Gráfica RTX 4060,1
2025-03-19,Laptop Dell Inspiron,5
2025-11-29,Monitor 24 pulgadas,35
2025-05-05,Laptop Dell Inspiron,3
2025-10-09,Laptop Dell Inspiron,2
2024-11-14,Memoria RAM 16GB,17
2025-08-04,Laptop Dell Inspiron,6
2024-07-08,Memoria RAM 16GB,15
2024-08-17,Memoria RAM 16GB,24
2025-10-02,Tarjeta Gráfica RTX 4060,2
2024-05-02,Monitor 24 pulgadas,6
2025-07-07,Procesador Ryzen 5,7
2026-01-07,Monitor 24 pulgadas,5
2024-12-21,Tarjeta Gráfica RTX 4060,19
2025-11-19,Memoria RAM 16GB,38
2026-03-22,Procesador Ryzen 5,9
2025-02-27,Memoria RAM 16GB,17
2025-08-09,Tarjeta Gráfica RTX 4060,8
2025-10-23,Memoria RAM 16GB,16
2025-03-31,Tarjeta Gráfica RTX 4060,2
2025-10-22,Monitor 24 pulgadas,6
2025-02-08,Memoria RAM 16GB,19
2024-12-14,Laptop Dell Inspiron,23
2024-06-28,Laptop Dell Inspiron,5
2025-05-11,Memoria RAM 16GB,15
2025-11-24,Memoria RAM 16GB,40
2025-06-01,Procesador Ryzen 5,8
2023-05-17,Laptop Dell Inspiron,2
2024-04-15,Memoria RAM 16GB,14
2023-12-14,Memoria RAM 16GB,31
2024-09-04,Procesador Ryzen 5,11
2026-01-07,Memoria RAM 16GB,17
2025-05-26,Procesador Ryzen 5,9
2023-06-09,Procesador Ryzen 5,10
2025-02-28,Laptop Dell Inspiron,7
2023-10-08,Tarjeta Gráfica RTX 4060,1
2023-07-03,Tarjeta Gráfica RTX 4060,2
2025-01-28,Memoria RAM 16GB,15
2023-04-15,Monitor 24 pulgadas,7
2024-10-05,Monitor 24 pulgadas,8
2025-02-25,Memoria RAM 16GB,18
2023-10-22,Laptop Dell Inspiron,4
2026-01-30,Memoria RAM 16GB,19
2024-10-24,Tarjeta Gráfica RTX 4060,1
2026-01-09,Tarjeta Gráfica RTX 4060,7
2023-12-12,Laptop Dell Inspiron,20
2025-06-09,Tarjeta Gráfica RTX 4060,4
2025-06-04,Memoria RAM 16GB,17
2024-04-08,Procesador Ryzen 5,9
2025-04-30,Procesador Ryzen 5,9
2023-07-04,Memoria RAM 16GB,17
2024-11-12,Laptop Dell Inspiron,5
2025-06-05,Laptop Dell Inspiron,4
2025-02-10,Procesador Ryzen 5,7
2025-07-17,Tarjeta Gráfica RTX 4060,2
2023-12-23,Monitor 24 pulgadas,26
2025-12-09,Monitor 24 pulgadas,5
2025-08-31,Tarjeta Gráfica RTX 4060,7
2024-08-16,Laptop Dell Inspiron,20
2026-03-28,Tarjeta Gráfica RTX 4060,6
2024-07-13,Procesador Ryzen 5,11
2025-05-10,Monitor 24 pulgadas,8
2025-01-20,Monitor 24 pulgadas,8
2025-03-24,Tarjeta Gráfica RTX 4060,0
2026-02-15,Tarjeta Gráfica RTX 4060,3
2024-01-07,Procesador Ryzen 5,7
2024-12-03,Memoria RAM 16GB,13
2023-10-31,Memoria RAM 16GB,15
2024-03-11,Laptop Dell Inspiron,6
2026-01-01,Memoria RAM 16GB,18
2024-06-03,Procesador Ryzen 5,6
2024-10-31,Tarjeta Gráfica RTX 4060,2
2023-12-19,Procesador Ryzen 5,23
2024-11-19,Tarjeta Gráfica RTX 4060,27
2025-04-16,Monitor 24 pulgadas,5
2023-08-29,Laptop Dell Inspiron,14
2026-03-26,Procesador Ryzen 5,6
2025-12-17,Procesador Ryzen 5,26
2025-05-30,Laptop Dell Inspiron,9
2023-10-06,Procesador Ryzen 5,11
2024-02-09,Memoria RAM 16GB,19
2025-03-17,Procesador Ryzen 5,6
2023-04-25,Laptop Dell Inspiron,2
2023-09-15,Memoria RAM 16GB,18
2026-04-09,Procesador Ryzen 5,10
2025-10-08,Laptop Dell Inspiron,2
2025-11-18,Tarjeta Gráfica RTX 4060,26
2023-12-01,Procesador Ryzen 5,14
2025-05-02,Memoria RAM 16GB,18
2023-09-07,Tarjeta Gráfica RTX 4060,0
2024-03-29,Monitor 24 pulgadas,10
2025-01-28,Tarjeta Gráfica RTX 4060,2
2023-10-31,Tarjeta Gráfica RTX 4060,4
2024-11-21,Procesador Ryzen 5,33
2024-11-24,Tarjeta Gráfica RTX 4060,30
2025-11-03,Procesador Ryzen 5,6
2023-10-04,Monitor 24 pulgadas,4
2024-03-31,Laptop Dell Inspiron,2
2025-08-05,Procesador Ryzen 5,11
2026-01-05,Laptop Dell Inspiron,2
2024-05-25,Tarjeta Gráfica RTX 4060,7
2023-07-15,Tarjeta Gráfica RTX 4060,6
2024-05-28,Monitor 24 pulgadas,6
2023-10-31,Laptop Dell Inspiron,3
2023-11-11,Procesador Ryzen 5,12
2025-07-22,Procesador Ryzen 5,8
2023-12-11,Procesador Ryzen 5,25
2023-10-19,Procesador Ryzen 5,11
2024-03-08,Monitor 24 pulgadas,7
2023-12-02,Procesador Ryzen 5,10
2024-05-14,Laptop Dell Inspiron,4
2025-04-07,Laptop Dell Inspiron,3
2024-07-23,Monitor 24 pulgadas,9
2024-12-21,Memoria RAM 16GB,35
2023-04-02,Monitor 24 pulgadas,4
2025-08-23,Laptop Dell Inspiron,17
2025-03-27,Memoria RAM 16GB,15
2025-08-17,Laptop Dell Inspiron,14
2026-03-04,Tarjeta Gráfica RTX 4060,4
2023-12-23,Tarjeta Gráfica RTX 4060,22
2025-06-24,Procesador Ryzen 5,9
2024-02-27,Memoria RAM 16GB,13
2023-10-10,Tarjeta Gráfica RTX 4060,4
2025-06-14,Memoria RAM 16GB,21
2025-03-24,Laptop Dell Inspiron,2
2024-06-12,Monitor 24 pulgadas,5
2026-02-10,Laptop Dell Inspiron,5
2023-06-01,Tarjeta Gráfica RTX 4060,4
2026-01-20,Monitor 24 pulgadas,9
2024-12-13,Memoria RAM 16GB,35
2024-09-28,Monitor 24 pulgadas,7
2025-04-05,Procesador Ryzen 5,12
2024-04-18,Procesador Ryzen 5,10
2024-05-09,Memoria RAM 16GB,14
2024-03-30,Monitor 24 pulgadas,9
2024-10-04,Monitor 24 pulgadas,7
2026-02-23,Memoria RAM 16GB,16
2023-12-20,Monitor 24 pulgadas,23
2024-07-15,Memoria RAM 16GB,14
2023-11-18,Tarjeta Gráfica RTX 4060,28
2025-12-30,Laptop Dell Inspiron,3
2025-01-14,Tarjeta Gráfica RTX 4060,0
2023-11-15,Tarjeta Gráfica RTX 4060,25
2023-10-18,Memoria RAM 16GB,18
2024-03-19,Memoria RAM 16GB,17
2025-06-03,Procesador Ryzen 5,10
2025-07-05,Laptop Dell Inspiron,9
2025-10-06,Memoria RAM 16GB,16
2025-11-11,Tarjeta Gráfica RTX 4060,2
2025-07-20,Procesador Ryzen 5,10
2023-10-10,Procesador Ryzen 5,10
2026-03-29,Memoria RAM 16GB,14
2023-09-01,Memoria RAM 16GB,19
2025-10-29,Tarjeta Gráfica RTX 4060,0
2025-10-08,Memoria RAM 16GB,13
2023-08-13,Procesador Ryzen 5,9
2023-07-31,Monitor 24 pulgadas,8
2025-03-08,Procesador Ryzen 5,9
2024-10-05,Procesador Ryzen 5,9
2025-01-17,Procesador Ryzen 5,9
2026-03-08,Laptop Dell Inspiron,4
2025-12-09,Tarjeta Gráfica RTX 4060,2
2026-04-01,Tarjeta Gráfica RTX 4060,3
2024-01-19,Laptop Dell Inspiron,5
2024-04-27,Tarjeta Gráfica RTX 4060,3
2023-07-11,Tarjeta Gráfica RTX 4060,4
2023-04-28,Monitor 24 pulgadas,7
2024-03-30,Laptop Dell Inspiron,5
2025-07-11,Tarjeta Gráfica RTX 4060,8
2024-04-13,Laptop Dell Inspiron,6
2025-01-31,Tarjeta Gráfica RTX 4060,8
2025-12-17,Memoria RAM 16GB,30
2024-06-25,Memoria RAM 16GB,13
2023-06-06,Tarjeta Gráfica RTX 4060,0
2024-10-01,Monitor 24 pulgadas,9
2023-11-12,Monitor 24 pulgadas,5
2024-10-12,Tarjeta Gráfica RTX 4060,6
2025-11-08,Laptop Dell Inspiron,6
2025-11-11,Monitor 24 pulgadas,7
2023-05-02,Monitor 24 pulgadas,6
2025-11-23,Procesador Ryzen 5,31
2025-06-04,Laptop Dell Inspiron,6
2024-03-21,Procesador Ryzen 5,11
2025-11-17,Tarjeta Gráfica RTX 4060,27
2026-03-07,Memoria RAM 16GB,17
2025-03-14,Monitor 24 pulgadas,10
2023-07-24,Laptop Dell Inspiron,7
2026-02-25,Memoria RAM 16GB,17
2025-01-12,Laptop Dell Inspiron,5
2024-03-05,Tarjeta Gráfica RTX 4060,0
2025-10-29,Laptop Dell Inspiron,3
2025-04-30,Tarjeta Gráfica RTX 4060,5
2026-03-09,Laptop Dell Inspiron,5
2026-01-09,Monitor 24 pulgadas,8
2024-01-14,Laptop Dell Inspiron,3
2026-04-10,Monitor 24 pulgadas,7
2024-06-19,Tarjeta Gráfica RTX 4060,1
2025-08-07,Tarjeta Gráfica RTX 4060,1
2025-10-23,Tarjeta Gráfica RTX 4060,3
2024-12-23,Memoria RAM 16GB,28
2024-07-30,Monitor 24 pulgadas,5
2025-11-04,Procesador Ryzen 5,9
2025-08-27,Monitor 24 pulgadas,21
2024-07-25,Laptop Dell Inspiron,7
2025-01-22,Tarjeta Gráfica RTX 4060,0
2024-06-09,Memoria RAM 16GB,14
2024-02-06,Memoria RAM 16GB,14
2024-04-04,Procesador Ryzen 5,6
2025-04-24,Monitor 24 pulgadas,4
2024-09-30,Monitor 24 pulgadas,8
2024-03-18,Monitor 24 pulgadas,5
2023-04-22,Laptop Dell Inspiron,9
2026-01-03,Memoria RAM 16GB,19
2024-10-31,Memoria RAM 16GB,16
2025-03-03,Laptop Dell Inspiron,5
2023-11-28,Laptop Dell Inspiron,32
2025-07-28,Memoria RAM 16GB,15
2025-07-07,Tarjeta Gráfica RTX 4060,1
2024-06-15,Memoria RAM 16GB,21
2024-06-30,Memoria RAM 16GB,15
2025-08-29,Tarjeta Gráfica RTX 4060,11
2023-05-02,Memoria RAM 16GB,13
2024-08-02,Memoria RAM 16GB,17
2023-10-25,Tarjeta Gráfica RTX 4060,5
2023-07-07,Tarjeta Gráfica RTX 4060,6
2024-11-20,Procesador Ryzen 5,32
2025-01-06,Laptop Dell Inspiron,6
2025-09-06,Monitor 24 pulgadas,7
2023-04-22,Memoria RAM 16GB,16
2026-03-23,Memoria RAM 16GB,15
2025-10-16,Procesador Ryzen 5,7
2025-06-07,Memoria RAM 16GB,18
2025-09-25,Laptop Dell Inspiron,5
2026-02-19,Monitor 24 pulgadas,8
2023-12-30,Procesador Ryzen 5,14
2024-06-16,Tarjeta Gráfica RTX 4060,2
2024-02-05,Procesador Ryzen 5,8
2023-07-13,Memoria RAM 16GB,14
2025-09-30,Procesador Ryzen 5,7
2025-09-12,Laptop Dell Inspiron,9
2023-09-03,Procesador Ryzen 5,14
2024-12-14,Procesador Ryzen 5,28
2025-01-12,Procesador Ryzen 5,8
2026-03-12,Procesador Ryzen 5,8
2023-07-02,Monitor 24 pulgadas,7
2025-03-27,Tarjeta Gráfica RTX 4060,0
2025-05-03,Monitor 24 pulgadas,7
2025-11-14,Memoria RAM 16GB,21
2025-09-26,Laptop Dell Inspiron,8
2024-07-12,Tarjeta Gráfica RTX 4060,5
2026-02-20,Procesador Ryzen 5,12
2024-02-13,Monitor 24 pulgadas,8
2023-11-09,Tarjeta Gráfica RTX 4060,3
2024-04-18,Laptop Dell Inspiron,5
2025-02-01,Memoria RAM 16GB,19
2023-05-13,Tarjeta Gráfica RTX 4060,3
2025-07-24,Laptop Dell Inspiron,2
2025-07-27,Laptop Dell Inspiron,3
2025-10-31,Laptop Dell Inspiron,7
2026-02-24,Monitor 24 pulgadas,5
2025-06-25,Memoria RAM 16GB,16
2023-11-26,Memoria RAM 16GB,38
2023-04-04,Memoria RAM 16GB,16
2025-12-31,Monitor 24 pulgadas,7
2025-12-09,Memoria RAM 16GB,16
2025-06-14,Tarjeta Gráfica RTX 4060,6
2023-05-03,Memoria RAM 16GB,13
2024-06-08,Procesador Ryzen 5,10
2024-10-07,Memoria RAM 16GB,18
2026-01-17,Memoria RAM 16GB,21
2025-08-14,Tarjeta Gráfica RTX 4060,0
2023-08-23,Procesador Ryzen 5,12
2026-03-28,Procesador Ryzen 5,13
2024-09-03,Tarjeta Gráfica RTX 4060,5
2024-07-25,Memoria RAM 16GB,14
2025-09-22,Procesador Ryzen 5,11
2023-04-29,Procesador Ryzen 5,10
2025-01-04,Procesador Ryzen 5,10
2024-07-23,Procesador Ryzen 5,8
2023-06-30,Monitor 24 pulgadas,7
2024-06-10,Memoria RAM 16GB,14
2024-07-29,Tarjeta Gráfica RTX 4060,5
2025-12-14,Laptop Dell Inspiron,22
2023-08-26,Monitor 24 pulgadas,23
2024-03-31,Memoria RAM 16GB,15
2023-08-23,Memoria RAM 16GB,19
2023-07-09,Tarjeta Gráfica RTX 4060,2
2025-03-11,Laptop Dell Inspiron,7
2025-08-03,Tarjeta Gráfica RTX 4060,0
2024-05-29,Laptop Dell Inspiron,6
2024-10-17,Memoria RAM 16GB,14
2026-03-27,Laptop Dell Inspiron,10
2025-10-06,Tarjeta Gráfica RTX 4060,4
2025-09-27,Procesador Ryzen 5,13
2025-04-18,Procesador Ryzen 5,12
2025-09-20,Monitor 24 pulgadas,12
2024-10-23,Memoria RAM 16GB,15
2023-10-30,Laptop Dell Inspiron,2
2025-12-19,Laptop Dell Inspiron,23
2024-08-21,Procesador Ryzen 5,10
2023-04-10,Monitor 24 pulgadas,6
2025-06-30,Laptop Dell Inspiron,3
2023-04-05,Monitor 24 pulgadas,9
2024-09-21,Monitor 24 pulgadas,7
2025-02-10,Monitor 24 pulgadas,9
2025-01-02,Tarjeta Gráfica RTX 4060,5
2025-08-28,Memoria RAM 16GB,16
2025-09-16,Procesador Ryzen 5,9
2023-05-30,Monitor 24 pulgadas,7
2025-01-12,Memoria RAM 16GB,18
2025-09-19,Monitor 24 pulgadas,10
2024-05-20,Laptop Dell Inspiron,3
2026-02-09,Memoria RAM 16GB,15
2024-03-26,Tarjeta Gráfica RTX 4060,4
2024-09-19,Memoria RAM 16GB,14
2023-07-18,Tarjeta Gráfica RTX 4060,2
2025-12-22,Procesador Ryzen 5,22
2026-01-15,Procesador Ryzen 5,7
2024-05-22,Memoria RAM 16GB,15
2024-06-25,Procesador Ryzen 5,6
2024-03-25,Monitor 24 pulgadas,7
2024-09-24,Laptop Dell Inspiron,3
2024-02-20,Memoria RAM 16GB,14
2026-02-25,Laptop Dell Inspiron,7
2023-08-02,Tarjeta Gráfica RTX 4060,3
2023-08-03,Memoria RAM 16GB,16
2025-03-13,Procesador Ryzen 5,9
2024-02-25,Memoria RAM 16GB,14
2025-02-03,Procesador Ryzen 5,7
2024-03-22,Monitor 24 pulgadas,12
2024-01-11,Procesador Ryzen 5,7
2023-09-24,Procesador Ryzen 5,7
2024-05-05,Memoria RAM 16GB,14
2024-11-16,Memoria RAM 16GB,43
2025-06-11,Laptop Dell Inspiron,6
2024-09-27,Tarjeta Gráfica RTX 4060,7
2023-08-27,Tarjeta Gráfica RTX 4060,5
2025-06-04,Procesador Ryzen 5,11
2025-07-11,Procesador Ryzen 5,12
2025-08-17,Monitor 24 pulgadas,20
2023-06-02,Memoria RAM 16GB,21
2024-05-23,Monitor 24 pulgadas,8
2023-09-26,Laptop Dell Inspiron,5
2024-05-28,Procesador Ryzen 5,7
2024-11-27,Laptop Dell Inspiron,28
2023-06-17,Procesador Ryzen 5,14
2025-01-16,Procesador Ryzen 5,11
2024-07-01,Tarjeta Gráfica RTX 4060,2
2025-05-28,Monitor 24 pulgadas,8
2024-06-24,Tarjeta Gráfica RTX 4060,0
2025-09-18,Tarjeta Gráfica RTX 4060,0
2024-11-26,Memoria RAM 16GB,39
2025-12-14,Tarjeta Gráfica RTX 4060,20
2025-05-10,Memoria RAM 16GB,16
2025-06-28,Monitor 24 pulgadas,7
2025-07-29,Monitor 24 pulgadas,8
2024-08-21,Monitor 24 pulgadas,18
2025-05-14,Memoria RAM 16GB,18
2023-04-11,Laptop Dell Inspiron,6
2023-06-24,Tarjeta Gráfica RTX 4060,6
2023-10-15,Procesador Ryzen 5,7
2025-12-28,Tarjeta Gráfica RTX 4060,2
2025-10-26,Procesador Ryzen 5,6
2024-05-17,Monitor 24 pulgadas,11
2024-07-06,Monitor 24 pulgadas,8
2024-03-29,Memoria RAM 16GB,21
2024-10-04,Laptop Dell Inspiron,8
2024-10-21,Tarjeta Gráfica RTX 4060,3
2024-11-22,Memoria RAM 16GB,43
2023-05-09,Memoria RAM 16GB,18
2023-08-16,Procesador Ryzen 5,9
2024-05-14,Procesador Ryzen 5,8
2024-06-05,Procesador Ryzen 5,6
2025-08-29,Memoria RAM 16GB,20
2025-01-31,Laptop Dell Inspiron,10
2023-12-09,Monitor 24 pulgadas,12
2024-06-25,Monitor 24 pulgadas,6
2023-05-28,Monitor 24 pulgadas,6
2025-07-18,Laptop Dell Inspiron,8
2025-12-08,Memoria RAM 16GB,16
2025-07-10,Memoria RAM 16GB,14
2023-08-02,Monitor 24 pulgadas,8
2024-06-29,Monitor 24 pulgadas,10
2024-07-26,Laptop Dell Inspiron,10
2024-07-21,Memoria RAM 16GB,17
2025-03-17,Monitor 24 pulgadas,8
2026-01-23,Procesador Ryzen 5,13
2026-04-05,Tarjeta Gráfica RTX 4060,1
2024-04-29,Procesador Ryzen 5,9
2025-07-28,Procesador Ryzen 5,6
2024-03-22,Memoria RAM 16GB,20
2024-04-14,Memoria RAM 16GB,17
2025-12-27,Memoria RAM 16GB,19
2023-05-18,Laptop Dell Inspiron,4
2024-03-19,Monitor 24 pulgadas,5
2024-04-12,Memoria RAM 16GB,19
2025-08-13,Procesador Ryzen 5,10
2025-02-28,Memoria RAM 16GB,21
2025-03-03,Monitor 24 pulgadas,5
2025-10-06,Laptop Dell Inspiron,7
2023-07-15,Monitor 24 pulgadas,11
2024-03-17,Procesador Ryzen 5,9
2024-11-09,Laptop Dell Inspiron,8
2025-06-08,Memoria RAM 16GB,14
2023-07-06,Procesador Ryzen 5,6
2024-06-02,Tarjeta Gráfica RTX 4060,1
2023-10-16,Monitor 24 pulgadas,7
2024-08-22,Memoria RAM 16GB,17
2025-09-27,Tarjeta Gráfica RTX 4060,3
2024-11-20,Laptop Dell Inspiron,27
2025-07-12,Memoria RAM 16GB,16
2023-12-25,Memoria RAM 16GB,13
2024-06-14,Tarjeta Gráfica RTX 4060,3
2025-11-30,Monitor 24 pulgadas,31
2025-10-16,Tarjeta Gráfica RTX 4060,3
2024-12-06,Tarjeta Gráfica RTX 4060,7
2024-08-04,Memoria RAM 16GB,18
2023-05-16,Procesador Ryzen 5,9
2026-02-03,Memoria RAM 16GB,15
2024-11-06,Memoria RAM 16GB,15
2024-08-03,Memoria RAM 16GB,17
2024-08-11,Monitor 24 pulgadas,4
2023-07-27,Procesador Ryzen 5,10
2024-06-08,Memoria RAM 16GB,18
2025-11-05,Laptop Dell Inspiron,5
2025-06-30,Procesador Ryzen 5,9
2023-10-19,Memoria RAM 16GB,15
2025-10-17,Tarjeta Gráfica RTX 4060,4
2024-05-03,Procesador Ryzen 5,14
2024-03-09,Monitor 24 pulgadas,12
2025-03-11,Monitor 24 pulgadas,4
2025-11-16,Memoria RAM 16GB,40
2025-02-18,Tarjeta Gráfica RTX 4060,5
2023-05-08,Tarjeta Gráfica RTX 4060,1
2023-09-23,Procesador Ryzen 5,13
2024-05-17,Tarjeta Gráfica RTX 4060,8
2023-07-09,Monitor 24 pulgadas,7
2025-09-08,Monitor 24 pulgadas,5
2025-11-21,Procesador Ryzen 5,34
2024-12-14,Monitor 24 pulgadas,23
2024-04-27,Monitor 24 pulgadas,12
2023-10-02,Tarjeta Gráfica RTX 4060,4
2024-08-18,Procesador Ryzen 5,11
2024-05-30,Procesador Ryzen 5,10
2025-03-20,Monitor 24 pulgadas,8
2023-04-20,Tarjeta Gráfica RTX 4060,0
2024-08-18,Tarjeta Gráfica RTX 4060,3
2026-03-20,Memoria RAM 16GB,19
2023-04-06,Procesador Ryzen 5,9
2025-05-02,Laptop Dell Inspiron,8
2023-06-09,Memoria RAM 16GB,18
2025-03-29,Tarjeta Gráfica RTX 4060,5
2026-03-14,Laptop Dell Inspiron,5
2024-02-17,Procesador Ryzen 5,10
2023-11-29,Monitor 24 pulgadas,30
2025-08-14,Laptop Dell Inspiron,4
2024-04-23,Memoria RAM 16GB,13
2024-08-06,Laptop Dell Inspiron,2
2024-08-03,Monitor 24 pulgadas,11
2024-03-08,Procesador Ryzen 5,14
2024-08-20,Tarjeta Gráfica RTX 4060,5
2024-01-29,Procesador Ryzen 5,7
2023-11-29,Procesador Ryzen 5,36
2025-05-28,Procesador Ryzen 5,11
2023-09-12,Monitor 24 pulgadas,9
2025-06-22,Laptop Dell Inspiron,2
2023-05-17,Monitor 24 pulgadas,8
2026-03-31,Tarjeta Gráfica RTX 4060,3
2025-09-17,Procesador Ryzen 5,11
2024-09-28,Laptop Dell Inspiron,10
2024-07-25,Procesador Ryzen 5,9
2025-09-03,Memoria RAM 16GB,17
2023-06-04,Procesador Ryzen 5,9
2025-06-27,Tarjeta Gráfica RTX 4060,7
2025-03-15,Procesador Ryzen 5,13
2025-01-19,Tarjeta Gráfica RTX 4060,3
2025-12-22,Memoria RAM 16GB,32
2025-02-09,Monitor 24 pulgadas,7
2025-01-09,Memoria RAM 16GB,13
2026-02-01,Monitor 24 pulgadas,7
2024-07-04,Memoria RAM 16GB,14
2023-08-20,Memoria RAM 16GB,20
2025-04-28,Laptop Dell Inspiron,5
2026-02-05,Laptop Dell Inspiron,7
2026-04-01,Monitor 24 pulgadas,7
2024-05-24,Memoria RAM 16GB,17
2023-11-27,Procesador Ryzen 5,32
2024-10-21,Memoria RAM 16GB,14
2024-11-02,Monitor 24 pulgadas,8
2024-10-31,Monitor 24 pulgadas,7
2024-06-09,Laptop Dell Inspiron,2
2024-12-10,Tarjeta Gráfica RTX 4060,16
2025-10-04,Laptop Dell Inspiron,10
2023-08-23,Laptop Dell Inspiron,19
2024-04-30,Tarjeta Gráfica RTX 4060,2
2025-08-20,Laptop Dell Inspiron,18
2023-08-11,Monitor 24 pulgadas,9
2025-09-02,Memoria RAM 16GB,17
2025-04-03,Procesador Ryzen 5,8
2025-10-11,Procesador Ryzen 5,9
2024-05-01,Tarjeta Gráfica RTX 4060,3
2023-07-21,Laptop Dell Inspiron,10
2025-04-12,Memoria RAM 16GB,17
2023-09-12,Tarjeta Gráfica RTX 4060,0
2025-02-07,Procesador Ryzen 5,14
2024-12-21,Procesador Ryzen 5,27
2023-12-29,Memoria RAM 16GB,17
2026-01-12,Tarjeta Gráfica RTX 4060,5
2026-03-31,Memoria RAM 16GB,14
2025-04-01,Monitor 24 pulgadas,6
2025-09-18,Memoria RAM 16GB,15
2024-08-09,Memoria RAM 16GB,19
2025-08-09,Monitor 24 pulgadas,12
2023-04-17,Monitor 24 pulgadas,7
2025-05-06,Monitor 24 pulgadas,7
2024-06-22,Laptop Dell Inspiron,9
2024-02-01,Laptop Dell Inspiron,7
2025-12-29,Tarjeta Gráfica RTX 4060,0
2025-04-19,Monitor 24 pulgadas,7
2024-03-11,Memoria RAM 16GB,13
2024-11-19,Monitor 24 pulgadas,33
2024-06-11,Memoria RAM 16GB,17
2025-08-14,Procesador Ryzen 5,9
2024-01-12,Tarjeta Gráfica RTX 4060,4
2024-02-10,Tarjeta Gráfica RTX 4060,8
2024-11-17,Monitor 24 pulgadas,29
2025-03-02,Tarjeta Gráfica RTX 4060,4
2024-01-22,Laptop Dell Inspiron,3
2025-08-30,Laptop Dell Inspiron,22
2025-07-02,Memoria RAM 16GB,16
2024-01-29,Laptop Dell Inspiron,5
2026-03-12,Monitor 24 pulgadas,8
2024-02-24,Tarjeta Gráfica RTX 4060,4
2024-11-01,Laptop Dell Inspiron,8
2024-10-23,Procesador Ryzen 5,9
2025-01-10,Memoria RAM 16GB,17
2025-11-09,Monitor 24 pulgadas,7
2025-03-13,Laptop Dell Inspiron,5
2026-03-30,Tarjeta Gráfica RTX 4060,1
2025-02-16,Laptop Dell Inspiron,3
2023-06-04,Tarjeta Gráfica RTX 4060,2
2025-07-22,Memoria RAM 16GB,15
2024-04-17,Monitor 24 pulgadas,5
2025-11-20,Procesador Ryzen 5,36
2024-04-01,Monitor 24 pulgadas,9
2023-06-17,Monitor 24 pulgadas,9
2024-04-12,Procesador Ryzen 5,14
2024-12-26,Procesador Ryzen 5,7
2025-05-16,Memoria RAM 16GB,18
2023-12-08,Memoria RAM 16GB,19
2025-12-30,Memoria RAM 16GB,13
2023-12-10,Procesador Ryzen 5,25
2025-03-05,Memoria RAM 16GB,16
2023-09-25,Monitor 24 pulgadas,4
2025-11-06,Tarjeta Gráfica RTX 4060,4
2024-04-18,Tarjeta Gráfica RTX 4060,1
2025-05-04,Monitor 24 pulgadas,8
2024-10-30,Procesador Ryzen 5,8
2024-01-30,Memoria RAM 16GB,15
2025-01-30,Tarjeta Gráfica RTX 4060,2
2024-02-21,Procesador Ryzen 5,7
2025-10-20,Laptop Dell Inspiron,3
2023-07-17,Monitor 24 pulgadas,8
2025-05-24,Laptop Dell Inspiron,10
2025-12-15,Laptop Dell Inspiron,19
2024-09-19,Monitor 24 pulgadas,6
2025-04-05,Tarjeta Gráfica RTX 4060,5
2025-09-01,Monitor 24 pulgadas,17
2025-07-12,Procesador Ryzen 5,11
2025-08-05,Monitor 24 pulgadas,6
2025-07-29,Memoria RAM 16GB,15
2025-12-07,Laptop Dell Inspiron,6
2024-07-04,Laptop Dell Inspiron,7
2024-07-05,Tarjeta Gráfica RTX 4060,7
2023-06-22,Memoria RAM 16GB,18
2025-04-19,Laptop Dell Inspiron,9
2025-10-27,Memoria RAM 16GB,17
2024-03-12,Memoria RAM 16GB,18
2025-05-29,Laptop Dell Inspiron,3
2025-12-26,Memoria RAM 16GB,20
2023-08-09,Laptop Dell Inspiron,7
2023-09-19,Monitor 24 pulgadas,5
2025-08-16,Monitor 24 pulgadas,24
2025-02-01,Tarjeta Gráfica RTX 4060,3
2025-10-19,Procesador Ryzen 5,7
2024-12-04,Procesador Ryzen 5,7
2024-10-16,Memoria RAM 16GB,17
2023-08-27,Memoria RAM 16GB,17
2025-05-06,Laptop Dell Inspiron,3
2026-03-12,Memoria RAM 16GB,16
2023-09-17,Laptop Dell Inspiron,2
2023-07-25,Memoria RAM 16GB,18
2023-10-04,Procesador Ryzen 5,9
2025-08-23,Procesador Ryzen 5,16
2024-01-20,Laptop Dell Inspiron,6
2024-09-24,Procesador Ryzen 5,11
2025-08-21,Laptop Dell Inspiron,14
2023-09-13,Monitor 24 pulgadas,6
2024-05-28,Tarjeta Gráfica RTX 4060,0
2025-05-01,Monitor 24 pulgadas,5
2025-03-30,Laptop Dell Inspiron,6
2025-05-22,Tarjeta Gráfica RTX 4060,0
2024-02-28,Monitor 24 pulgadas,9
2024-01-14,Tarjeta Gráfica RTX 4060,0
2025-01-30,Procesador Ryzen 5,7
2025-04-29,Laptop Dell Inspiron,5
2025-11-15,Memoria RAM 16GB,44
2026-04-12,Tarjeta Gráfica RTX 4060,3
2023-07-01,Procesador Ryzen 5,14
2024-07-27,Monitor 24 pulgadas,9
2024-11-09,Memoria RAM 16GB,20
2024-12-30,Memoria RAM 16GB,14
2023-09-22,Memoria RAM 16GB,18
2023-08-26,Laptop Dell Inspiron,19
2023-11-27,Tarjeta Gráfica RTX 4060,29
2025-04-10,Memoria RAM 16GB,16
2023-08-24,Laptop Dell Inspiron,19
2024-12-29,Tarjeta Gráfica RTX 4060,2
2025-08-29,Laptop Dell Inspiron,18
2024-01-19,Procesador Ryzen 5,10
2024-12-17,Tarjeta Gráfica RTX 4060,17
2024-11-18,Procesador Ryzen 5,36
2024-03-01,Procesador Ryzen 5,12
2025-07-01,Memoria RAM 16GB,13
2023-05-11,Memoria RAM 16GB,13
2024-12-18,Memoria RAM 16GB,33
2023-09-27,Laptop Dell Inspiron,5
2026-01-31,Tarjeta Gráfica RTX 4060,6
2024-05-15,Laptop Dell Inspiron,7
2025-08-07,Monitor 24 pulgadas,7
2025-03-24,Procesador Ryzen 5,11
2023-05-18,Tarjeta Gráfica RTX 4060,5
2024-03-23,Memoria RAM 16GB,17
2025-11-12,Memoria RAM 16GB,14
2024-04-26,Monitor 24 pulgadas,8
2025-08-13,Monitor 24 pulgadas,6
2024-07-16,Monitor 24 pulgadas,8
2025-06-21,Memoria RAM 16GB,19
2024-03-29,Laptop Dell Inspiron,7
2026-03-10,Memoria RAM 16GB,16
2023-12-16,Laptop Dell Inspiron,22
2023-07-30,Memoria RAM 16GB,17
2024-08-04,Procesador Ryzen 5,7
2023-09-22,Procesador Ryzen 5,13
2023-08-29,Memoria RAM 16GB,21
2024-01-23,Procesador Ryzen 5,7
2023-10-11,Procesador Ryzen 5,6
2026-03-13,Laptop Dell Inspiron,7
2023-06-05,Laptop Dell Inspiron,7
2023-08-13,Monitor 24 pulgadas,9
2023-04-04,Laptop Dell Inspiron,2
2024-08-09,Laptop Dell Inspiron,5
2025-02-05,Laptop Dell Inspiron,2
2025-05-29,Procesador Ryzen 5,6
2025-09-23,Monitor 24 pulgadas,7
2025-07-21,Memoria RAM 16GB,13
2025-08-07,Laptop Dell Inspiron,2
2025-03-07,Laptop Dell Inspiron,7
2023-07-25,Procesador Ryzen 5,9
2025-07-03,Memoria RAM 16GB,18
2026-01-31,Procesador Ryzen 5,9
2025-04-25,Memoria RAM 16GB,19
2023-10-14,Laptop Dell Inspiron,6
2025-03-16,Procesador Ryzen 5,8
2026-01-17,Laptop Dell Inspiron,10
2026-03-14,Memoria RAM 16GB,17
2023-04-14,Procesador Ryzen 5,11
2023-04-13,Monitor 24 pulgadas,9
2024-01-18,Monitor 24 pulgadas,8
2024-02-12,Procesador Ryzen 5,10
2023-08-15,Procesador Ryzen 5,14
2023-11-08,Laptop Dell Inspiron,7
2023-07-17,Laptop Dell Inspiron,5
2024-02-07,Laptop Dell Inspiron,3
2024-12-07,Monitor 24 pulgadas,9
2024-10-18,Laptop Dell Inspiron,7
2024-01-01,Monitor 24 pulgadas,4
2024-02-19,Procesador Ryzen 5,10
2024-04-22,Laptop Dell Inspiron,5
2023-04-19,Procesador Ryzen 5,8
2025-10-28,Procesador Ryzen 5,11
2024-03-07,Procesador Ryzen 5,10
2026-01-05,Monitor 24 pulgadas,5
2023-04-02,Tarjeta Gráfica RTX 4060,5
2023-09-04,Memoria RAM 16GB,17
2025-01-27,Procesador Ryzen 5,8
2025-05-25,Monitor 24 pulgadas,7
2025-07-21,Monitor 24 pulgadas,4
2024-05-31,Laptop Dell Inspiron,6
2023-04-28,Memoria RAM 16GB,16
2023-09-28,Memoria RAM 16GB,15
2024-04-17,Memoria RAM 16GB,14
2024-04-20,Tarjeta Gráfica RTX 4060,3
2024-03-17,Memoria RAM 16GB,18
2023-04-22,Monitor 24 pulgadas,10
2024-05-18,Laptop Dell Inspiron,7
2025-09-05,Memoria RAM 16GB,23
2025-11-14,Monitor 24 pulgadas,11
2024-05-27,Procesador Ryzen 5,7
2026-01-16,Memoria RAM 16GB,16
2025-04-29,Memoria RAM 16GB,13
2024-12-06,Procesador Ryzen 5,10
2024-07-27,Memoria RAM 16GB,20
2025-06-24,Tarjeta Gráfica RTX 4060,1
2025-09-21,Monitor 24 pulgadas,7
2024-03-02,Laptop Dell Inspiron,10
2025-03-26,Memoria RAM 16GB,16
2023-06-24,Procesador Ryzen 5,11
2023-11-07,Memoria RAM 16GB,15
2025-12-25,Memoria RAM 16GB,13
2025-05-07,Laptop Dell Inspiron,3
2023-11-02,Procesador Ryzen 5,6
2023-06-25,Monitor 24 pulgadas,9
2024-03-08,Memoria RAM 16GB,19
2023-10-01,Memoria RAM 16GB,18
2025-09-06,Tarjeta Gráfica RTX 4060,8
2025-12-23,Laptop Dell Inspiron,18
2026-02-18,Tarjeta Gráfica RTX 4060,4
2023-08-09,Tarjeta Gráfica RTX 4060,4
2025-11-04,Memoria RAM 16GB,15
2024-12-01,Procesador Ryzen 5,10
2025-04-12,Laptop Dell Inspiron,9
2025-04-24,Procesador Ryzen 5,6
2023-11-09,Procesador Ryzen 5,11
2023-07-02,Memoria RAM 16GB,16
2025-12-04,Laptop Dell Inspiron,4
2024-08-11,Procesador Ryzen 5,7
2025-03-29,Procesador Ryzen 5,14
2025-03-31,Memoria RAM 16GB,14
2025-06-21,Laptop Dell Inspiron,9
2023-04-13,Memoria RAM 16GB,15
2023-08-12,Laptop Dell Inspiron,6
2024-12-23,Monitor 24 pulgadas,24
2023-09-23,Memoria RAM 16GB,16
2024-03-19,Tarjeta Gráfica RTX 4060,5
2025-11-04,Monitor 24 pulgadas,7
2025-07-05,Tarjeta Gráfica RTX 4060,5
2024-12-27,Memoria RAM 16GB,18
2023-06-21,Tarjeta Gráfica RTX 4060,5
2026-02-10,Procesador Ryzen 5,9
2023-06-12,Procesador Ryzen 5,8
2023-05-19,Memoria RAM 16GB,17
2023-07-27,Laptop Dell Inspiron,2
2024-04-06,Tarjeta Gráfica RTX 4060,6
2025-02-06,Laptop Dell Inspiron,6
2024-02-23,Monitor 24 pulgadas,11
2023-04-01,Monitor 24 pulgadas,12
2023-12-12,Memoria RAM 16GB,33
2023-12-02,Tarjeta Gráfica RTX 4060,4
2023-05-24,Monitor 24 pulgadas,7
2024-06-12,Memoria RAM 16GB,18
2024-10-28,Tarjeta Gráfica RTX 4060,3
2023-08-17,Procesador Ryzen 5,9
2025-10-04,Memoria RAM 16GB,17
2023-10-07,Tarjeta Gráfica RTX 4060,8
2025-07-24,Procesador Ryzen 5,10
2024-04-24,Laptop Dell Inspiron,6
2025-03-17,Memoria RAM 16GB,14
2026-01-11,Laptop Dell Inspiron,6
2023-05-03,Procesador Ryzen 5,10
2024-03-27,Laptop Dell Inspiron,3
2023-05-18,Monitor 24 pulgadas,7
2024-09-24,Tarjeta Gráfica RTX 4060,0
2025-09-11,Laptop Dell Inspiron,7
2026-01-13,Procesador Ryzen 5,8
2024-09-17,Tarjeta Gráfica RTX 4060,5
2024-02-20,Tarjeta Gráfica RTX 4060,3
2024-02-19,Laptop Dell Inspiron,4
2023-10-08,Procesador Ryzen 5,9
2023-04-14,Tarjeta Gráfica RTX 4060,7
2026-04-04,Laptop Dell Inspiron,8
2025-11-27,Laptop Dell Inspiron,29
2024-09-23,Laptop Dell Inspiron,3
2024-11-02,Tarjeta Gráfica RTX 4060,5
2025-06-01,Tarjeta Gráfica RTX 4060,3
2026-01-04,Laptop Dell Inspiron,4
2025-01-26,Monitor 24 pulgadas,6
2024-08-29,Procesador Ryzen 5,10
2025-04-26,Laptop Dell Inspiron,9
2025-08-28,Procesador Ryzen 5,12
2025-05-15,Memoria RAM 16GB,13
2023-08-15,Laptop Dell Inspiron,16
2025-01-08,Memoria RAM 16GB,15
2025-12-16,Memoria RAM 16GB,33
2026-03-07,Procesador Ryzen 5,13
2024-06-30,Monitor 24 pulgadas,8
2025-09-15,Laptop Dell Inspiron,5
2025-03-23,Procesador Ryzen 5,6
2023-04-19,Memoria RAM 16GB,16
2023-06-30,Laptop Dell Inspiron,8
2025-03-14,Memoria RAM 16GB,20
2025-07-08,Procesador Ryzen 5,9
2023-08-27,Monitor 24 pulgadas,20
2025-07-11,Monitor 24 pulgadas,11
2025-04-13,Laptop Dell Inspiron,6
2025-07-05,Monitor 24 pulgadas,10
2025-12-05,Monitor 24 pulgadas,8
2025-08-09,Procesador Ryzen 5,12
2023-04-23,Monitor 24 pulgadas,9
2023-05-26,Procesador Ryzen 5,11
2023-04-29,Memoria RAM 16GB,18
2024-04-29,Tarjeta Gráfica RTX 4060,2
2023-08-16,Tarjeta Gráfica RTX 4060,7
2025-12-29,Procesador Ryzen 5,7
2024-09-30,Laptop Dell Inspiron,7
2024-08-12,Laptop Dell Inspiron,6
2025-11-20,Monitor 24 pulgadas,30
2025-09-06,Laptop Dell Inspiron,10
2023-12-19,Monitor 24 pulgadas,22
2025-02-27,Procesador Ryzen 5,6
2024-09-01,Memoria RAM 16GB,18
2026-03-01,Laptop Dell Inspiron,3
2024-05-06,Laptop Dell Inspiron,7
2025-12-05,Procesador Ryzen 5,9
2024-11-09,Tarjeta Gráfica RTX 4060,7
2025-05-18,Monitor 24 pulgadas,6
2025-02-21,Monitor 24 pulgadas,11
2024-11-07,Laptop Dell Inspiron,5
2024-10-10,Laptop Dell Inspiron,6
2025-01-07,Laptop Dell Inspiron,4
2023-05-29,Monitor 24 pulgadas,8
2025-05-29,Monitor 24 pulgadas,6
2023-07-24,Tarjeta Gráfica RTX 4060,1
2024-08-15,Tarjeta Gráfica RTX 4060,5
2023-04-10,Laptop Dell Inspiron,3
2024-02-15,Memoria RAM 16GB,16
2025-02-01,Laptop Dell Inspiron,9
2025-03-16,Memoria RAM 16GB,14
2024-08-25,Monitor 24 pulgadas,17
2024-06-16,Monitor 24 pulgadas,6
2025-01-04,Laptop Dell Inspiron,8
2026-01-07,Procesador Ryzen 5,6
2024-12-30,Monitor 24 pulgadas,6
2024-01-01,Procesador Ryzen 5,10
2025-10-16,Laptop Dell Inspiron,6
2024-11-16,Tarjeta Gráfica RTX 4060,33
2025-04-03,Memoria RAM 16GB,14
2026-02-19,Tarjeta Gráfica RTX 4060,3
2024-11-14,Monitor 24 pulgadas,9
2024-09-05,Tarjeta Gráfica RTX 4060,7
2025-12-10,Procesador Ryzen 5,24
2024-02-29,Laptop Dell Inspiron,5
2023-06-11,Laptop Dell Inspiron,7
2025-05-01,Memoria RAM 16GB,18
2023-11-19,Monitor 24 pulgadas,29
2025-01-02,Procesador Ryzen 5,11
2025-11-22,Laptop Dell Inspiron,32
2024-04-19,Monitor 24 pulgadas,11
2024-05-17,Laptop Dell Inspiron,8
2025-06-10,Memoria RAM 16GB,18
2025-08-30,Monitor 24 pulgadas,19
2023-08-25,Monitor 24 pulgadas,24
2025-06-15,Procesador Ryzen 5,6
2023-11-06,Memoria RAM 16GB,13
2024-07-01,Laptop Dell Inspiron,2
2025-05-31,Memoria RAM 16GB,21
2023-07-14,Laptop Dell Inspiron,10
2024-03-12,Tarjeta Gráfica RTX 4060,5
2025-02-11,Procesador Ryzen 5,7
2026-01-28,Laptop Dell Inspiron,3
2024-07-19,Tarjeta Gráfica RTX 4060,4
2023-11-07,Monitor 24 pulgadas,6
2025-12-02,Laptop Dell Inspiron,3
2023-11-25,Procesador Ryzen 5,34
2023-11-20,Tarjeta Gráfica RTX 4060,26
2024-10-26,Procesador Ryzen 5,11
2024-02-24,Procesador Ryzen 5,12
2025-02-13,Monitor 24 pulgadas,6
2023-05-14,Tarjeta Gráfica RTX 4060,5
2024-09-12,Memoria RAM 16GB,18
2024-08-26,Tarjeta Gráfica RTX 4060,3
2025-10-17,Laptop Dell Inspiron,7
2023-07-01,Tarjeta Gráfica RTX 4060,7
2025-02-21,Tarjeta Gráfica RTX 4060,3
2024-09-09,Memoria RAM 16GB,15
2026-04-03,Laptop Dell Inspiron,10
2025-08-19,Memoria RAM 16GB,20
2025-05-12,Tarjeta Gráfica RTX 4060,3
2024-03-25,Procesador Ryzen 5,8
2024-04-14,Tarjeta Gráfica RTX 4060,4
2025-05-21,Monitor 24 pulgadas,5
2024-04-22,Monitor 24 pulgadas,7
2023-05-01,Procesador Ryzen 5,10
2023-04-21,Procesador Ryzen 5,11
2025-03-27,Procesador Ryzen 5,6
2025-04-27,Monitor 24 pulgadas,4
2025-01-25,Laptop Dell Inspiron,6
2024-09-27,Procesador Ryzen 5,14
2025-12-11,Memoria RAM 16GB,29
2023-12-28,Laptop Dell Inspiron,2
2026-02-21,Memoria RAM 16GB,17
2023-05-09,Monitor 24 pulgadas,5
2025-12-14,Monitor 24 pulgadas,23
2025-01-27,Monitor 24 pulgadas,4
2025-12-31,Laptop Dell Inspiron,4
2024-06-20,Memoria RAM 16GB,18
2023-05-08,Monitor 24 pulgadas,6
2023-05-05,Tarjeta Gráfica RTX 4060,5
2024-04-10,Procesador Ryzen 5,10
2024-07-23,Tarjeta Gráfica RTX 4060,2
2025-08-18,Memoria RAM 16GB,19
2023-04-25,Tarjeta Gráfica RTX 4060,1
2023-04-26,Procesador Ryzen 5,7
2023-05-10,Memoria RAM 16GB,17
2023-05-28,Memoria RAM 16GB,14
2025-08-22,Laptop Dell Inspiron,17
2025-06-07,Laptop Dell Inspiron,9
2023-08-06,Memoria RAM 16GB,13
2025-08-01,Monitor 24 pulgadas,10
2024-01-05,Laptop Dell Inspiron,5
2023-10-24,Memoria RAM 16GB,16
2025-08-01,Tarjeta Gráfica RTX 4060,7
2023-09-10,Procesador Ryzen 5,9
2025-05-18,Laptop Dell Inspiron,7
2024-06-13,Memoria RAM 16GB,17
2026-01-12,Laptop Dell Inspiron,2
2024-04-21,Procesador Ryzen 5,9
2023-05-26,Tarjeta Gráfica RTX 4060,5
2026-03-08,Procesador Ryzen 5,8
2024-12-12,Procesador Ryzen 5,26
2025-06-01,Monitor 24 pulgadas,5
2023-10-08,Monitor 24 pulgadas,8
2025-10-11,Monitor 24 pulgadas,8
2025-09-21,Laptop Dell Inspiron,2
2025-01-25,Procesador Ryzen 5,14
2025-01-20,Tarjeta Gráfica RTX 4060,4
2023-12-15,Procesador Ryzen 5,24
2026-01-26,Memoria RAM 16GB,13
2023-09-17,Monitor 24 pulgadas,4
2025-07-04,Monitor 24 pulgadas,11
2025-10-06,Monitor 24 pulgadas,5
2023-08-13,Laptop Dell Inspiron,5
2026-03-16,Tarjeta Gráfica RTX 4060,4
2025-01-05,Laptop Dell Inspiron,4
2023-09-06,Procesador Ryzen 5,8
2024-10-29,Procesador Ryzen 5,9
2025-05-20,Procesador Ryzen 5,7
2024-02-08,Laptop Dell Inspiron,5
2024-10-22,Laptop Dell Inspiron,3
2023-08-01,Monitor 24 pulgadas,9
2023-07-16,Tarjeta Gráfica RTX 4060,4
2026-01-24,Monitor 24 pulgadas,10
2024-08-26,Monitor 24 pulgadas,18
2025-04-04,Memoria RAM 16GB,18
2025-01-31,Monitor 24 pulgadas,10
2023-10-22,Memoria RAM 16GB,14
2024-05-09,Monitor 24 pulgadas,7
2023-11-29,Tarjeta Gráfica RTX 4060,29
2024-02-13,Procesador Ryzen 5,11
2023-07-06,Monitor 24 pulgadas,7
2024-08-07,Memoria RAM 16GB,17
2025-01-29,Laptop Dell Inspiron,7
2025-12-24,Laptop Dell Inspiron,18
2023-07-13,Procesador Ryzen 5,7
2023-12-08,Monitor 24 pulgadas,8
2025-12-19,Procesador Ryzen 5,26
2023-04-11,Procesador Ryzen 5,10
2023-11-02,Laptop Dell Inspiron,2
2023-09-06,Laptop Dell Inspiron,2
2024-11-08,Laptop Dell Inspiron,8
2024-08-01,Memoria RAM 16GB,15
2024-12-04,Monitor 24 pulgadas,9
2023-06-23,Monitor 24 pulgadas,8
2024-05-12,Memoria RAM 16GB,15
2023-07-23,Monitor 24 pulgadas,9
2026-02-23,Tarjeta Gráfica RTX 4060,0
2024-08-24,Tarjeta Gráfica RTX 4060,8
2025-02-12,Tarjeta Gráfica RTX 4060,4
2023-08-04,Tarjeta Gráfica RTX 4060,8
2025-10-02,Procesador Ryzen 5,9
2024-05-05,Procesador Ryzen 5,7
2025-01-11,Monitor 24 pulgadas,8
2023-10-12,Monitor 24 pulgadas,4
2025-04-05,Laptop Dell Inspiron,6
2024-11-08,Procesador Ryzen 5,9
2023-12-19,Memoria RAM 16GB,28
2024-07-21,Tarjeta Gráfica RTX 4060,2
2024-09-08,Procesador Ryzen 5,11
2025-04-20,Memoria RAM 16GB,18
2025-11-17,Procesador Ryzen 5,32
2024-08-07,Tarjeta Gráfica RTX 4060,3
2023-12-14,Procesador Ryzen 5,23
2023-11-21,Monitor 24 pulgadas,33
2023-04-08,Procesador Ryzen 5,14
2026-03-23,Laptop Dell Inspiron,4
2023-08-31,Memoria RAM 16GB,17
2023-11-16,Tarjeta Gráfica RTX 4060,26
2025-03-06,Memoria RAM 16GB,18
2024-01-29,Tarjeta Gráfica RTX 4060,2
2023-11-07,Procesador Ryzen 5,8
2024-10-09,Tarjeta Gráfica RTX 4060,0
2023-11-16,Memoria RAM 16GB,38
2023-12-08,Tarjeta Gráfica RTX 4060,7
2026-04-06,Memoria RAM 16GB,17
2024-06-28,Procesador Ryzen 5,12
2024-12-22,Procesador Ryzen 5,22
2025-06-16,Monitor 24 pulgadas,9
2023-05-26,Monitor 24 pulgadas,12
2024-08-29,Monitor 24 pulgadas,21
2024-07-23,Laptop Dell Inspiron,2
2023-11-05,Procesador Ryzen 5,6
2024-08-20,Monitor 24 pulgadas,20
2024-10-20,Procesador Ryzen 5,7
2025-12-18,Memoria RAM 16GB,33
2026-02-05,Memoria RAM 16GB,18
2024-01-14,Memoria RAM 16GB,17
2026-02-06,Tarjeta Gráfica RTX 4060,3
2023-07-22,Tarjeta Gráfica RTX 4060,4
2025-10-10,Laptop Dell Inspiron,9
2024-11-03,Memoria RAM 16GB,13
2026-01-16,Procesador Ryzen 5,10
2024-07-24,Monitor 24 pulgadas,5
2024-06-04,Monitor 24 pulgadas,9
2024-12-11,Laptop Dell Inspiron,22
2025-06-14,Monitor 24 pulgadas,9
2025-07-26,Monitor 24 pulgadas,10
2023-09-01,Monitor 24 pulgadas,19
2025-04-10,Tarjeta Gráfica RTX 4060,2
2023-08-27,Laptop Dell Inspiron,19
2023-04-30,Laptop Dell Inspiron,6
2024-12-27,Monitor 24 pulgadas,9
2024-10-24,Memoria RAM 16GB,18
2026-03-08,Tarjeta Gráfica RTX 4060,2
2024-10-02,Tarjeta Gráfica RTX 4060,4
2024-08-16,Tarjeta Gráfica RTX 4060,6
2025-08-28,Monitor 24 pulgadas,16
2024-09-19,Laptop Dell Inspiron,5
2025-06-09,Laptop Dell Inspiron,3
2024-01-16,Monitor 24 pulgadas,9
2025-12-06,Memoria RAM 16GB,17
2025-10-04,Monitor 24 pulgadas,9
2026-02-04,Memoria RAM 16GB,13
2024-05-10,Laptop Dell Inspiron,9
2024-09-11,Laptop Dell Inspiron,5
2024-01-08,Tarjeta Gráfica RTX 4060,5
2025-03-15,Tarjeta Gráfica RTX 4060,5
2024-09-21,Laptop Dell Inspiron,7
2025-11-07,Monitor 24 pulgadas,10
2025-07-01,Tarjeta Gráfica RTX 4060,4
2026-04-08,Monitor 24 pulgadas,6
2025-10-26,Laptop Dell Inspiron,4
2026-01-27,Tarjeta Gráfica RTX 4060,5
2023-10-29,Tarjeta Gráfica RTX 4060,0
2024-11-05,Memoria RAM 16GB,14
2023-06-05,Tarjeta Gráfica RTX 4060,2
2024-10-07,Laptop Dell Inspiron,3
2025-07-16,Laptop Dell Inspiron,7
2025-04-29,Monitor 24 pulgadas,8
2025-06-19,Procesador Ryzen 5,8
2023-05-10,Laptop Dell Inspiron,2
2023-12-24,Procesador Ryzen 5,26
2023-09-24,Memoria RAM 16GB,18
2024-11-10,Monitor 24 pulgadas,8
2025-12-07,Procesador Ryzen 5,7
2024-11-05,Monitor 24 pulgadas,6
2024-05-26,Memoria RAM 16GB,15
2023-09-04,Procesador Ryzen 5,14
2024-01-21,Procesador Ryzen 5,8
2024-01-03,Laptop Dell Inspiron,3
2025-01-10,Procesador Ryzen 5,13
2023-04-02,Procesador Ryzen 5,9
2023-08-24,Monitor 24 pulgadas,16
2025-12-10,Memoria RAM 16GB,30
2024-03-22,Laptop Dell Inspiron,5
2024-02-06,Laptop Dell Inspiron,5
2024-06-19,Laptop Dell Inspiron,5
2023-08-05,Procesador Ryzen 5,11
2023-11-07,Tarjeta Gráfica RTX 4060,1
2023-06-03,Laptop Dell Inspiron,7
2025-01-11,Laptop Dell Inspiron,8
2025-06-18,Monitor 24 pulgadas,5
2024-03-13,Tarjeta Gráfica RTX 4060,5
2024-07-30,Procesador Ryzen 5,8
2023-06-17,Memoria RAM 16GB,21
2026-01-07,Tarjeta Gráfica RTX 4060,3
2025-05-11,Procesador Ryzen 5,10
2023-12-02,Monitor 24 pulgadas,8
2026-02-04,Laptop Dell Inspiron,6
2025-12-01,Procesador Ryzen 5,8
2024-08-20,Memoria RAM 16GB,19
2025-08-10,Laptop Dell Inspiron,2
2023-09-03,Monitor 24 pulgadas,18
2024-11-14,Procesador Ryzen 5,7
2026-01-16,Monitor 24 pulgadas,10
2025-06-14,Procesador Ryzen 5,14
2025-12-29,Monitor 24 pulgadas,8
2024-10-02,Monitor 24 pulgadas,7
2024-02-28,Memoria RAM 16GB,14
2026-03-17,Monitor 24 pulgadas,6
2023-10-11,Laptop Dell Inspiron,2
2024-12-08,Tarjeta Gráfica RTX 4060,2
2025-12-13,Laptop Dell Inspiron,25
2025-11-08,Monitor 24 pulgadas,7
2023-05-29,Tarjeta Gráfica RTX 4060,3
2024-12-05,Memoria RAM 16GB,17
2024-07-14,Tarjeta Gráfica RTX 4060,0
2025-05-20,Memoria RAM 16GB,13
2025-12-06,Monitor 24 pulgadas,7
2025-11-29,Laptop Dell Inspiron,35
2025-10-12,Monitor 24 pulgadas,8
2025-03-18,Tarjeta Gráfica RTX 4060,2
2023-11-24,Monitor 24 pulgadas,32
2025-07-10,Tarjeta Gráfica RTX 4060,1
2024-10-14,Tarjeta Gráfica RTX 4060,2
2024-04-25,Tarjeta Gráfica RTX 4060,0
2023-10-01,Laptop Dell Inspiron,3
2025-01-21,Memoria RAM 16GB,17
2024-04-24,Tarjeta Gráfica RTX 4060,1
2025-01-22,Procesador Ryzen 5,9
2023-09-26,Memoria RAM 16GB,15
2026-01-22,Procesador Ryzen 5,10
2023-05-18,Procesador Ryzen 5,9
2024-01-17,Tarjeta Gráfica RTX 4060,2
2023-07-19,Procesador Ryzen 5,6
2023-09-29,Tarjeta Gráfica RTX 4060,7
2023-07-21,Tarjeta Gráfica RTX 4060,3
2026-02-14,Procesador Ryzen 5,11
2023-09-25,Memoria RAM 16GB,14
2024-03-17,Tarjeta Gráfica RTX 4060,2
2024-07-11,Memoria RAM 16GB,13
2024-11-19,Memoria RAM 16GB,39
2023-09-06,Tarjeta Gráfica RTX 4060,1
2024-10-09,Monitor 24 pulgadas,6
2025-03-02,Laptop Dell Inspiron,2
2023-05-21,Tarjeta Gráfica RTX 4060,4
2024-06-23,Monitor 24 pulgadas,5
2026-04-08,Tarjeta Gráfica RTX 4060,4
2025-08-15,Tarjeta Gráfica RTX 4060,7
2023-09-05,Laptop Dell Inspiron,16
2024-10-27,Monitor 24 pulgadas,4
2026-01-22,Laptop Dell Inspiron,6
2023-06-29,Monitor 24 pulgadas,9
2025-04-07,Tarjeta Gráfica RTX 4060,3
2026-03-06,Tarjeta Gráfica RTX 4060,4
2025-06-17,Monitor 24 pulgadas,5
2023-09-18,Tarjeta Gráfica RTX 4060,2
2025-02-13,Tarjeta Gráfica RTX 4060,5
2023-10-11,Memoria RAM 16GB,18
2023-07-04,Procesador Ryzen 5,7
2023-04-27,Laptop Dell Inspiron,7
2024-05-08,Memoria RAM 16GB,15
2023-04-06,Tarjeta Gráfica RTX 4060,1
2024-05-21,Monitor 24 pulgadas,6
2025-02-23,Monitor 24 pulgadas,5
2024-10-25,Procesador Ryzen 5,12
2025-04-05,Memoria RAM 16GB,19
2025-06-18,Memoria RAM 16GB,13
2023-11-20,Monitor 24 pulgadas,29
2023-04-06,Memoria RAM 16GB,14
2025-04-17,Procesador Ryzen 5,8
2025-07-06,Procesador Ryzen 5,11
2024-07-10,Tarjeta Gráfica RTX 4060,3
2023-08-20,Procesador Ryzen 5,10
2023-10-17,Monitor 24 pulgadas,7
2025-08-13,Memoria RAM 16GB,16
2025-04-07,Procesador Ryzen 5,10
2025-01-15,Laptop Dell Inspiron,5
2026-03-03,Laptop Dell Inspiron,2
2024-12-18,Laptop Dell Inspiron,21
2025-12-12,Procesador Ryzen 5,24
2024-09-21,Tarjeta Gráfica RTX 4060,3
2024-04-17,Procesador Ryzen 5,10
2023-05-11,Monitor 24 pulgadas,4
2024-03-28,Memoria RAM 16GB,13
2024-11-25,Laptop Dell Inspiron,29
2024-07-01,Procesador Ryzen 5,10
2023-04-17,Memoria RAM 16GB,16
2023-08-30,Procesador Ryzen 5,11
2024-06-28,Memoria RAM 16GB,21
2024-08-09,Procesador Ryzen 5,14
2024-11-14,Laptop Dell Inspiron,2
2025-05-30,Tarjeta Gráfica RTX 4060,4
2024-09-09,Procesador Ryzen 5,7
2024-04-28,Memoria RAM 16GB,13
2023-07-14,Tarjeta Gráfica RTX 4060,8
2024-10-13,Monitor 24 pulgadas,8
2023-07-23,Laptop Dell Inspiron,3
2025-10-29,Procesador Ryzen 5,7
2025-12-25,Monitor 24 pulgadas,5
2025-08-18,Tarjeta Gráfica RTX 4060,7
2025-02-25,Procesador Ryzen 5,10
2024-03-27,Memoria RAM 16GB,18
2023-06-30,Memoria RAM 16GB,19
2024-09-13,Laptop Dell Inspiron,10
2023-05-07,Procesador Ryzen 5,10
2024-09-02,Laptop Dell Inspiron,14
2024-04-26,Tarjeta Gráfica RTX 4060,7
2024-03-14,Tarjeta Gráfica RTX 4060,5
2026-01-18,Tarjeta Gráfica RTX 4060,4
2025-04-16,Tarjeta Gráfica RTX 4060,3
2024-01-03,Tarjeta Gráfica RTX 4060,1
2024-01-15,Procesador Ryzen 5,8
2024-07-15,Laptop Dell Inspiron,5
2023-12-03,Memoria RAM 16GB,16
2024-03-06,Memoria RAM 16GB,13
2026-02-01,Procesador Ryzen 5,6
2024-03-11,Procesador Ryzen 5,6
2023-07-06,Laptop Dell Inspiron,2
2025-02-05,Memoria RAM 16GB,15
2026-02-04,Monitor 24 pulgadas,8
2025-11-28,Procesador Ryzen 5,38
2024-06-29,Tarjeta Gráfica RTX 4060,7
2023-05-12,Monitor 24 pulgadas,8
2023-11-30,Procesador Ryzen 5,35
2025-09-29,Laptop Dell Inspiron,2
2024-11-26,Monitor 24 pulgadas,34
2025-11-23,Laptop Dell Inspiron,29
2024-07-16,Memoria RAM 16GB,15
2025-11-18,Laptop Dell Inspiron,28
2025-08-04,Tarjeta Gráfica RTX 4060,4
2026-01-01,Procesador Ryzen 5,7
2026-04-03,Tarjeta Gráfica RTX 4060,4
2025-12-22,Tarjeta Gráfica RTX 4060,18
2024-12-02,Tarjeta Gráfica RTX 4060,3
2024-01-03,Procesador Ryzen 5,9
2024-11-01,Tarjeta Gráfica RTX 4060,6
2026-03-25,Tarjeta Gráfica RTX 4060,3
2023-07-02,Procesador Ryzen 5,7
2023-09-17,Procesador Ryzen 5,6
2023-08-08,Laptop Dell Inspiron,5
2025-04-05,Monitor 24 pulgadas,12
2026-03-29,Monitor 24 pulgadas,6
2024-10-24,Laptop Dell Inspiron,4
2026-03-04,Laptop Dell Inspiron,4
2026-01-18,Procesador Ryzen 5,11
2024-10-15,Procesador Ryzen 5,8
2024-09-08,Laptop Dell Inspiron,6
2026-03-19,Tarjeta Gráfica RTX 4060,3
2025-04-18,Monitor 24 pulgadas,11
2023-09-04,Laptop Dell Inspiron,18
2025-10-21,Memoria RAM 16GB,16
2025-07-10,Monitor 24 pulgadas,8
2023-12-01,Memoria RAM 16GB,17
2025-03-29,Monitor 24 pulgadas,8
2024-07-03,Laptop Dell Inspiron,2
2025-09-24,Memoria RAM 16GB,15
2023-05-28,Procesador Ryzen 5,10
2023-06-19,Monitor 24 pulgadas,4
2024-07-06,Laptop Dell Inspiron,10
2026-02-27,Procesador Ryzen 5,12
2024-04-30,Memoria RAM 16GB,15
2023-04-21,Laptop Dell Inspiron,9
2023-11-05,Tarjeta Gráfica RTX 4060,1
2023-11-22,Monitor 24 pulgadas,32
2024-09-07,Monitor 24 pulgadas,10
2026-01-24,Procesador Ryzen 5,13
2023-09-16,Memoria RAM 16GB,18
2025-04-04,Monitor 24 pulgadas,7
2025-07-02,Monitor 24 pulgadas,5
2024-10-16,Tarjeta Gráfica RTX 4060,0
2024-09-12,Monitor 24 pulgadas,4
2025-02-07,Tarjeta Gráfica RTX 4060,4
2025-09-04,Memoria RAM 16GB,21
2023-10-13,Monitor 24 pulgadas,11
2025-05-20,Laptop Dell Inspiron,5
2024-11-20,Memoria RAM 16GB,41
2024-04-16,Procesador Ryzen 5,8
2024-10-15,Tarjeta Gráfica RTX 4060,4
2025-08-21,Procesador Ryzen 5,12
2025-03-21,Procesador Ryzen 5,11
2024-09-11,Memoria RAM 16GB,15
2023-09-11,Procesador Ryzen 5,6
2024-07-28,Procesador Ryzen 5,9
2024-02-11,Monitor 24 pulgadas,7
2025-09-05,Laptop Dell Inspiron,21
2023-05-10,Monitor 24 pulgadas,4
2024-11-30,Monitor 24 pulgadas,32
2023-11-27,Laptop Dell Inspiron,28
2024-08-02,Laptop Dell Inspiron,6
2026-02-24,Procesador Ryzen 5,11
2025-06-18,Laptop Dell Inspiron,5
2026-01-19,Procesador Ryzen 5,9
2024-10-09,Procesador Ryzen 5,11
2024-06-07,Monitor 24 pulgadas,7
2025-04-01,Tarjeta Gráfica RTX 4060,0
2025-02-19,Procesador Ryzen 5,7
2025-07-21,Laptop Dell Inspiron,2
2023-08-15,Memoria RAM 16GB,21
2023-10-16,Laptop Dell Inspiron,2
2025-10-26,Memoria RAM 16GB,17
2026-02-20,Memoria RAM 16GB,20
2023-11-17,Monitor 24 pulgadas,35
2025-05-26,Memoria RAM 16GB,15
2023-07-29,Memoria RAM 16GB,19
2023-12-27,Tarjeta Gráfica RTX 4060,3
2024-01-10,Memoria RAM 16GB,17
2024-12-02,Memoria RAM 16GB,18
2025-04-27,Procesador Ryzen 5,10
2025-05-27,Monitor 24 pulgadas,5
2024-08-07,Monitor 24 pulgadas,7
2024-12-27,Procesador Ryzen 5,11
2025-08-01,Memoria RAM 16GB,18
2024-04-10,Memoria RAM 16GB,16
2023-06-08,Tarjeta Gráfica RTX 4060,3
2024-05-30,Monitor 24 pulgadas,4
2024-09-15,Laptop Dell Inspiron,2
2024-12-01,Laptop Dell Inspiron,2
2024-01-17,Laptop Dell Inspiron,3
2025-09-15,Memoria RAM 16GB,14
2025-01-23,Tarjeta Gráfica RTX 4060,4
2025-05-14,Monitor 24 pulgadas,7
2023-08-16,Monitor 24 pulgadas,17
2024-06-04,Procesador Ryzen 5,11
2025-02-12,Procesador Ryzen 5,11
2023-12-23,Procesador Ryzen 5,27
2025-04-13,Procesador Ryzen 5,8
2025-03-19,Monitor 24 pulgadas,8
2024-12-21,Monitor 24 pulgadas,22
2025-02-15,Tarjeta Gráfica RTX 4060,5
2024-07-22,Monitor 24 pulgadas,6
2026-02-11,Memoria RAM 16GB,16
2025-07-09,Monitor 24 pulgadas,5
2024-08-11,Laptop Dell Inspiron,3
2024-12-21,Laptop Dell Inspiron,23
2025-03-26,Tarjeta Gráfica RTX 4060,5
2024-07-21,Laptop Dell Inspiron,3
2025-10-03,Monitor 24 pulgadas,12
2023-11-20,Laptop Dell Inspiron,27
2025-07-12,Laptop Dell Inspiron,8
2023-12-12,Procesador Ryzen 5,26
2025-07-19,Monitor 24 pulgadas,10
2025-02-20,Laptop Dell Inspiron,5
2023-11-03,Laptop Dell Inspiron,7
2024-07-03,Procesador Ryzen 5,11
2023-11-16,Laptop Dell Inspiron,31
2023-12-07,Tarjeta Gráfica RTX 4060,0
2024-07-07,Laptop Dell Inspiron,3
2023-08-23,Tarjeta Gráfica RTX 4060,8
2023-12-07,Monitor 24 pulgadas,7
2023-07-06,Memoria RAM 16GB,17
2023-06-27,Memoria RAM 16GB,16
2025-04-14,Monitor 24 pulgadas,6
2024-01-02,Monitor 24 pulgadas,5
2025-07-18,Tarjeta Gráfica RTX 4060,7
2023-06-20,Laptop Dell Inspiron,5
2024-04-21,Memoria RAM 16GB,17
2026-01-09,Laptop Dell Inspiron,9
2023-08-12,Tarjeta Gráfica RTX 4060,4
2025-09-21,Tarjeta Gráfica RTX 4060,1
2026-01-25,Tarjeta Gráfica RTX 4060,5
2025-04-15,Laptop Dell Inspiron,7
2023-11-06,Procesador Ryzen 5,8
2025-08-16,Memoria RAM 16GB,19
2025-08-11,Procesador Ryzen 5,6
2025-06-02,Memoria RAM 16GB,13
2024-03-31,Procesador Ryzen 5,9
2025-05-07,Monitor 24 pulgadas,5
2025-08-25,Memoria RAM 16GB,16
2023-10-18,Procesador Ryzen 5,6
2025-02-08,Monitor 24 pulgadas,11
2026-03-09,Procesador Ryzen 5,6
2023-07-17,Memoria RAM 16GB,18
2024-12-29,Procesador Ryzen 5,6
2024-04-14,Procesador Ryzen 5,11
2024-10-15,Laptop Dell Inspiron,3
2024-09-16,Procesador Ryzen 5,7
2025-09-20,Memoria RAM 16GB,18
2023-09-21,Monitor 24 pulgadas,9
2023-10-23,Tarjeta Gráfica RTX 4060,2
2024-01-02,Laptop Dell Inspiron,2
2023-11-01,Memoria RAM 16GB,13
2024-05-10,Memoria RAM 16GB,21
2024-07-17,Procesador Ryzen 5,9
2023-10-16,Procesador Ryzen 5,6
2025-04-06,Tarjeta Gráfica RTX 4060,2
2023-09-21,Procesador Ryzen 5,9
2023-10-24,Monitor 24 pulgadas,8
2024-08-14,Tarjeta Gráfica RTX 4060,4
2025-08-22,Memoria RAM 16GB,20
2026-04-03,Memoria RAM 16GB,19
2024-04-03,Monitor 24 pulgadas,9
2023-09-14,Monitor 24 pulgadas,4
2023-04-30,Memoria RAM 16GB,18
2025-07-12,Tarjeta Gráfica RTX 4060,5
2023-12-12,Tarjeta Gráfica RTX 4060,18
2024-01-16,Tarjeta Gráfica RTX 4060,3
2024-02-09,Monitor 24 pulgadas,12
2025-12-20,Tarjeta Gráfica RTX 4060,22
2023-06-27,Procesador Ryzen 5,11
2025-09-07,Memoria RAM 16GB,13
2024-12-11,Memoria RAM 16GB,28
2024-04-13,Memoria RAM 16GB,16
2024-02-12,Monitor 24 pulgadas,5
2024-02-16,Tarjeta Gráfica RTX 4060,8
2025-05-04,Procesador Ryzen 5,11
2025-02-16,Tarjeta Gráfica RTX 4060,2
2024-09-25,Tarjeta Gráfica RTX 4060,1
2025-11-26,Procesador Ryzen 5,31
2024-04-05,Memoria RAM 16GB,18
2025-02-09,Laptop Dell Inspiron,3
2024-02-03,Tarjeta Gráfica RTX 4060,8
2024-05-14,Monitor 24 pulgadas,5
2023-12-15,Tarjeta Gráfica RTX 4060,18
2026-02-16,Laptop Dell Inspiron,7
2026-04-11,Laptop Dell Inspiron,5
2023-10-21,Monitor 24 pulgadas,9
2026-03-11,Laptop Dell Inspiron,4
2025-11-24,Laptop Dell Inspiron,27
2026-02-21,Procesador Ryzen 5,11
2026-04-11,Monitor 24 pulgadas,10
2024-06-12,Procesador Ryzen 5,8
2025-07-18,Monitor 24 pulgadas,11
2024-06-09,Tarjeta Gráfica RTX 4060,3
2024-01-21,Laptop Dell Inspiron,4
2024-11-11,Tarjeta Gráfica RTX 4060,3
2024-03-13,Procesador Ryzen 5,6
2025-09-29,Tarjeta Gráfica RTX 4060,0
2025-08-07,Memoria RAM 16GB,14
2024-12-13,Monitor 24 pulgadas,22
2024-06-29,Procesador Ryzen 5,13
2024-09-22,Memoria RAM 16GB,15
2025-05-15,Procesador Ryzen 5,11
2023-05-26,Laptop Dell Inspiron,9
2024-03-06,Monitor 24 pulgadas,9
2023-06-13,Procesador Ryzen 5,10
2025-07-13,Procesador Ryzen 5,10
2025-11-22,Memoria RAM 16GB,43
2026-02-13,Procesador Ryzen 5,9
2024-08-22,Procesador Ryzen 5,13
2024-05-14,Tarjeta Gráfica RTX 4060,5
2024-12-11,Monitor 24 pulgadas,23
2023-12-29,Monitor 24 pulgadas,12
2024-12-25,Procesador Ryzen 5,7
2026-04-07,Monitor 24 pulgadas,6
2025-04-16,Procesador Ryzen 5,9
2025-02-13,Memoria RAM 16GB,15
2024-12-11,Tarjeta Gráfica RTX 4060,17
2024-07-14,Monitor 24 pulgadas,7
2023-04-10,Memoria RAM 16GB,16
2023-07-06,Tarjeta Gráfica RTX 4060,1
2023-12-08,Procesador Ryzen 5,9
2023-05-04,Procesador Ryzen 5,11
2023-10-02,Procesador Ryzen 5,10
2025-10-27,Laptop Dell Inspiron,6
2025-01-03,Memoria RAM 16GB,21
2025-04-10,Procesador Ryzen 5,9
2024-02-24,Laptop Dell Inspiron,5
2024-04-28,Procesador Ryzen 5,7
2024-05-12,Tarjeta Gráfica RTX 4060,4
2025-01-28,Monitor 24 pulgadas,8
2025-11-26,Laptop Dell Inspiron,28
2024-10-03,Memoria RAM 16GB,15
2024-08-10,Laptop Dell Inspiron,6
2025-11-01,Memoria RAM 16GB,17
2023-08-08,Tarjeta Gráfica RTX 4060,4
2025-06-27,Procesador Ryzen 5,14
2023-08-18,Laptop Dell Inspiron,22
2024-10-10,Tarjeta Gráfica RTX 4060,2
2023-08-07,Procesador Ryzen 5,9
2024-05-11,Memoria RAM 16GB,21
2025-01-31,Procesador Ryzen 5,13
2025-08-24,Monitor 24 pulgadas,20
2025-09-06,Memoria RAM 16GB,17
2023-06-25,Procesador Ryzen 5,8
2024-05-16,Monitor 24 pulgadas,7
2024-09-20,Memoria RAM 16GB,17
2025-06-15,Memoria RAM 16GB,13
2023-06-01,Memoria RAM 16GB,13
2025-12-30,Tarjeta Gráfica RTX 4060,3
2024-03-12,Monitor 24 pulgadas,5
2024-05-19,Procesador Ryzen 5,11
2026-01-14,Laptop Dell Inspiron,6
2024-12-26,Laptop Dell Inspiron,4
2025-06-06,Monitor 24 pulgadas,11
2026-01-20,Tarjeta Gráfica RTX 4060,1
2023-09-17,Tarjeta Gráfica RTX 4060,1
2026-03-27,Tarjeta Gráfica RTX 4060,8
2024-02-01,Tarjeta Gráfica RTX 4060,2
2025-11-15,Laptop Dell Inspiron,34
2024-04-18,Monitor 24 pulgadas,6
2025-12-04,Tarjeta Gráfica RTX 4060,1
2023-12-22,Tarjeta Gráfica RTX 4060,20
2025-10-31,Procesador Ryzen 5,10
2023-07-17,Procesador Ryzen 5,8
2025-05-31,Tarjeta Gráfica RTX 4060,5
2024-02-08,Tarjeta Gráfica RTX 4060,1
2025-05-03,Procesador Ryzen 5,13
2026-03-20,Procesador Ryzen 5,9
2023-12-26,Monitor 24 pulgadas,4
2025-04-19,Tarjeta Gráfica RTX 4060,6
2025-06-04,Monitor 24 pulgadas,5
2025-09-14,Memoria RAM 16GB,15
2026-02-22,Laptop Dell Inspiron,5
2023-04-10,Tarjeta Gráfica RTX 4060,1
2025-07-19,Procesador Ryzen 5,13
2025-11-01,Tarjeta Gráfica RTX 4060,3
2024-12-31,Procesador Ryzen 5,9
2023-11-19,Memoria RAM 16GB,38
2023-08-19,Monitor 24 pulgadas,23
2023-05-01,Tarjeta Gráfica RTX 4060,1
2025-06-16,Tarjeta Gráfica RTX 4060,5
2024-01-09,Monitor 24 pulgadas,7
2025-05-17,Tarjeta Gráfica RTX 4060,6
2023-07-14,Memoria RAM 16GB,21
2025-10-14,Procesador Ryzen 5,6
2026-02-18,Monitor 24 pulgadas,5
2026-01-04,Tarjeta Gráfica RTX 4060,2
2024-06-03,Memoria RAM 16GB,16
2024-01-30,Procesador Ryzen 5,7
2024-12-28,Monitor 24 pulgadas,9
2025-01-26,Tarjeta Gráfica RTX 4060,2
2024-03-16,Monitor 24 pulgadas,9
2025-03-15,Laptop Dell Inspiron,5
2026-01-02,Procesador Ryzen 5,12
2025-06-23,Procesador Ryzen 5,11
2023-08-14,Tarjeta Gráfica RTX 4060,0
2024-11-16,Monitor 24 pulgadas,33
2024-06-06,Tarjeta Gráfica RTX 4060,5
2023-04-16,Monitor 24 pulgadas,5
2025-09-07,Tarjeta Gráfica RTX 4060,3
2026-04-04,Tarjeta Gráfica RTX 4060,6
2025-09-29,Memoria RAM 16GB,13
2023-08-17,Monitor 24 pulgadas,17
2026-01-19,Tarjeta Gráfica RTX 4060,3
2023-07-22,Memoria RAM 16GB,21
2024-07-22,Tarjeta Gráfica RTX 4060,1
2023-08-28,Memoria RAM 16GB,17
2026-02-16,Procesador Ryzen 5,9
2024-07-31,Monitor 24 pulgadas,8
2024-09-03,Procesador Ryzen 5,10
2025-01-24,Laptop Dell Inspiron,8
2023-06-05,Memoria RAM 16GB,16
2025-10-31,Monitor 24 pulgadas,10
2024-12-23,Procesador Ryzen 5,26
2023-11-13,Procesador Ryzen 5,10
2024-06-07,Tarjeta Gráfica RTX 4060,7
2026-02-21,Laptop Dell Inspiron,5
2023-05-15,Monitor 24 pulgadas,4
2023-04-13,Procesador Ryzen 5,11
2023-09-18,Memoria RAM 16GB,13
2024-10-29,Tarjeta Gráfica RTX 4060,4
2023-06-20,Tarjeta Gráfica RTX 4060,2
2024-04-30,Procesador Ryzen 5,9
2025-03-23,Monitor 24 pulgadas,6
2026-02-02,Laptop Dell Inspiron,7
2024-11-28,Tarjeta Gráfica RTX 4060,25
2023-08-04,Memoria RAM 16GB,21
2023-10-02,Monitor 24 pulgadas,9
2024-05-04,Memoria RAM 16GB,16
2026-01-11,Procesador Ryzen 5,9
2023-10-06,Tarjeta Gráfica RTX 4060,8
2024-06-17,Monitor 24 pulgadas,4
2024-02-19,Tarjeta Gráfica RTX 4060,4
2026-01-23,Laptop Dell Inspiron,7
2024-06-13,Laptop Dell Inspiron,7
2024-04-03,Memoria RAM 16GB,15
2025-12-28,Memoria RAM 16GB,14
2023-10-27,Memoria RAM 16GB,17
2024-02-22,Tarjeta Gráfica RTX 4060,1
2026-01-14,Tarjeta Gráfica RTX 4060,2
2023-07-07,Memoria RAM 16GB,17
2025-12-27,Monitor 24 pulgadas,7
2024-07-31,Laptop Dell Inspiron,4
2025-08-26,Memoria RAM 16GB,18
2025-06-10,Tarjeta Gráfica RTX 4060,3
2024-03-03,Monitor 24 pulgadas,9
2023-05-15,Laptop Dell Inspiron,2
2025-02-25,Laptop Dell Inspiron,7
2024-05-10,Tarjeta Gráfica RTX 4060,8
2025-09-15,Procesador Ryzen 5,9
2025-06-05,Monitor 24 pulgadas,5
2026-03-20,Tarjeta Gráfica RTX 4060,5
2023-11-23,Monitor 24 pulgadas,31
2024-09-01,Tarjeta Gráfica RTX 4060,7
2024-10-20,Monitor 24 pulgadas,5
2026-03-25,Procesador Ryzen 5,11
2023-08-10,Memoria RAM 16GB,18
2024-06-27,Monitor 24 pulgadas,4
2024-02-06,Procesador Ryzen 5,9
2023-11-10,Monitor 24 pulgadas,8
2024-06-15,Tarjeta Gráfica RTX 4060,6
2025-05-06,Procesador Ryzen 5,10
2025-04-23,Memoria RAM 16GB,16
2026-03-16,Procesador Ryzen 5,9
2023-09-24,Monitor 24 pulgadas,5
2026-01-27,Procesador Ryzen 5,8
2024-02-13,Laptop Dell Inspiron,5
2023-05-11,Tarjeta Gráfica RTX 4060,1
2024-06-04,Tarjeta Gráfica RTX 4060,3
2024-06-03,Tarjeta Gráfica RTX 4060,4
2023-06-22,Procesador Ryzen 5,8
2024-10-17,Laptop Dell Inspiron,4
2024-07-08,Procesador Ryzen 5,7
2024-09-20,Tarjeta Gráfica RTX 4060,5
2025-11-30,Laptop Dell Inspiron,30
2024-01-31,Procesador Ryzen 5,9
2023-05-15,Procesador Ryzen 5,8
2023-08-22,Memoria RAM 16GB,20
2023-10-22,Monitor 24 pulgadas,5
2023-07-14,Monitor 24 pulgadas,7
2024-03-12,Laptop Dell Inspiron,6
2024-01-13,Tarjeta Gráfica RTX 4060,4
2024-04-19,Laptop Dell Inspiron,7
2024-06-07,Memoria RAM 16GB,18
2023-09-09,Tarjeta Gráfica RTX 4060,6
2024-02-18,Monitor 24 pulgadas,9
2023-08-03,Procesador Ryzen 5,8
2024-01-16,Laptop Dell Inspiron,4
2025-02-17,Laptop Dell Inspiron,7
2024-08-08,Tarjeta Gráfica RTX 4060,5
2024-03-23,Procesador Ryzen 5,10
2025-09-21,Memoria RAM 16GB,16
2024-09-09,Monitor 24 pulgadas,4
2023-06-03,Monitor 24 pulgadas,9
2024-05-01,Monitor 24 pulgadas,5
2023-09-26,Monitor 24 pulgadas,4
2025-02-04,Memoria RAM 16GB,16
2023-04-24,Monitor 24 pulgadas,6
2024-02-23,Memoria RAM 16GB,18
2023-09-12,Memoria RAM 16GB,18
2025-06-06,Laptop Dell Inspiron,7
2023-05-25,Monitor 24 pulgadas,6
2023-09-26,Tarjeta Gráfica RTX 4060,5
2024-12-09,Monitor 24 pulgadas,8
2025-08-24,Tarjeta Gráfica RTX 4060,8
2024-07-22,Memoria RAM 16GB,13
2023-09-08,Memoria RAM 16GB,16
2025-01-27,Laptop Dell Inspiron,3
2025-08-10,Monitor 24 pulgadas,4
2023-06-21,Laptop Dell Inspiron,6
2026-01-20,Laptop Dell Inspiron,6
2025-02-06,Monitor 24 pulgadas,9
2025-03-16,Monitor 24 pulgadas,7
2026-02-16,Monitor 24 pulgadas,4
2023-10-19,Tarjeta Gráfica RTX 4060,3
2026-01-03,Procesador Ryzen 5,14
2024-09-22,Laptop Dell Inspiron,4
2023-05-07,Laptop Dell Inspiron,2
2024-07-19,Monitor 24 pulgadas,10
2023-12-27,Memoria RAM 16GB,17
2025-09-03,Procesador Ryzen 5,11
2024-07-25,Tarjeta Gráfica RTX 4060,5
2025-10-14,Memoria RAM 16GB,16
2024-11-14,Tarjeta Gráfica RTX 4060,0
2024-04-17,Tarjeta Gráfica RTX 4060,4
2023-06-08,Monitor 24 pulgadas,6
2025-10-19,Laptop Dell Inspiron,6
2025-03-01,Monitor 24 pulgadas,7
2025-09-05,Procesador Ryzen 5,12
2026-02-07,Monitor 24 pulgadas,9
2023-05-25,Memoria RAM 16GB,15
2024-03-01,Memoria RAM 16GB,18
2023-04-20,Laptop Dell Inspiron,4
2023-10-28,Monitor 24 pulgadas,12
2025-06-28,Memoria RAM 16GB,19
2025-01-17,Monitor 24 pulgadas,12
2025-11-28,Memoria RAM 16GB,45
2023-12-28,Memoria RAM 16GB,18
2025-03-05,Tarjeta Gráfica RTX 4060,3
2025-02-02,Tarjeta Gráfica RTX 4060,5
2024-02-08,Monitor 24 pulgadas,6
2025-06-29,Tarjeta Gráfica RTX 4060,3
2025-08-12,Memoria RAM 16GB,13
2025-04-28,Procesador Ryzen 5,7
2024-10-29,Memoria RAM 16GB,13
2025-05-16,Tarjeta Gráfica RTX 4060,7
2026-02-15,Memoria RAM 16GB,17
2024-03-18,Laptop Dell Inspiron,2
2023-05-30,Tarjeta Gráfica RTX 4060,4
2024-11-15,Procesador Ryzen 5,35
2023-08-19,Laptop Dell Inspiron,22
2024-10-01,Procesador Ryzen 5,10
2025-02-01,Monitor 24 pulgadas,10
2023-09-16,Laptop Dell Inspiron,5
2025-05-04,Tarjeta Gráfica RTX 4060,5
2023-12-01,Monitor 24 pulgadas,9
2024-07-26,Tarjeta Gráfica RTX 4060,4
2025-11-03,Tarjeta Gráfica RTX 4060,5
2026-03-09,Memoria RAM 16GB,14
2026-01-29,Memoria RAM 16GB,16
2023-11-12,Laptop Dell Inspiron,5
2024-02-16,Monitor 24 pulgadas,9
2024-05-09,Tarjeta Gráfica RTX 4060,3
2024-03-04,Monitor 24 pulgadas,6
2024-09-06,Laptop Dell Inspiron,7
2025-05-14,Tarjeta Gráfica RTX 4060,4
2026-01-11,Monitor 24 pulgadas,9
2025-12-08,Procesador Ryzen 5,8
2024-08-22,Tarjeta Gráfica RTX 4060,4
2025-02-23,Memoria RAM 16GB,16
2024-11-04,Monitor 24 pulgadas,8
2023-05-09,Laptop Dell Inspiron,2
2023-12-29,Tarjeta Gráfica RTX 4060,6
2026-03-21,Monitor 24 pulgadas,11
2024-11-23,Tarjeta Gráfica RTX 4060,30
2024-05-07,Tarjeta Gráfica RTX 4060,1
2025-04-15,Tarjeta Gráfica RTX 4060,4
2024-04-30,Laptop Dell Inspiron,6
2024-11-25,Monitor 24 pulgadas,30
2026-03-27,Memoria RAM 16GB,21
2023-12-01,Laptop Dell Inspiron,10
2023-11-29,Memoria RAM 16GB,40
2025-02-04,Procesador Ryzen 5,10
2024-05-25,Laptop Dell Inspiron,6
2023-08-19,Tarjeta Gráfica RTX 4060,7
2023-12-29,Laptop Dell Inspiron,6
2025-09-10,Memoria RAM 16GB,18
2025-07-29,Laptop Dell Inspiron,7
2023-08-05,Monitor 24 pulgadas,8
2025-06-24,Monitor 24 pulgadas,7
2025-02-22,Laptop Dell Inspiron,7
2023-12-28,Procesador Ryzen 5,8
2025-08-29,Monitor 24 pulgadas,20
2024-09-25,Memoria RAM 16GB,14
2025-05-07,Procesador Ryzen 5,6
2025-01-14,Laptop Dell Inspiron,3
2023-07-21,Memoria RAM 16GB,19
2024-02-11,Procesador Ryzen 5,11
2024-07-18,Memoria RAM 16GB,17
2025-07-11,Memoria RAM 16GB,19
2025-08-15,Procesador Ryzen 5,17
2024-10-09,Memoria RAM 16GB,17
2023-06-15,Procesador Ryzen 5,8
2024-05-02,Tarjeta Gráfica RTX 4060,5
2025-10-05,Procesador Ryzen 5,10
2025-06-22,Tarjeta Gráfica RTX 4060,3
2023-07-31,Laptop Dell Inspiron,2
2024-12-28,Memoria RAM 16GB,19
2024-11-02,Laptop Dell Inspiron,5
2024-04-05,Procesador Ryzen 5,9
2025-09-09,Memoria RAM 16GB,17
2023-10-08,Memoria RAM 16GB,18
2025-09-26,Procesador Ryzen 5,13
2025-06-12,Monitor 24 pulgadas,5
2023-12-11,Memoria RAM 16GB,32
2025-01-09,Laptop Dell Inspiron,6
2024-07-06,Memoria RAM 16GB,20
2026-03-24,Laptop Dell Inspiron,3
2024-07-21,Procesador Ryzen 5,7
2026-01-12,Memoria RAM 16GB,13
2025-09-25,Memoria RAM 16GB,18
2023-06-18,Laptop Dell Inspiron,2
2025-02-26,Memoria RAM 16GB,18
2025-03-24,Monitor 24 pulgadas,5
2024-05-26,Tarjeta Gráfica RTX 4060,2
2024-01-30,Tarjeta Gráfica RTX 4060,3
2023-12-02,Memoria RAM 16GB,21
2025-09-20,Tarjeta Gráfica RTX 4060,8
2025-02-23,Laptop Dell Inspiron,7
2024-11-11,Procesador Ryzen 5,6
2026-03-07,Tarjeta Gráfica RTX 4060,3
2025-05-30,Procesador Ryzen 5,10
2024-11-16,Laptop Dell Inspiron,30
2023-10-25,Procesador Ryzen 5,9
2024-03-23,Laptop Dell Inspiron,7
2025-11-06,Laptop Dell Inspiron,7
2025-09-07,Laptop Dell Inspiron,4
2024-03-07,Monitor 24 pulgadas,7
2024-02-02,Laptop Dell Inspiron,7
2024-12-15,Tarjeta Gráfica RTX 4060,17
2023-10-04,Tarjeta Gráfica RTX 4060,0
2024-08-25,Tarjeta Gráfica RTX 4060,7
2025-08-30,Memoria RAM 16GB,19
2024-01-02,Memoria RAM 16GB,16
2024-10-26,Tarjeta Gráfica RTX 4060,3
2025-10-05,Monitor 24 pulgadas,8
2023-09-25,Procesador Ryzen 5,10
2025-03-05,Monitor 24 pulgadas,4
2024-08-04,Tarjeta Gráfica RTX 4060,5
2025-09-02,Monitor 24 pulgadas,16
2025-09-29,Monitor 24 pulgadas,5
2025-05-01,Laptop Dell Inspiron,7
2023-06-21,Monitor 24 pulgadas,9
2025-01-03,Procesador Ryzen 5,13
2025-10-29,Monitor 24 pulgadas,4
2025-05-16,Procesador Ryzen 5,9
2023-05-02,Tarjeta Gráfica RTX 4060,4
2023-10-17,Laptop Dell Inspiron,3
2025-10-03,Tarjeta Gráfica RTX 4060,4
2025-07-17,Procesador Ryzen 5,8
2026-01-08,Memoria RAM 16GB,17
2025-12-01,Tarjeta Gráfica RTX 4060,0
2025-02-22,Tarjeta Gráfica RTX 4060,5
2024-02-22,Procesador Ryzen 5,10
2023-08-05,Laptop Dell Inspiron,10
2025-12-08,Tarjeta Gráfica RTX 4060,3
2025-09-20,Procesador Ryzen 5,9
2024-05-31,Memoria RAM 16GB,18
2023-06-21,Procesador Ryzen 5,11
2024-07-12,Laptop Dell Inspiron,5
2025-08-26,Laptop Dell Inspiron,14
2023-09-10,Memoria RAM 16GB,17
2024-11-28,Procesador Ryzen 5,33
2023-12-06,Procesador Ryzen 5,7
2025-03-13,Tarjeta Gráfica RTX 4060,5
2024-08-01,Tarjeta Gráfica RTX 4060,0
2024-06-06,Laptop Dell Inspiron,3
2024-02-18,Tarjeta Gráfica RTX 4060,3
2025-02-11,Laptop Dell Inspiron,6
2024-11-08,Memoria RAM 16GB,17
2024-09-09,Laptop Dell Inspiron,5
2026-02-24,Laptop Dell Inspiron,5
2023-07-13,Laptop Dell Inspiron,5
2026-02-28,Monitor 24 pulgadas,8
2025-01-02,Laptop Dell Inspiron,4
2024-08-21,Laptop Dell Inspiron,17
2024-04-16,Monitor 24 pulgadas,6
2024-03-16,Procesador Ryzen 5,11
2025-10-03,Procesador Ryzen 5,13
2023-06-28,Laptop Dell Inspiron,6
2025-01-18,Procesador Ryzen 5,13
2024-01-25,Laptop Dell Inspiron,3
2024-09-28,Procesador Ryzen 5,11
2026-01-06,Tarjeta Gráfica RTX 4060,1
2025-06-12,Memoria RAM 16GB,16
2023-08-29,Monitor 24 pulgadas,16
2025-04-28,Tarjeta Gráfica RTX 4060,4
2025-01-03,Monitor 24 pulgadas,11
2023-06-24,Monitor 24 pulgadas,12
2023-05-01,Monitor 24 pulgadas,8
2025-06-20,Monitor 24 pulgadas,12
2024-10-05,Laptop Dell Inspiron,8
2024-10-13,Procesador Ryzen 5,11
2024-05-06,Procesador Ryzen 5,6
2024-11-04,Tarjeta Gráfica RTX 4060,4
2025-04-11,Memoria RAM 16GB,18
2023-07-18,Monitor 24 pulgadas,4
2026-04-02,Tarjeta Gráfica RTX 4060,2
2023-04-24,Procesador Ryzen 5,7
2024-02-26,Monitor 24 pulgadas,8
2023-11-17,Memoria RAM 16GB,42
2023-04-27,Procesador Ryzen 5,8
2024-01-06,Tarjeta Gráfica RTX 4060,7
2026-03-31,Procesador Ryzen 5,10
2025-02-17,Memoria RAM 16GB,17
2025-01-22,Laptop Dell Inspiron,7
2024-01-15,Monitor 24 pulgadas,7
2023-04-08,Tarjeta Gráfica RTX 4060,8
2023-06-15,Monitor 24 pulgadas,4
2024-06-22,Tarjeta Gráfica RTX 4060,3
2024-09-06,Procesador Ryzen 5,14
2025-12-01,Monitor 24 pulgadas,9
2023-12-19,Tarjeta Gráfica RTX 4060,15
2023-09-18,Laptop Dell Inspiron,3
2023-05-24,Memoria RAM 16GB,14
2025-09-11,Tarjeta Gráfica RTX 4060,2
2024-10-25,Laptop Dell Inspiron,9
2023-08-25,Memoria RAM 16GB,21
2024-10-19,Laptop Dell Inspiron,9
2025-09-26,Tarjeta Gráfica RTX 4060,5
2024-04-24,Procesador Ryzen 5,9
2026-03-29,Tarjeta Gráfica RTX 4060,5
2023-10-03,Procesador Ryzen 5,8
2025-09-15,Monitor 24 pulgadas,4
2026-03-16,Laptop Dell Inspiron,6
2025-06-20,Tarjeta Gráfica RTX 4060,7
2023-04-19,Tarjeta Gráfica RTX 4060,1
2024-08-18,Monitor 24 pulgadas,18
2023-09-15,Monitor 24 pulgadas,8
2023-09-29,Procesador Ryzen 5,11
2025-08-25,Monitor 24 pulgadas,16
2023-11-26,Tarjeta Gráfica RTX 4060,25
2025-03-07,Tarjeta Gráfica RTX 4060,7
2023-12-22,Procesador Ryzen 5,29
2023-07-18,Procesador Ryzen 5,10
2025-09-30,Memoria RAM 16GB,18
2025-03-21,Tarjeta Gráfica RTX 4060,5
2024-04-06,Monitor 24 pulgadas,12
2026-02-27,Laptop Dell Inspiron,6
2024-11-29,Tarjeta Gráfica RTX 4060,31
2026-03-23,Tarjeta Gráfica RTX 4060,0
2024-11-04,Memoria RAM 16GB,18
2026-04-02,Procesador Ryzen 5,11
2024-07-24,Tarjeta Gráfica RTX 4060,2
2023-07-03,Monitor 24 pulgadas,9
2024-02-10,Memoria RAM 16GB,21
2023-04-29,Laptop Dell Inspiron,5
2023-06-26,Tarjeta Gráfica RTX 4060,3
2025-07-06,Monitor 24 pulgadas,9
2025-07-01,Procesador Ryzen 5,9
2023-05-19,Monitor 24 pulgadas,9
2024-01-11,Monitor 24 pulgadas,9
2024-05-20,Monitor 24 pulgadas,4
2023-05-30,Laptop Dell Inspiron,2
2023-09-18,Monitor 24 pulgadas,8
2025-10-30,Tarjeta Gráfica RTX 4060,2
2025-06-15,Laptop Dell Inspiron,2
2023-09-04,Monitor 24 pulgadas,19
2025-05-05,Memoria RAM 16GB,17
2024-10-03,Procesador Ryzen 5,8
2026-02-02,Memoria RAM 16GB,18
2024-01-12,Laptop Dell Inspiron,8
2023-09-05,Tarjeta Gráfica RTX 4060,6
2024-08-14,Monitor 24 pulgadas,5
2025-09-28,Laptop Dell Inspiron,2
2024-07-26,Procesador Ryzen 5,12
2023-10-15,Tarjeta Gráfica RTX 4060,0
2024-10-23,Laptop Dell Inspiron,2
2023-07-01,Monitor 24 pulgadas,7
2025-09-05,Monitor 24 pulgadas,20
2025-07-31,Procesador Ryzen 5,6
2024-08-05,Laptop Dell Inspiron,6
2026-04-07,Procesador Ryzen 5,11
2024-04-18,Memoria RAM 16GB,15
2024-04-02,Memoria RAM 16GB,13
2025-05-23,Procesador Ryzen 5,11
2024-12-31,Monitor 24 pulgadas,6
2025-12-19,Memoria RAM 16GB,31
2024-05-19,Laptop Dell Inspiron,5
2026-03-30,Laptop Dell Inspiron,3
2026-04-05,Laptop Dell Inspiron,6
2024-07-17,Monitor 24 pulgadas,6
2025-11-09,Tarjeta Gráfica RTX 4060,5
2025-07-23,Monitor 24 pulgadas,8
2023-10-28,Procesador Ryzen 5,11
2026-01-08,Procesador Ryzen 5,11
2023-11-11,Memoria RAM 16GB,16
2023-05-17,Procesador Ryzen 5,6
2024-03-05,Procesador Ryzen 5,7
2025-09-17,Tarjeta Gráfica RTX 4060,5
2025-07-01,Laptop Dell Inspiron,2
2024-10-17,Monitor 24 pulgadas,5
2024-05-01,Procesador Ryzen 5,7
2025-09-17,Laptop Dell Inspiron,5
2023-04-17,Laptop Dell Inspiron,7
2025-05-13,Laptop Dell Inspiron,5
2025-11-13,Memoria RAM 16GB,15
2024-07-04,Procesador Ryzen 5,10
2024-12-27,Laptop Dell Inspiron,8
2025-05-17,Monitor 24 pulgadas,8
2026-02-11,Monitor 24 pulgadas,8
2025-06-19,Laptop Dell Inspiron,7
2023-11-16,Monitor 24 pulgadas,33
2025-11-22,Tarjeta Gráfica RTX 4060,30
2024-04-20,Memoria RAM 16GB,21
2024-06-26,Monitor 24 pulgadas,9
2025-11-21,Tarjeta Gráfica RTX 4060,33
2025-04-02,Monitor 24 pulgadas,6
2023-10-23,Laptop Dell Inspiron,6
2023-05-31,Procesador Ryzen 5,9
2025-07-31,Laptop Dell Inspiron,3
2026-03-24,Procesador Ryzen 5,8
2024-11-22,Monitor 24 pulgadas,37
2024-12-22,Tarjeta Gráfica RTX 4060,15
2023-04-09,Monitor 24 pulgadas,5
2024-01-24,Monitor 24 pulgadas,5
2024-10-08,Laptop Dell Inspiron,6
2023-11-05,Laptop Dell Inspiron,3
2023-10-21,Memoria RAM 16GB,19
2026-02-17,Monitor 24 pulgadas,4
2024-09-22,Procesador Ryzen 5,9
2023-09-26,Procesador Ryzen 5,7
2025-10-20,Tarjeta Gráfica RTX 4060,3
2024-11-03,Procesador Ryzen 5,10
2024-10-04,Procesador Ryzen 5,9
2023-05-11,Laptop Dell Inspiron,2
2023-10-03,Monitor 24 pulgadas,8
2025-10-01,Memoria RAM 16GB,13
2023-12-22,Laptop Dell Inspiron,20
2024-01-10,Procesador Ryzen 5,10
2026-03-05,Procesador Ryzen 5,7
2024-04-05,Tarjeta Gráfica RTX 4060,5
2024-05-07,Monitor 24 pulgadas,8
2023-08-13,Tarjeta Gráfica RTX 4060,1
2026-02-22,Procesador Ryzen 5,6
2024-01-21,Monitor 24 pulgadas,6
2024-01-17,Procesador Ryzen 5,8
2024-08-26,Procesador Ryzen 5,14
2024-11-08,Monitor 24 pulgadas,11
2026-01-04,Procesador Ryzen 5,7
2026-02-16,Memoria RAM 16GB,14
2024-10-11,Monitor 24 pulgadas,11
2026-01-06,Monitor 24 pulgadas,9
2023-12-21,Tarjeta Gráfica RTX 4060,15
2025-12-02,Tarjeta Gráfica RTX 4060,1
2025-06-29,Procesador Ryzen 5,8
2025-09-13,Tarjeta Gráfica RTX 4060,6
2024-09-09,Tarjeta Gráfica RTX 4060,4
2024-02-25,Laptop Dell Inspiron,5
2025-05-26,Laptop Dell Inspiron,5
2025-05-18,Procesador Ryzen 5,10
2023-06-20,Procesador Ryzen 5,11
2024-01-20,Monitor 24 pulgadas,10
2025-10-10,Tarjeta Gráfica RTX 4060,8
2023-08-17,Laptop Dell Inspiron,16
2023-04-16,Memoria RAM 16GB,16
2025-05-31,Procesador Ryzen 5,11
2025-06-09,Procesador Ryzen 5,10
2025-07-16,Procesador Ryzen 5,11
2025-01-10,Tarjeta Gráfica RTX 4060,4
2024-04-23,Laptop Dell Inspiron,4
2025-12-02,Monitor 24 pulgadas,8
2024-10-13,Laptop Dell Inspiron,5
2024-01-27,Memoria RAM 16GB,20
2025-11-16,Laptop Dell Inspiron,28
2025-11-19,Monitor 24 pulgadas,32
2025-07-08,Memoria RAM 16GB,14
2023-07-12,Monitor 24 pulgadas,4
2023-11-04,Monitor 24 pulgadas,8
2025-05-03,Tarjeta Gráfica RTX 4060,8
2025-03-03,Memoria RAM 16GB,18
2026-02-10,Tarjeta Gráfica RTX 4060,5
2025-01-21,Procesador Ryzen 5,11
2026-03-19,Laptop Dell Inspiron,6
2023-10-26,Tarjeta Gráfica RTX 4060,1
2024-11-01,Monitor 24 pulgadas,8
2024-02-14,Monitor 24 pulgadas,4
2024-11-19,Procesador Ryzen 5,34
2025-10-15,Tarjeta Gráfica RTX 4060,2
2023-09-13,Laptop Dell Inspiron,6
2024-05-24,Laptop Dell Inspiron,5
2025-02-26,Laptop Dell Inspiron,7
2024-08-15,Monitor 24 pulgadas,16
2024-08-06,Tarjeta Gráfica RTX 4060,1
2024-06-22,Monitor 24 pulgadas,7
2023-06-06,Memoria RAM 16GB,13
2025-11-22,Procesador Ryzen 5,39
2023-09-14,Laptop Dell Inspiron,5
2023-10-11,Monitor 24 pulgadas,5
2024-01-13,Laptop Dell Inspiron,8
2025-04-15,Monitor 24 pulgadas,4
2025-02-26,Tarjeta Gráfica RTX 4060,2
2024-09-11,Tarjeta Gráfica RTX 4060,5
2025-03-22,Monitor 24 pulgadas,7
2024-11-15,Memoria RAM 16GB,44
2025-01-24,Procesador Ryzen 5,10
2024-03-10,Memoria RAM 16GB,16
2023-10-14,Tarjeta Gráfica RTX 4060,3
2026-02-20,Tarjeta Gráfica RTX 4060,3
2024-05-03,Laptop Dell Inspiron,6
2026-01-03,Monitor 24 pulgadas,10
2024-07-10,Laptop Dell Inspiron,3
2026-03-02,Procesador Ryzen 5,9
2025-10-01,Procesador Ryzen 5,8
2026-02-09,Procesador Ryzen 5,10
2024-12-22,Laptop Dell Inspiron,19
2024-03-26,Memoria RAM 16GB,18
2023-08-12,Monitor 24 pulgadas,10
2023-06-07,Procesador Ryzen 5,7
2025-11-13,Procesador Ryzen 5,8
2023-11-21,Tarjeta Gráfica RTX 4060,25
2024-05-15,Tarjeta Gráfica RTX 4060,4
2025-07-29,Procesador Ryzen 5,6
2025-05-24,Monitor 24 pulgadas,7
2025-11-20,Memoria RAM 16GB,41
2024-05-04,Laptop Dell Inspiron,10
2026-03-25,Monitor 24 pulgadas,4
2024-03-18,Procesador Ryzen 5,11
2024-06-29,Laptop Dell Inspiron,5
2026-01-10,Procesador Ryzen 5,9
2026-01-17,Procesador Ryzen 5,9
2025-06-26,Memoria RAM 16GB,18
2024-08-23,Memoria RAM 16GB,19
2024-02-16,Memoria RAM 16GB,20
2025-03-25,Monitor 24 pulgadas,8
2025-06-07,Monitor 24 pulgadas,7
2024-06-05,Memoria RAM 16GB,16
2024-02-19,Memoria RAM 16GB,18
2023-12-30,Laptop Dell Inspiron,10
2024-05-13,Monitor 24 pulgadas,6
2025-06-02,Laptop Dell Inspiron,3
2023-10-30,Tarjeta Gráfica RTX 4060,3
2024-04-24,Memoria RAM 16GB,14
2024-09-10,Memoria RAM 16GB,17
2026-04-08,Laptop Dell Inspiron,7
2023-08-19,Memoria RAM 16GB,22
2024-08-19,Memoria RAM 16GB,18
2023-12-15,Monitor 24 pulgadas,23
2025-03-09,Memoria RAM 16GB,13
2024-02-18,Procesador Ryzen 5,10
2025-02-18,Procesador Ryzen 5,11
2024-07-01,Memoria RAM 16GB,16
2024-09-20,Procesador Ryzen 5,9
2025-07-25,Procesador Ryzen 5,14
2024-09-10,Tarjeta Gráfica RTX 4060,5
2023-04-26,Tarjeta Gráfica RTX 4060,3
2025-08-17,Memoria RAM 16GB,16
2025-03-12,Procesador Ryzen 5,11
2024-06-15,Laptop Dell Inspiron,8
2024-07-06,Tarjeta Gráfica RTX 4060,4
2023-11-28,Memoria RAM 16GB,43
2024-02-03,Laptop Dell Inspiron,9
2024-03-25,Laptop Dell Inspiron,7
2024-04-27,Laptop Dell Inspiron,9
2023-05-13,Procesador Ryzen 5,14
2023-11-19,Procesador Ryzen 5,33
2026-01-23,Memoria RAM 16GB,20
2025-04-22,Tarjeta Gráfica RTX 4060,1
2023-12-05,Memoria RAM 16GB,15
2024-05-16,Procesador Ryzen 5,6
2023-04-16,Laptop Dell Inspiron,6
2025-04-15,Memoria RAM 16GB,14
2023-06-29,Tarjeta Gráfica RTX 4060,5
2024-10-08,Memoria RAM 16GB,13
2025-07-26,Tarjeta Gráfica RTX 4060,6
2025-09-01,Laptop Dell Inspiron,17
2025-03-10,Tarjeta Gráfica RTX 4060,2
2025-11-18,Memoria RAM 16GB,42
2025-04-18,Tarjeta Gráfica RTX 4060,3
2026-01-11,Tarjeta Gráfica RTX 4060,1
2025-02-23,Tarjeta Gráfica RTX 4060,2
2025-08-08,Tarjeta Gráfica RTX 4060,8
2023-12-30,Memoria RAM 16GB,16
2026-01-31,Monitor 24 pulgadas,7
2025-05-07,Tarjeta Gráfica RTX 4060,0
2025-11-03,Memoria RAM 16GB,17
2024-12-24,Tarjeta Gráfica RTX 4060,20
2025-12-23,Tarjeta Gráfica RTX 4060,18
2025-10-05,Laptop Dell Inspiron,3
2025-12-19,Tarjeta Gráfica RTX 4060,20
2024-03-21,Memoria RAM 16GB,17
2023-05-13,Laptop Dell Inspiron,6
2023-06-13,Memoria RAM 16GB,18
2024-08-24,Laptop Dell Inspiron,17
2025-01-17,Tarjeta Gráfica RTX 4060,7
2024-09-14,Procesador Ryzen 5,11
2023-07-10,Laptop Dell Inspiron,4
2024-03-19,Procesador Ryzen 5,7
2025-06-01,Laptop Dell Inspiron,7
2025-02-07,Laptop Dell Inspiron,5
2023-07-29,Monitor 24 pulgadas,12
2025-05-20,Tarjeta Gráfica RTX 4060,0
2023-12-05,Procesador Ryzen 5,11
2024-04-13,Monitor 24 pulgadas,9
2023-04-24,Tarjeta Gráfica RTX 4060,5
2024-10-12,Memoria RAM 16GB,20
2023-08-28,Monitor 24 pulgadas,18
2026-04-06,Laptop Dell Inspiron,4
2024-12-01,Monitor 24 pulgadas,5
2024-10-27,Laptop Dell Inspiron,3
2024-11-12,Monitor 24 pulgadas,4
2025-05-17,Memoria RAM 16GB,21
2023-07-16,Memoria RAM 16GB,15
2024-04-20,Laptop Dell Inspiron,6
2026-04-06,Monitor 24 pulgadas,7
2024-10-11,Memoria RAM 16GB,21
2025-05-28,Laptop Dell Inspiron,3
2024-02-06,Tarjeta Gráfica RTX 4060,3
2023-06-13,Monitor 24 pulgadas,5
2024-04-15,Procesador Ryzen 5,6
2024-11-13,Laptop Dell Inspiron,2
2023-04-21,Memoria RAM 16GB,19
2024-03-04,Procesador Ryzen 5,7
2025-09-04,Procesador Ryzen 5,14
2025-07-06,Tarjeta Gráfica RTX 4060,4
2023-04-12,Tarjeta Gráfica RTX 4060,5
2024-04-04,Monitor 24 pulgadas,4
2024-07-13,Monitor 24 pulgadas,11
2024-10-17,Tarjeta Gráfica RTX 4060,1
2024-01-09,Laptop Dell Inspiron,4
2024-07-04,Monitor 24 pulgadas,6
2024-01-20,Tarjeta Gráfica RTX 4060,6
2024-06-01,Memoria RAM 16GB,17
2023-09-23,Laptop Dell Inspiron,5
2025-04-14,Laptop Dell Inspiron,4
2024-01-27,Procesador Ryzen 5,9
2024-01-19,Tarjeta Gráfica RTX 4060,8
2023-07-30,Monitor 24 pulgadas,5
2023-10-26,Laptop Dell Inspiron,4
2023-09-28,Monitor 24 pulgadas,4
2025-10-13,Monitor 24 pulgadas,6
2024-01-13,Memoria RAM 16GB,18
2024-01-01,Tarjeta Gráfica RTX 4060,5
2024-09-15,Procesador Ryzen 5,6
2024-10-27,Procesador Ryzen 5,11
2024-03-03,Tarjeta Gráfica RTX 4060,0
2025-02-18,Laptop Dell Inspiron,5
2026-02-15,Procesador Ryzen 5,6
2024-07-02,Procesador Ryzen 5,7
2024-06-06,Procesador Ryzen 5,8
2025-12-18,Procesador Ryzen 5,23
2024-06-08,Monitor 24 pulgadas,8
2024-02-07,Monitor 24 pulgadas,5
2025-12-30,Procesador Ryzen 5,6
2024-05-29,Memoria RAM 16GB,13
2023-12-11,Monitor 24 pulgadas,22
2023-11-24,Tarjeta Gráfica RTX 4060,29
2023-07-28,Procesador Ryzen 5,10
2023-12-01,Tarjeta Gráfica RTX 4060,6
2024-10-28,Memoria RAM 16GB,17
2024-02-20,Procesador Ryzen 5,9
2025-09-24,Procesador Ryzen 5,6
2025-03-20,Memoria RAM 16GB,17
2023-11-04,Tarjeta Gráfica RTX 4060,4
2024-06-19,Monitor 24 pulgadas,8
2023-08-08,Procesador Ryzen 5,7
2024-07-08,Laptop Dell Inspiron,2
2023-06-28,Tarjeta Gráfica RTX 4060,2
2024-10-14,Laptop Dell Inspiron,6
2024-07-22,Procesador Ryzen 5,7
2024-03-16,Laptop Dell Inspiron,6
2025-02-24,Laptop Dell Inspiron,7
2023-04-08,Memoria RAM 16GB,17
2024-03-08,Tarjeta Gráfica RTX 4060,8
2025-03-03,Tarjeta Gráfica RTX 4060,5
2023-09-29,Memoria RAM 16GB,17
2023-05-22,Monitor 24 pulgadas,9
2024-12-07,Procesador Ryzen 5,13
2023-09-15,Tarjeta Gráfica RTX 4060,4
2025-05-11,Tarjeta Gráfica RTX 4060,4
2023-04-03,Monitor 24 pulgadas,7
2026-01-21,Laptop Dell Inspiron,7
2024-08-14,Procesador Ryzen 5,6
2023-07-24,Procesador Ryzen 5,10
2023-06-20,Memoria RAM 16GB,14
2025-06-08,Tarjeta Gráfica RTX 4060,3
2026-01-14,Memoria RAM 16GB,17
2026-01-04,Monitor 24 pulgadas,5
2024-12-10,Monitor 24 pulgadas,22
2023-05-20,Procesador Ryzen 5,11
2023-04-18,Memoria RAM 16GB,15
2023-05-29,Procesador Ryzen 5,7
2025-11-26,Memoria RAM 16GB,39
2025-02-14,Laptop Dell Inspiron,10
2025-07-30,Memoria RAM 16GB,15
2026-01-28,Procesador Ryzen 5,8
2024-07-20,Monitor 24 pulgadas,7
2026-03-17,Tarjeta Gráfica RTX 4060,1
2025-05-28,Tarjeta Gráfica RTX 4060,2
2024-02-07,Tarjeta Gráfica RTX 4060,3
2023-09-02,Memoria RAM 16GB,22
2025-08-03,Monitor 24 pulgadas,8
2024-11-13,Tarjeta Gráfica RTX 4060,3
2024-05-28,Memoria RAM 16GB,13
2026-03-13,Tarjeta Gráfica RTX 4060,5
2024-03-30,Memoria RAM 16GB,19
2026-03-09,Tarjeta Gráfica RTX 4060,4
2023-12-04,Tarjeta Gráfica RTX 4060,1
2025-09-27,Laptop Dell Inspiron,10
2025-09-17,Memoria RAM 16GB,18
2024-10-06,Tarjeta Gráfica RTX 4060,1
2025-06-27,Laptop Dell Inspiron,10
2025-07-20,Memoria RAM 16GB,18
2025-01-05,Memoria RAM 16GB,13
2025-12-03,Monitor 24 pulgadas,5
2023-10-09,Monitor 24 pulgadas,6
2024-07-15,Procesador Ryzen 5,10
2024-01-29,Monitor 24 pulgadas,7
2024-08-09,Monitor 24 pulgadas,9
2025-05-10,Procesador Ryzen 5,9
2023-06-04,Monitor 24 pulgadas,4
2024-02-12,Tarjeta Gráfica RTX 4060,1
2024-02-05,Tarjeta Gráfica RTX 4060,4
2026-02-06,Memoria RAM 16GB,16
2025-06-27,Monitor 24 pulgadas,12
2025-01-29,Tarjeta Gráfica RTX 4060,3
2025-12-06,Procesador Ryzen 5,11
2025-05-02,Procesador Ryzen 5,11
2025-09-02,Procesador Ryzen 5,12
2024-09-02,Monitor 24 pulgadas,17
2024-08-30,Memoria RAM 16GB,20
2025-01-29,Monitor 24 pulgadas,5
2025-09-19,Tarjeta Gráfica RTX 4060,6
2024-05-30,Tarjeta Gráfica RTX 4060,4
2023-10-02,Laptop Dell Inspiron,5
2023-07-26,Memoria RAM 16GB,14
2025-07-04,Tarjeta Gráfica RTX 4060,6
2023-10-28,Memoria RAM 16GB,17
2023-04-27,Memoria RAM 16GB,14
2025-10-21,Monitor 24 pulgadas,8
2024-11-04,Laptop Dell Inspiron,5
2026-01-22,Tarjeta Gráfica RTX 4060,5
2025-06-28,Laptop Dell Inspiron,5
2024-12-03,Procesador Ryzen 5,6
2025-07-30,Laptop Dell Inspiron,7
2023-07-21,Procesador Ryzen 5,10
2023-06-27,Laptop Dell Inspiron,7
2025-08-27,Memoria RAM 16GB,18
2024-03-28,Monitor 24 pulgadas,9
2024-01-11,Tarjeta Gráfica RTX 4060,5
2025-12-14,Procesador Ryzen 5,25
2025-02-12,Monitor 24 pulgadas,7
2026-03-21,Laptop Dell Inspiron,10
2024-02-28,Laptop Dell Inspiron,6
2024-01-20,Procesador Ryzen 5,13
2023-09-23,Monitor 24 pulgadas,9
2024-02-03,Memoria RAM 16GB,20
2025-01-14,Procesador Ryzen 5,8
2023-07-09,Procesador Ryzen 5,10
2024-11-30,Memoria RAM 16GB,45
2025-12-16,Procesador Ryzen 5,22
2023-08-21,Monitor 24 pulgadas,21
2024-05-03,Tarjeta Gráfica RTX 4060,5
2025-08-10,Tarjeta Gráfica RTX 4060,1
2023-10-27,Tarjeta Gráfica RTX 4060,4
2023-06-22,Monitor 24 pulgadas,7
2024-08-13,Laptop Dell Inspiron,6
2023-09-21,Laptop Dell Inspiron,7
2025-02-27,Tarjeta Gráfica RTX 4060,1
2026-01-02,Laptop Dell Inspiron,9
2023-07-18,Memoria RAM 16GB,17
2025-12-15,Monitor 24 pulgadas,22
2024-10-24,Monitor 24 pulgadas,8
2025-12-08,Laptop Dell Inspiron,2
2025-02-14,Monitor 24 pulgadas,7
2024-05-27,Memoria RAM 16GB,16
2025-08-25,Laptop Dell Inspiron,15
2025-01-26,Procesador Ryzen 5,6
2025-01-29,Procesador Ryzen 5,6
2024-12-02,Procesador Ryzen 5,9
2024-07-14,Procesador Ryzen 5,6
2025-10-10,Procesador Ryzen 5,13
2023-12-28,Monitor 24 pulgadas,4
2024-08-06,Procesador Ryzen 5,9
2023-05-06,Monitor 24 pulgadas,7
2025-09-13,Monitor 24 pulgadas,7
2023-10-05,Tarjeta Gráfica RTX 4060,2
2024-04-22,Memoria RAM 16GB,18
2024-01-18,Laptop Dell Inspiron,5
2023-12-31,Laptop Dell Inspiron,2
2025-05-20,Monitor 24 pulgadas,8
2025-10-11,Tarjeta Gráfica RTX 4060,5
2025-11-16,Procesador Ryzen 5,31
2023-10-26,Monitor 24 pulgadas,8
2025-04-19,Memoria RAM 16GB,20
2024-06-16,Memoria RAM 16GB,16
2024-05-02,Memoria RAM 16GB,14
2024-08-28,Memoria RAM 16GB,21
2025-05-23,Memoria RAM 16GB,18
2024-07-27,Tarjeta Gráfica RTX 4060,7
2025-11-09,Memoria RAM 16GB,18
2023-10-14,Procesador Ryzen 5,12
2026-01-13,Memoria RAM 16GB,15
2024-07-18,Procesador Ryzen 5,8
2023-09-04,Tarjeta Gráfica RTX 4060,4
2024-09-30,Procesador Ryzen 5,7
2024-09-12,Tarjeta Gráfica RTX 4060,3
2023-05-04,Monitor 24 pulgadas,5
2024-11-12,Memoria RAM 16GB,16
2024-11-24,Procesador Ryzen 5,36
2024-04-27,Procesador Ryzen 5,9
2025-09-26,Monitor 24 pulgadas,8
2025-02-02,Memoria RAM 16GB,14
2024-04-19,Procesador Ryzen 5,13
2025-04-26,Tarjeta Gráfica RTX 4060,6
2025-04-09,Procesador Ryzen 5,10
2024-04-01,Memoria RAM 16GB,13
2023-05-20,Laptop Dell Inspiron,10
2024-05-24,Tarjeta Gráfica RTX 4060,4
2025-12-04,Procesador Ryzen 5,9
2023-11-04,Procesador Ryzen 5,9
2023-11-06,Tarjeta Gráfica RTX 4060,1
2023-08-28,Tarjeta Gráfica RTX 4060,6
2025-08-30,Tarjeta Gráfica RTX 4060,10
2023-12-04,Procesador Ryzen 5,6
2026-02-09,Monitor 24 pulgadas,5
2024-02-16,Laptop Dell Inspiron,6
2023-08-22,Procesador Ryzen 5,9
2026-03-24,Monitor 24 pulgadas,4
2024-09-04,Tarjeta Gráfica RTX 4060,7
2025-12-11,Monitor 24 pulgadas,23
2026-01-25,Procesador Ryzen 5,10
2025-01-06,Tarjeta Gráfica RTX 4060,0
2023-06-23,Tarjeta Gráfica RTX 4060,6
2023-05-12,Memoria RAM 16GB,17
2025-03-29,Laptop Dell Inspiron,7
2025-03-20,Tarjeta Gráfica RTX 4060,3
2025-08-31,Procesador Ryzen 5,11
2023-11-23,Memoria RAM 16GB,40
2023-11-12,Memoria RAM 16GB,14
2025-11-28,Laptop Dell Inspiron,31
2025-05-13,Memoria RAM 16GB,17
2023-09-27,Memoria RAM 16GB,13
2025-11-06,Monitor 24 pulgadas,7
2023-06-14,Memoria RAM 16GB,16
2024-09-13,Memoria RAM 16GB,19
2023-05-31,Memoria RAM 16GB,17
2025-06-03,Memoria RAM 16GB,15
2026-02-14,Tarjeta Gráfica RTX 4060,4
2025-03-18,Memoria RAM 16GB,13
2024-09-17,Monitor 24 pulgadas,9
2024-12-10,Laptop Dell Inspiron,19
2025-07-14,Procesador Ryzen 5,6
2023-10-17,Memoria RAM 16GB,18
2024-12-04,Tarjeta Gráfica RTX 4060,0
2023-08-24,Procesador Ryzen 5,12
2023-08-18,Monitor 24 pulgadas,20
2024-11-25,Tarjeta Gráfica RTX 4060,29
2025-12-21,Memoria RAM 16GB,28
2025-03-28,Memoria RAM 16GB,17
2024-07-18,Tarjeta Gráfica RTX 4060,4
2025-09-07,Procesador Ryzen 5,9
2024-10-20,Memoria RAM 16GB,18
2023-04-30,Procesador Ryzen 5,11
2024-12-25,Monitor 24 pulgadas,4
2023-06-10,Procesador Ryzen 5,12
2026-04-12,Monitor 24 pulgadas,9
2025-03-14,Laptop Dell Inspiron,9
2023-12-07,Procesador Ryzen 5,8
2023-12-03,Procesador Ryzen 5,8
2026-03-17,Procesador Ryzen 5,6
2025-02-02,Monitor 24 pulgadas,9
2024-04-27,Memoria RAM 16GB,21
2024-03-20,Laptop Dell Inspiron,6
2024-12-27,Tarjeta Gráfica RTX 4060,3
2023-10-29,Procesador Ryzen 5,10
2025-06-18,Tarjeta Gráfica RTX 4060,5
2023-11-10,Procesador Ryzen 5,10
2025-05-15,Monitor 24 pulgadas,4
2023-11-04,Memoria RAM 16GB,17
2023-06-14,Laptop Dell Inspiron,7
2026-01-31,Memoria RAM 16GB,17
2023-10-01,Procesador Ryzen 5,8
2023-05-10,Tarjeta Gráfica RTX 4060,3
2025-07-22,Tarjeta Gráfica RTX 4060,4
2025-11-02,Tarjeta Gráfica RTX 4060,5
2023-10-29,Monitor 24 pulgadas,9
2024-04-06,Procesador Ryzen 5,10
2026-01-21,Tarjeta Gráfica RTX 4060,0
2024-07-01,Monitor 24 pulgadas,5
2025-07-16,Monitor 24 pulgadas,9
2024-03-13,Memoria RAM 16GB,16
2025-05-08,Memoria RAM 16GB,18
2024-01-31,Tarjeta Gráfica RTX 4060,0
2025-07-01,Monitor 24 pulgadas,9
2024-10-14,Monitor 24 pulgadas,7
2024-11-08,Tarjeta Gráfica RTX 4060,8
2025-11-07,Tarjeta Gráfica RTX 4060,8
2023-08-01,Procesador Ryzen 5,8
2024-02-03,Monitor 24 pulgadas,12
2024-08-27,Tarjeta Gráfica RTX 4060,4
2023-04-18,Monitor 24 pulgadas,6
2026-03-10,Tarjeta Gráfica RTX 4060,4
2024-10-06,Memoria RAM 16GB,14
2025-02-13,Procesador Ryzen 5,11
2024-02-01,Procesador Ryzen 5,6
2024-04-04,Tarjeta Gráfica RTX 4060,5
2026-02-28,Tarjeta Gráfica RTX 4060,3
2026-02-28,Laptop Dell Inspiron,10
2025-05-17,Procesador Ryzen 5,11
2025-12-06,Tarjeta Gráfica RTX 4060,5
2023-12-26,Tarjeta Gráfica RTX 4060,1
2025-07-30,Monitor 24 pulgadas,8
2024-10-21,Procesador Ryzen 5,9
2025-03-22,Tarjeta Gráfica RTX 4060,6
2025-03-26,Laptop Dell Inspiron,5
2025-07-15,Tarjeta Gráfica RTX 4060,3
2023-08-03,Tarjeta Gráfica RTX 4060,0
2025-10-06,Procesador Ryzen 5,8
2024-07-31,Tarjeta Gráfica RTX 4060,3
2023-05-16,Tarjeta Gráfica RTX 4060,2
2024-08-17,Procesador Ryzen 5,12
2026-03-02,Memoria RAM 16GB,14
2026-02-11,Procesador Ryzen 5,11
2025-02-01,Procesador Ryzen 5,9
2025-11-13,Monitor 24 pulgadas,5
2023-09-11,Memoria RAM 16GB,16
2023-05-25,Procesador Ryzen 5,6
2025-06-08,Monitor 24 pulgadas,5
2023-04-03,Tarjeta Gráfica RTX 4060,1
2023-04-24,Laptop Dell Inspiron,3
2024-11-07,Memoria RAM 16GB,14
2023-11-24,Memoria RAM 16GB,44
2025-05-24,Procesador Ryzen 5,14
2025-08-19,Tarjeta Gráfica RTX 4060,6
2025-05-18,Tarjeta Gráfica RTX 4060,2
2023-12-09,Memoria RAM 16GB,18
2025-11-05,Memoria RAM 16GB,17
2024-06-02,Memoria RAM 16GB,14
2023-06-14,Procesador Ryzen 5,7
2025-08-06,Laptop Dell Inspiron,2
2025-06-02,Monitor 24 pulgadas,9
2023-04-17,Procesador Ryzen 5,6
2025-10-19,Tarjeta Gráfica RTX 4060,0
2024-11-07,Monitor 24 pulgadas,5
2025-06-11,Memoria RAM 16GB,14
2023-10-09,Procesador Ryzen 5,9
2026-04-06,Tarjeta Gráfica RTX 4060,5
2025-12-12,Tarjeta Gráfica RTX 4060,21
2025-05-13,Monitor 24 pulgadas,4
2025-11-13,Tarjeta Gráfica RTX 4060,1
2023-06-05,Monitor 24 pulgadas,7
2024-10-08,Procesador Ryzen 5,10
2024-02-02,Procesador Ryzen 5,14
2025-07-31,Monitor 24 pulgadas,5
2024-07-19,Memoria RAM 16GB,17
2026-02-26,Memoria RAM 16GB,13
2023-10-12,Tarjeta Gráfica RTX 4060,2
2024-06-30,Tarjeta Gráfica RTX 4060,1
2024-04-13,Procesador Ryzen 5,14
2024-06-26,Procesador Ryzen 5,10
2024-08-03,Laptop Dell Inspiron,6
2025-10-13,Memoria RAM 16GB,18
2026-03-13,Procesador Ryzen 5,11
2025-01-29,Memoria RAM 16GB,17
2023-11-22,Tarjeta Gráfica RTX 4060,27
2023-08-16,Laptop Dell Inspiron,18
2023-04-03,Laptop Dell Inspiron,4
2025-02-20,Tarjeta Gráfica RTX 4060,3
2025-04-13,Monitor 24 pulgadas,5
2024-03-18,Memoria RAM 16GB,16
2023-04-14,Memoria RAM 16GB,18
2025-07-09,Tarjeta Gráfica RTX 4060,0
2025-05-29,Tarjeta Gráfica RTX 4060,5
2024-01-31,Laptop Dell Inspiron,2
2023-04-16,Procesador Ryzen 5,10
2023-06-26,Laptop Dell Inspiron,3
2023-09-24,Tarjeta Gráfica RTX 4060,2
2025-10-14,Laptop Dell Inspiron,3
2024-12-12,Memoria RAM 16GB,29
2024-05-18,Procesador Ryzen 5,14
2024-06-01,Monitor 24 pulgadas,12
2026-01-21,Monitor 24 pulgadas,6
2023-08-27,Procesador Ryzen 5,9
2024-10-29,Monitor 24 pulgadas,9
2026-03-21,Tarjeta Gráfica RTX 4060,4
2024-07-08,Monitor 24 pulgadas,7
2024-10-10,Memoria RAM 16GB,17
2026-03-11,Procesador Ryzen 5,11
2023-11-22,Laptop Dell Inspiron,32
2024-06-11,Laptop Dell Inspiron,2
2024-06-11,Tarjeta Gráfica RTX 4060,0
2024-08-27,Monitor 24 pulgadas,21
2023-11-27,Memoria RAM 16GB,40
2024-09-05,Monitor 24 pulgadas,17
2025-05-31,Monitor 24 pulgadas,10
2025-03-09,Tarjeta Gráfica RTX 4060,2
2024-03-10,Procesador Ryzen 5,9
2025-08-03,Memoria RAM 16GB,13
2024-03-19,Laptop Dell Inspiron,7
2025-11-23,Tarjeta Gráfica RTX 4060,30
2024-11-17,Laptop Dell Inspiron,32
2023-07-24,Monitor 24 pulgadas,4
2023-10-30,Monitor 24 pulgadas,4
2025-06-13,Tarjeta Gráfica RTX 4060,7
2023-11-01,Laptop Dell Inspiron,4
2025-01-23,Memoria RAM 16GB,14
2024-10-21,Laptop Dell Inspiron,7
2025-03-30,Memoria RAM 16GB,13
2025-12-21,Procesador Ryzen 5,21
2023-08-06,Procesador Ryzen 5,6
2023-10-08,Laptop Dell Inspiron,3
2023-11-26,Procesador Ryzen 5,35
2025-10-31,Tarjeta Gráfica RTX 4060,5
2025-08-19,Laptop Dell Inspiron,19
2024-04-07,Laptop Dell Inspiron,4
2025-06-10,Laptop Dell Inspiron,5
2026-01-24,Tarjeta Gráfica RTX 4060,6
2024-04-20,Monitor 24 pulgadas,11
2024-10-07,Monitor 24 pulgadas,4
2025-12-16,Tarjeta Gráfica RTX 4060,19
2025-10-25,Memoria RAM 16GB,19
2025-09-23,Memoria RAM 16GB,13
2024-03-03,Memoria RAM 16GB,17
2024-08-22,Monitor 24 pulgadas,21
2024-06-18,Memoria RAM 16GB,13
2024-09-17,Laptop Dell Inspiron,6
2024-01-04,Monitor 24 pulgadas,6
2025-08-04,Monitor 24 pulgadas,8
2024-08-05,Procesador Ryzen 5,6
2026-02-06,Procesador Ryzen 5,12
2026-03-13,Monitor 24 pulgadas,7
2023-07-27,Monitor 24 pulgadas,6
2024-10-15,Memoria RAM 16GB,14
2024-04-28,Monitor 24 pulgadas,4
2023-10-10,Memoria RAM 16GB,14
2025-05-19,Procesador Ryzen 5,10
2026-02-13,Monitor 24 pulgadas,11
2025-02-19,Monitor 24 pulgadas,4
2023-04-15,Memoria RAM 16GB,18
2023-05-08,Procesador Ryzen 5,10
2024-10-11,Laptop Dell Inspiron,10
2023-11-09,Monitor 24 pulgadas,7
2026-01-27,Laptop Dell Inspiron,6
2025-06-17,Memoria RAM 16GB,17
2025-08-05,Tarjeta Gráfica RTX 4060,4
2025-03-11,Tarjeta Gráfica RTX 4060,2
2025-08-27,Laptop Dell Inspiron,18
2024-03-29,Procesador Ryzen 5,10
2024-02-01,Memoria RAM 16GB,17
2025-01-20,Procesador Ryzen 5,7
2024-02-18,Memoria RAM 16GB,17
2024-04-22,Procesador Ryzen 5,7
2025-06-28,Tarjeta Gráfica RTX 4060,7
2023-06-17,Laptop Dell Inspiron,9
2025-05-12,Procesador Ryzen 5,8
2023-08-19,Procesador Ryzen 5,17
2024-05-25,Memoria RAM 16GB,20
2024-10-31,Laptop Dell Inspiron,6
2025-06-26,Procesador Ryzen 5,6
2026-03-26,Memoria RAM 16GB,14
2026-03-18,Memoria RAM 16GB,18
2024-01-14,Monitor 24 pulgadas,7
2025-03-05,Laptop Dell Inspiron,5
2025-10-24,Memoria RAM 16GB,19
2024-12-24,Memoria RAM 16GB,30
2024-09-16,Laptop Dell Inspiron,4
2025-02-07,Monitor 24 pulgadas,7
2025-02-11,Monitor 24 pulgadas,8
2023-06-29,Laptop Dell Inspiron,6
2024-02-27,Tarjeta Gráfica RTX 4060,0
2025-06-11,Monitor 24 pulgadas,7
2025-03-03,Procesador Ryzen 5,11
2025-10-13,Procesador Ryzen 5,8
2025-10-07,Laptop Dell Inspiron,3
2023-08-15,Tarjeta Gráfica RTX 4060,3
2024-04-11,Tarjeta Gráfica RTX 4060,2
2024-08-28,Procesador Ryzen 5,13
2025-06-03,Monitor 24 pulgadas,6
2023-11-25,Laptop Dell Inspiron,33
2025-09-28,Memoria RAM 16GB,14
2024-09-29,Memoria RAM 16GB,16
2023-07-26,Monitor 24 pulgadas,8
2024-04-09,Monitor 24 pulgadas,7
2024-01-12,Memoria RAM 16GB,18
2023-07-05,Monitor 24 pulgadas,7
2025-11-08,Procesador Ryzen 5,14
2024-01-18,Tarjeta Gráfica RTX 4060,2
2023-11-16,Procesador Ryzen 5,34
2024-09-06,Monitor 24 pulgadas,12
2025-07-16,Memoria RAM 16GB,14
2024-03-06,Laptop Dell Inspiron,4
2024-07-14,Laptop Dell Inspiron,2
2023-07-05,Tarjeta Gráfica RTX 4060,2
2023-06-01,Procesador Ryzen 5,9
2026-02-12,Laptop Dell Inspiron,2
2025-02-16,Procesador Ryzen 5,9
2026-03-06,Procesador Ryzen 5,10
2025-02-28,Tarjeta Gráfica RTX 4060,7
2023-07-28,Monitor 24 pulgadas,9
2024-07-09,Procesador Ryzen 5,7
2026-03-17,Memoria RAM 16GB,14
2023-05-25,Tarjeta Gráfica RTX 4060,5
2025-10-05,Tarjeta Gráfica RTX 4060,2
2025-12-03,Memoria RAM 16GB,15
2025-06-30,Memoria RAM 16GB,13
2026-02-06,Laptop Dell Inspiron,5
2025-04-10,Laptop Dell Inspiron,4
2025-12-09,Procesador Ryzen 5,11
2025-05-04,Laptop Dell Inspiron,2
2023-12-28,Tarjeta Gráfica RTX 4060,0
2025-04-08,Monitor 24 pulgadas,5
2024-05-25,Procesador Ryzen 5,11
2025-09-12,Memoria RAM 16GB,20
2023-11-03,Tarjeta Gráfica RTX 4060,7
2026-03-03,Monitor 24 pulgadas,4
2026-02-20,Monitor 24 pulgadas,12
2024-12-05,Tarjeta Gráfica RTX 4060,5
2025-05-24,Memoria RAM 16GB,16
2024-11-26,Laptop Dell Inspiron,28
2023-04-07,Tarjeta Gráfica RTX 4060,3
2025-09-16,Memoria RAM 16GB,13
2023-09-22,Laptop Dell Inspiron,5
2025-03-31,Procesador Ryzen 5,10
2025-05-12,Laptop Dell Inspiron,4
2023-08-09,Monitor 24 pulgadas,9
2024-01-17,Memoria RAM 16GB,13
2025-09-12,Tarjeta Gráfica RTX 4060,5
2025-05-30,Memoria RAM 16GB,19
2023-07-27,Memoria RAM 16GB,17
2025-08-05,Memoria RAM 16GB,16
2025-11-19,Tarjeta Gráfica RTX 4060,27
2025-03-06,Tarjeta Gráfica RTX 4060,1
2025-08-24,Memoria RAM 16GB,18
2023-04-29,Monitor 24 pulgadas,12
2025-11-15,Tarjeta Gráfica RTX 4060,33
2023-06-30,Tarjeta Gráfica RTX 4060,6
2024-09-16,Monitor 24 pulgadas,8
2023-11-22,Procesador Ryzen 5,33
2024-09-06,Memoria RAM 16GB,21
2023-10-31,Monitor 24 pulgadas,8
2024-08-10,Monitor 24 pulgadas,7
2024-09-14,Laptop Dell Inspiron,9
2023-10-09,Tarjeta Gráfica RTX 4060,5
2025-08-21,Monitor 24 pulgadas,21
2023-04-05,Memoria RAM 16GB,18
2025-04-06,Procesador Ryzen 5,11
2026-03-27,Monitor 24 pulgadas,11
2024-02-28,Tarjeta Gráfica RTX 4060,1
2024-11-05,Laptop Dell Inspiron,4
2023-06-14,Tarjeta Gráfica RTX 4060,2
2025-12-01,Memoria RAM 16GB,15
2023-05-05,Procesador Ryzen 5,13
2023-06-27,Monitor 24 pulgadas,8
2025-10-11,Memoria RAM 16GB,18
2023-08-10,Laptop Dell Inspiron,3
2026-04-09,Monitor 24 pulgadas,7
2024-10-04,Memoria RAM 16GB,21
2023-05-27,Laptop Dell Inspiron,8
2025-05-02,Tarjeta Gráfica RTX 4060,8
2024-08-12,Monitor 24 pulgadas,9
2023-08-22,Tarjeta Gráfica RTX 4060,6
2025-12-23,Memoria RAM 16GB,30
2023-06-10,Memoria RAM 16GB,17
2024-03-03,Laptop Dell Inspiron,3
2024-08-03,Procesador Ryzen 5,13
2024-03-14,Procesador Ryzen 5,7
2023-05-06,Laptop Dell Inspiron,9
2025-12-16,Monitor 24 pulgadas,22
2024-08-04,Laptop Dell Inspiron,2
2023-06-04,Memoria RAM 16GB,15
2025-05-19,Tarjeta Gráfica RTX 4060,3
2026-02-12,Memoria RAM 16GB,14
2024-02-04,Memoria RAM 16GB,16
2023-12-03,Monitor 24 pulgadas,5
2026-02-19,Memoria RAM 16GB,14
2023-05-12,Tarjeta Gráfica RTX 4060,5
2024-12-19,Memoria RAM 16GB,28
2023-10-06,Monitor 24 pulgadas,11
2025-12-03,Procesador Ryzen 5,9
2025-04-29,Tarjeta Gráfica RTX 4060,1
2023-07-22,Laptop Dell Inspiron,7
2025-12-25,Laptop Dell Inspiron,4
2024-05-28,Laptop Dell Inspiron,3
2024-02-29,Tarjeta Gráfica RTX 4060,5
2024-12-24,Laptop Dell Inspiron,20
2025-03-04,Procesador Ryzen 5,7
2023-08-05,Tarjeta Gráfica RTX 4060,7
2025-03-31,Laptop Dell Inspiron,3
2026-03-25,Memoria RAM 16GB,16
2025-10-21,Laptop Dell Inspiron,3
2024-10-01,Tarjeta Gráfica RTX 4060,5
2025-11-24,Tarjeta Gráfica RTX 4060,30
2025-08-13,Laptop Dell Inspiron,5
2023-07-08,Memoria RAM 16GB,17
2024-11-24,Monitor 24 pulgadas,32
2026-01-28,Memoria RAM 16GB,16
2025-08-15,Memoria RAM 16GB,24
2024-01-15,Laptop Dell Inspiron,4
2024-07-24,Procesador Ryzen 5,10
2024-07-29,Laptop Dell Inspiron,5
2025-09-20,Laptop Dell Inspiron,5
2023-11-13,Memoria RAM 16GB,15
2023-04-05,Laptop Dell Inspiron,7
2025-01-06,Procesador Ryzen 5,7
2026-02-25,Procesador Ryzen 5,7
2024-05-29,Procesador Ryzen 5,8
2025-11-01,Laptop Dell Inspiron,5
2024-12-09,Memoria RAM 16GB,16
2025-01-22,Memoria RAM 16GB,15
2023-12-24,Monitor 24 pulgadas,23
2024-12-07,Laptop Dell Inspiron,7
2025-02-17,Tarjeta Gráfica RTX 4060,2
2023-12-13,Monitor 24 pulgadas,23
2023-11-15,Monitor 24 pulgadas,29
2023-12-09,Laptop Dell Inspiron,10
2023-09-11,Laptop Dell Inspiron,7
2023-11-05,Memoria RAM 16GB,13
2023-09-28,Procesador Ryzen 5,6
2024-02-27,Procesador Ryzen 5,11
2023-08-12,Procesador Ryzen 5,11
2023-09-12,Laptop Dell Inspiron,3
2025-03-06,Laptop Dell Inspiron,3
2024-11-26,Tarjeta Gráfica RTX 4060,30
2025-10-26,Tarjeta Gráfica RTX 4060,3
2024-09-30,Memoria RAM 16GB,17
2025-04-21,Procesador Ryzen 5,8
2026-01-21,Procesador Ryzen 5,6
2026-01-08,Laptop Dell Inspiron,5
2024-03-20,Tarjeta Gráfica RTX 4060,3
2026-02-07,Procesador Ryzen 5,11
2023-06-25,Laptop Dell Inspiron,7
2025-01-17,Laptop Dell Inspiron,9
2025-07-28,Laptop Dell Inspiron,5
2023-11-02,Tarjeta Gráfica RTX 4060,2
2023-07-25,Laptop Dell Inspiron,5
2024-08-22,Laptop Dell Inspiron,15
2024-02-26,Procesador Ryzen 5,6
2026-04-11,Procesador Ryzen 5,13
2024-07-11,Monitor 24 pulgadas,6
2025-04-24,Tarjeta Gráfica RTX 4060,4
2025-02-08,Procesador Ryzen 5,12
2025-07-17,Memoria RAM 16GB,16
2025-03-20,Laptop Dell Inspiron,6
2024-10-03,Laptop Dell Inspiron,3
2024-11-11,Memoria RAM 16GB,17
2025-04-06,Monitor 24 pulgadas,8
2024-07-12,Procesador Ryzen 5,11
2026-02-10,Monitor 24 pulgadas,8
2024-06-25,Tarjeta Gráfica RTX 4060,5
2025-07-25,Tarjeta Gráfica RTX 4060,7
2023-06-04,Laptop Dell Inspiron,7
2024-06-10,Laptop Dell Inspiron,5
2023-08-01,Memoria RAM 16GB,15
2026-01-21,Memoria RAM 16GB,14
2024-03-05,Monitor 24 pulgadas,7
2025-09-11,Memoria RAM 16GB,13
2024-03-24,Tarjeta Gráfica RTX 4060,3
2025-11-25,Memoria RAM 16GB,38
2025-03-04,Memoria RAM 16GB,16
2025-05-05,Procesador Ryzen 5,10
2023-04-27,Monitor 24 pulgadas,7
2024-01-22,Memoria RAM 16GB,15
2026-04-05,Monitor 24 pulgadas,7
2024-06-25,Laptop Dell Inspiron,6
2026-04-10,Procesador Ryzen 5,12
2026-01-15,Tarjeta Gráfica RTX 4060,3
2023-04-04,Procesador Ryzen 5,6
2023-07-03,Procesador Ryzen 5,11
2023-12-14,Monitor 24 pulgadas,24
2025-01-06,Monitor 24 pulgadas,6
2024-11-22,Procesador Ryzen 5,34
2025-04-11,Laptop Dell Inspiron,8
2024-02-20,Monitor 24 pulgadas,6
2024-05-03,Monitor 24 pulgadas,7
2025-03-23,Laptop Dell Inspiron,6
2023-10-07,Memoria RAM 16GB,17
2023-10-31,Procesador Ryzen 5,11
2025-03-02,Monitor 24 pulgadas,5
2024-10-09,Laptop Dell Inspiron,5
2023-08-20,Tarjeta Gráfica RTX 4060,8
2026-01-01,Monitor 24 pulgadas,5
2026-03-19,Memoria RAM 16GB,17
2024-10-19,Memoria RAM 16GB,19
2026-03-23,Monitor 24 pulgadas,7
2025-05-26,Monitor 24 pulgadas,5
2023-12-17,Memoria RAM 16GB,29
2024-04-11,Memoria RAM 16GB,14
2023-04-24,Memoria RAM 16GB,17
2025-01-28,Laptop Dell Inspiron,3
2025-04-01,Laptop Dell Inspiron,5
2024-05-08,Laptop Dell Inspiron,5
2025-11-10,Memoria RAM 16GB,13
2024-05-11,Tarjeta Gráfica RTX 4060,5
2026-04-12,Laptop Dell Inspiron,6
2024-08-17,Tarjeta Gráfica RTX 4060,7
2024-12-17,Procesador Ryzen 5,24
2023-04-07,Memoria RAM 16GB,17
2023-08-14,Memoria RAM 16GB,16
2025-09-09,Laptop Dell Inspiron,6
2025-11-09,Laptop Dell Inspiron,7
2024-10-30,Monitor 24 pulgadas,8
2023-09-28,Tarjeta Gráfica RTX 4060,5
2025-04-03,Laptop Dell Inspiron,5
2024-02-10,Laptop Dell Inspiron,7
2023-10-12,Procesador Ryzen 5,10
2023-06-02,Laptop Dell Inspiron,10
2025-10-22,Procesador Ryzen 5,6
2024-09-18,Memoria RAM 16GB,18
2024-02-04,Monitor 24 pulgadas,6
2026-03-11,Memoria RAM 16GB,13
2023-12-24,Laptop Dell Inspiron,17
2024-04-29,Memoria RAM 16GB,18
2025-11-25,Tarjeta Gráfica RTX 4060,28
2023-10-18,Laptop Dell Inspiron,4
2024-11-06,Procesador Ryzen 5,11
2025-12-27,Laptop Dell Inspiron,8
2023-06-13,Tarjeta Gráfica RTX 4060,0
2025-04-13,Tarjeta Gráfica RTX 4060,0
2023-06-16,Memoria RAM 16GB,18
2024-12-12,Tarjeta Gráfica RTX 4060,19
2024-12-25,Laptop Dell Inspiron,7
2024-03-18,Tarjeta Gráfica RTX 4060,2
2025-01-08,Monitor 24 pulgadas,7
2024-08-27,Laptop Dell Inspiron,18
2024-06-03,Monitor 24 pulgadas,6
2025-11-17,Laptop Dell Inspiron,27
2024-12-16,Tarjeta Gráfica RTX 4060,19
2025-03-05,Procesador Ryzen 5,8
2026-01-23,Tarjeta Gráfica RTX 4060,4
2024-07-31,Memoria RAM 16GB,14
2023-04-12,Memoria RAM 16GB,18
2023-10-21,Tarjeta Gráfica RTX 4060,3
2023-10-05,Procesador Ryzen 5,9
2025-06-06,Tarjeta Gráfica RTX 4060,5
2026-03-08,Memoria RAM 16GB,13
2025-03-17,Tarjeta Gráfica RTX 4060,5
2025-12-13,Procesador Ryzen 5,29
2024-11-28,Memoria RAM 16GB,42
2023-11-06,Laptop Dell Inspiron,2
2024-12-10,Procesador Ryzen 5,21
2025-05-12,Monitor 24 pulgadas,5
2025-02-19,Laptop Dell Inspiron,3
2024-03-21,Laptop Dell Inspiron,2
2023-06-11,Memoria RAM 16GB,18
2023-12-05,Laptop Dell Inspiron,6
2024-05-17,Memoria RAM 16GB,19
2026-02-15,Laptop Dell Inspiron,4
2025-09-10,Procesador Ryzen 5,10
2023-08-28,Laptop Dell Inspiron,16
2024-04-01,Tarjeta Gráfica RTX 4060,0
2023-06-16,Laptop Dell Inspiron,5
2026-02-04,Procesador Ryzen 5,10
2023-11-15,Procesador Ryzen 5,35
2023-08-07,Tarjeta Gráfica RTX 4060,5
2025-10-23,Laptop Dell Inspiron,6
2024-06-20,Procesador Ryzen 5,10
2023-05-05,Memoria RAM 16GB,19
2023-07-01,Memoria RAM 16GB,19
2024-10-28,Monitor 24 pulgadas,5
2025-07-30,Procesador Ryzen 5,9
2024-12-22,Monitor 24 pulgadas,23
2023-08-30,Monitor 24 pulgadas,20
2025-01-08,Tarjeta Gráfica RTX 4060,0
2025-03-14,Tarjeta Gráfica RTX 4060,8
2025-04-03,Monitor 24 pulgadas,8
2025-05-10,Tarjeta Gráfica RTX 4060,6
2026-02-09,Tarjeta Gráfica RTX 4060,3
2023-10-19,Monitor 24 pulgadas,6
2024-04-08,Monitor 24 pulgadas,6
2023-07-19,Tarjeta Gráfica RTX 4060,4
2025-12-02,Memoria RAM 16GB,14
2024-10-19,Procesador Ryzen 5,11
2024-07-05,Memoria RAM 16GB,16
2024-03-15,Procesador Ryzen 5,9
2023-04-11,Monitor 24 pulgadas,6
2024-03-16,Memoria RAM 16GB,20
2024-04-04,Laptop Dell Inspiron,6
2025-02-13,Laptop Dell Inspiron,6
2024-07-02,Monitor 24 pulgadas,4
2024-12-30,Laptop Dell Inspiron,2
2025-12-13,Tarjeta Gráfica RTX 4060,23
2023-08-28,Procesador Ryzen 5,13
2024-02-13,Memoria RAM 16GB,16
2023-09-06,Monitor 24 pulgadas,5
2025-06-23,Monitor 24 pulgadas,8
2025-02-16,Monitor 24 pulgadas,5
2024-02-15,Procesador Ryzen 5,9
2024-07-02,Tarjeta Gráfica RTX 4060,2
2024-06-05,Monitor 24 pulgadas,6
2026-03-06,Monitor 24 pulgadas,10
2023-07-19,Monitor 24 pulgadas,4
2023-12-13,Laptop Dell Inspiron,18
2023-09-13,Procesador Ryzen 5,8
2024-04-03,Procesador Ryzen 5,7
2025-02-26,Procesador Ryzen 5,10
2024-09-23,Memoria RAM 16GB,15
2024-04-24,Monitor 24 pulgadas,6
2023-11-15,Memoria RAM 16GB,42
2024-03-30,Tarjeta Gráfica RTX 4060,4
2025-09-06,Procesador Ryzen 5,13
2024-03-10,Laptop Dell Inspiron,6
2025-04-14,Procesador Ryzen 5,8
2025-07-14,Monitor 24 pulgadas,4
2025-07-28,Tarjeta Gráfica RTX 4060,0
2026-01-19,Memoria RAM 16GB,18
2026-01-20,Procesador Ryzen 5,10
2025-02-20,Memoria RAM 16GB,18
2023-09-07,Laptop Dell Inspiron,5
2023-12-26,Procesador Ryzen 5,10
2025-10-15,Laptop Dell Inspiron,5
2024-08-19,Laptop Dell Inspiron,19
2024-12-18,Tarjeta Gráfica RTX 4060,19
2023-08-26,Memoria RAM 16GB,21
2024-02-04,Procesador Ryzen 5,9
2024-08-08,Memoria RAM 16GB,16
2025-03-25,Procesador Ryzen 5,8
2024-08-25,Laptop Dell Inspiron,15
2024-02-02,Memoria RAM 16GB,16
2025-06-03,Laptop Dell Inspiron,3
2025-06-04,Tarjeta Gráfica RTX 4060,1
2023-09-01,Tarjeta Gráfica RTX 4060,7
2024-10-06,Laptop Dell Inspiron,7
2024-06-28,Monitor 24 pulgadas,11
2024-03-10,Tarjeta Gráfica RTX 4060,1
2024-10-20,Tarjeta Gráfica RTX 4060,5
2024-03-07,Tarjeta Gráfica RTX 4060,3
2025-06-20,Procesador Ryzen 5,13
2025-10-10,Monitor 24 pulgadas,11
2024-09-06,Tarjeta Gráfica RTX 4060,3
2024-09-25,Procesador Ryzen 5,11
2025-11-30,Tarjeta Gráfica RTX 4060,29
2025-01-14,Memoria RAM 16GB,14
2023-05-27,Tarjeta Gráfica RTX 4060,8
2023-09-05,Monitor 24 pulgadas,17
2025-10-13,Laptop Dell Inspiron,7
2024-01-25,Tarjeta Gráfica RTX 4060,2
2024-06-05,Laptop Dell Inspiron,7
2026-04-01,Laptop Dell Inspiron,2
2024-09-18,Tarjeta Gráfica RTX 4060,4
2026-04-07,Memoria RAM 16GB,18
2025-01-17,Memoria RAM 16GB,17
2025-01-10,Monitor 24 pulgadas,9
2024-11-10,Laptop Dell Inspiron,4
2023-05-06,Tarjeta Gráfica RTX 4060,8
2025-06-06,Procesador Ryzen 5,11
2023-09-07,Monitor 24 pulgadas,9
2023-06-08,Procesador Ryzen 5,8
2025-10-16,Monitor 24 pulgadas,7
2025-02-11,Memoria RAM 16GB,13
2024-12-31,Tarjeta Gráfica RTX 4060,0
2023-08-17,Tarjeta Gráfica RTX 4060,6
2025-04-01,Procesador Ryzen 5,10
2025-11-17,Monitor 24 pulgadas,30
2024-12-04,Memoria RAM 16GB,13
2025-11-09,Procesador Ryzen 5,6
2025-09-01,Procesador Ryzen 5,14
2025-04-18,Memoria RAM 16GB,18
2026-01-12,Procesador Ryzen 5,9
2025-04-08,Procesador Ryzen 5,10
2024-09-05,Laptop Dell Inspiron,16
2025-09-19,Memoria RAM 16GB,17
2025-06-11,Procesador Ryzen 5,6
2024-12-15,Procesador Ryzen 5,26
2025-01-11,Tarjeta Gráfica RTX 4060,3
2026-03-10,Procesador Ryzen 5,10
2023-05-03,Tarjeta Gráfica RTX 4060,2
2025-03-28,Procesador Ryzen 5,13
2025-08-14,Monitor 24 pulgadas,7
2025-08-10,Procesador Ryzen 5,11
2024-07-09,Tarjeta Gráfica RTX 4060,1
2023-07-29,Tarjeta Gráfica RTX 4060,3
2026-03-07,Monitor 24 pulgadas,11
2023-06-27,Tarjeta Gráfica RTX 4060,0
2025-07-27,Procesador Ryzen 5,8
2025-07-21,Procesador Ryzen 5,8
2025-02-06,Tarjeta Gráfica RTX 4060,0
2026-03-03,Procesador Ryzen 5,7
2024-03-08,Laptop Dell Inspiron,5
2024-11-23,Laptop Dell Inspiron,34
2025-04-22,Monitor 24 pulgadas,6
2025-03-08,Monitor 24 pulgadas,7
2023-12-10,Laptop Dell Inspiron,18
2025-05-14,Laptop Dell Inspiron,7
2023-12-11,Laptop Dell Inspiron,18
2025-11-10,Procesador Ryzen 5,11
2023-11-30,Memoria RAM 16GB,39
2024-06-20,Monitor 24 pulgadas,5
2023-12-20,Memoria RAM 16GB,33
2026-03-12,Laptop Dell Inspiron,3
2023-11-04,Laptop Dell Inspiron,5
2024-01-05,Memoria RAM 16GB,20
2023-06-11,Procesador Ryzen 5,8
2023-07-11,Laptop Dell Inspiron,3
2025-09-08,Tarjeta Gráfica RTX 4060,1
2025-12-03,Laptop Dell Inspiron,5
2024-02-01,Monitor 24 pulgadas,5
2024-11-23,Procesador Ryzen 5,38
2025-09-04,Tarjeta Gráfica RTX 4060,3
2025-03-15,Memoria RAM 16GB,17
2024-03-20,Procesador Ryzen 5,6
2025-07-07,Monitor 24 pulgadas,9
2025-11-29,Procesador Ryzen 5,38
2025-10-28,Tarjeta Gráfica RTX 4060,0
2025-05-31,Laptop Dell Inspiron,8
2024-11-10,Tarjeta Gráfica RTX 4060,2
2024-10-28,Procesador Ryzen 5,8
2025-09-25,Tarjeta Gráfica RTX 4060,5
2023-09-20,Tarjeta Gráfica RTX 4060,1
2024-08-08,Procesador Ryzen 5,9
2026-01-29,Procesador Ryzen 5,10
2025-04-07,Memoria RAM 16GB,14
2024-01-19,Memoria RAM 16GB,17
2025-07-19,Tarjeta Gráfica RTX 4060,4
2025-02-12,Laptop Dell Inspiron,7
2025-04-01,Memoria RAM 16GB,15
2024-04-02,Laptop Dell Inspiron,4
2025-06-23,Memoria RAM 16GB,13
2025-04-11,Monitor 24 pulgadas,11
2023-06-19,Procesador Ryzen 5,10
2025-05-18,Memoria RAM 16GB,13
2023-06-28,Memoria RAM 16GB,13
2023-10-06,Memoria RAM 16GB,19
2024-10-25,Memoria RAM 16GB,17
2025-04-11,Tarjeta Gráfica RTX 4060,8
2025-07-30,Tarjeta Gráfica RTX 4060,3
2025-06-22,Procesador Ryzen 5,8
2024-08-28,Tarjeta Gráfica RTX 4060,7
2025-04-08,Tarjeta Gráfica RTX 4060,0
2024-09-26,Memoria RAM 16GB,15
2025-11-10,Tarjeta Gráfica RTX 4060,0
2024-04-16,Memoria RAM 16GB,13
2025-04-13,Memoria RAM 16GB,14
2025-07-07,Memoria RAM 16GB,18
2024-03-28,Tarjeta Gráfica RTX 4060,3
2023-06-18,Tarjeta Gráfica RTX 4060,3
2025-10-25,Monitor 24 pulgadas,9
2024-05-19,Tarjeta Gráfica RTX 4060,1
2026-01-03,Tarjeta Gráfica RTX 4060,7
2024-05-22,Laptop Dell Inspiron,2
2025-08-27,Tarjeta Gráfica RTX 4060,5
2026-03-07,Laptop Dell Inspiron,8
2024-10-18,Tarjeta Gráfica RTX 4060,5
2023-09-09,Memoria RAM 16GB,20
2025-08-27,Procesador Ryzen 5,12
2023-04-07,Procesador Ryzen 5,13
2024-08-05,Monitor 24 pulgadas,8
2024-10-30,Memoria RAM 16GB,17
2023-10-29,Laptop Dell Inspiron,7
2025-11-19,Laptop Dell Inspiron,32
2023-05-07,Tarjeta Gráfica RTX 4060,3
2025-12-15,Tarjeta Gráfica RTX 4060,19
2026-02-23,Laptop Dell Inspiron,2
2024-09-28,Tarjeta Gráfica RTX 4060,6
2025-07-09,Memoria RAM 16GB,13
2023-11-05,Monitor 24 pulgadas,9
2024-03-22,Tarjeta Gráfica RTX 4060,6
2025-06-15,Tarjeta Gráfica RTX 4060,5
2026-03-25,Laptop Dell Inspiron,6
2024-04-05,Monitor 24 pulgadas,10
2026-01-15,Laptop Dell Inspiron,7
2024-12-05,Monitor 24 pulgadas,4
2025-05-09,Monitor 24 pulgadas,8
2023-06-28,Monitor 24 pulgadas,9
2024-10-08,Monitor 24 pulgadas,6
2026-04-01,Memoria RAM 16GB,16
2023-07-08,Procesador Ryzen 5,10
2026-03-15,Laptop Dell Inspiron,3
2025-02-06,Memoria RAM 16GB,13
2023-08-10,Procesador Ryzen 5,8
2024-01-05,Tarjeta Gráfica RTX 4060,4
2023-07-11,Monitor 24 pulgadas,9
2026-02-24,Tarjeta Gráfica RTX 4060,0
2023-09-30,Memoria RAM 16GB,18
2025-12-23,Procesador Ryzen 5,21
2025-10-03,Laptop Dell Inspiron,7
2024-01-08,Laptop Dell Inspiron,7
2024-12-22,Memoria RAM 16GB,30
2024-07-28,Tarjeta Gráfica RTX 4060,1
2025-10-14,Monitor 24 pulgadas,4
2024-07-30,Tarjeta Gráfica RTX 4060,5
2024-03-11,Tarjeta Gráfica RTX 4060,4
2024-02-02,Tarjeta Gráfica RTX 4060,6
2024-02-26,Memoria RAM 16GB,17
2024-12-14,Memoria RAM 16GB,34
2025-09-28,Procesador Ryzen 5,10
2024-12-17,Monitor 24 pulgadas,21
2026-03-05,Laptop Dell Inspiron,2
2025-08-25,Tarjeta Gráfica RTX 4060,7
2023-10-20,Memoria RAM 16GB,20
2026-01-08,Monitor 24 pulgadas,5
2025-10-10,Memoria RAM 16GB,19
2024-01-21,Tarjeta Gráfica RTX 4060,0
2024-02-21,Monitor 24 pulgadas,8
2024-05-21,Laptop Dell Inspiron,3
2025-10-24,Procesador Ryzen 5,14
2023-05-01,Laptop Dell Inspiron,7
2024-06-24,Laptop Dell Inspiron,4
2024-07-05,Laptop Dell Inspiron,9
2025-08-02,Memoria RAM 16GB,19
2024-08-31,Laptop Dell Inspiron,19
2025-10-01,Laptop Dell Inspiron,7
2023-08-30,Laptop Dell Inspiron,15
2024-07-26,Monitor 24 pulgadas,9
2025-12-31,Procesador Ryzen 5,11
2023-06-03,Tarjeta Gráfica RTX 4060,5
2024-07-10,Memoria RAM 16GB,13
2024-06-17,Tarjeta Gráfica RTX 4060,5
2023-10-16,Tarjeta Gráfica RTX 4060,0
2025-07-07,Laptop Dell Inspiron,6
2024-04-25,Procesador Ryzen 5,6
2025-11-22,Monitor 24 pulgadas,32
2025-12-20,Memoria RAM 16GB,35
2025-07-03,Monitor 24 pulgadas,8
2023-07-08,Monitor 24 pulgadas,9
2025-06-21,Procesador Ryzen 5,14
2024-11-13,Monitor 24 pulgadas,8
2023-04-28,Procesador Ryzen 5,12
2024-04-10,Monitor 24 pulgadas,6
2023-08-25,Tarjeta Gráfica RTX 4060,11
2023-11-30,Tarjeta Gráfica RTX 4060,26
2025-12-12,Memoria RAM 16GB,31
2024-10-02,Memoria RAM 16GB,18
2023-05-27,Procesador Ryzen 5,13
2023-07-09,Memoria RAM 16GB,14
2025-06-03,Tarjeta Gráfica RTX 4060,1
2024-01-26,Tarjeta Gráfica RTX 4060,3
2025-03-12,Memoria RAM 16GB,13
2024-06-21,Laptop Dell Inspiron,6
2025-01-04,Memoria RAM 16GB,21
2023-12-29,Procesador Ryzen 5,14
2025-06-06,Memoria RAM 16GB,21
2023-04-26,Memoria RAM 16GB,18
2023-09-16,Monitor 24 pulgadas,9
2023-07-28,Laptop Dell Inspiron,8
2024-04-28,Tarjeta Gráfica RTX 4060,2
2024-10-25,Monitor 24 pulgadas,12
2024-06-20,Laptop Dell Inspiron,4
2023-04-04,Monitor 24 pulgadas,6
2024-11-27,Memoria RAM 16GB,39
2025-02-25,Tarjeta Gráfica RTX 4060,5
2026-03-30,Memoria RAM 16GB,18
2024-12-25,Tarjeta Gráfica RTX 4060,2
2023-10-26,Memoria RAM 16GB,13
2024-04-30,Monitor 24 pulgadas,7
2024-01-20,Memoria RAM 16GB,19
2023-04-30,Monitor 24 pulgadas,8
2024-01-28,Laptop Dell Inspiron,3
2024-07-04,Tarjeta Gráfica RTX 4060,5
2024-10-14,Procesador Ryzen 5,9
2024-08-01,Monitor 24 pulgadas,6
2024-08-27,Procesador Ryzen 5,13
2023-07-22,Procesador Ryzen 5,11
2026-02-03,Laptop Dell Inspiron,6
2025-10-05,Memoria RAM 16GB,15
2023-04-02,Laptop Dell Inspiron,5
2025-11-02,Laptop Dell Inspiron,2
2024-06-12,Tarjeta Gráfica RTX 4060,4
2024-02-08,Procesador Ryzen 5,8
2024-01-04,Tarjeta Gráfica RTX 4060,1
2025-08-11,Monitor 24 pulgadas,5
2024-10-16,Procesador Ryzen 5,11
2024-05-02,Procesador Ryzen 5,9
2024-07-26,Memoria RAM 16GB,20
2025-09-01,Tarjeta Gráfica RTX 4060,5
2023-06-20,Monitor 24 pulgadas,9
2025-03-21,Memoria RAM 16GB,20
2025-10-28,Memoria RAM 16GB,18
2024-05-26,Procesador Ryzen 5,11
2024-12-09,Tarjeta Gráfica RTX 4060,5
2024-11-28,Laptop Dell Inspiron,30
2025-11-19,Procesador Ryzen 5,31
2024-12-28,Laptop Dell Inspiron,10
2024-08-12,Procesador Ryzen 5,8
2023-05-18,Memoria RAM 16GB,13
2025-03-29,Memoria RAM 16GB,17
2025-02-24,Tarjeta Gráfica RTX 4060,4
2025-07-29,Tarjeta Gráfica RTX 4060,5
2025-09-16,Tarjeta Gráfica RTX 4060,2
2026-03-04,Memoria RAM 16GB,14
2024-05-16,Tarjeta Gráfica RTX 4060,1
2024-12-16,Laptop Dell Inspiron,20
2023-07-26,Laptop Dell Inspiron,5
2025-04-23,Procesador Ryzen 5,9
2026-04-10,Tarjeta Gráfica RTX 4060,5
2025-07-24,Monitor 24 pulgadas,6
2023-12-13,Procesador Ryzen 5,26
2025-06-13,Procesador Ryzen 5,12
2023-05-31,Laptop Dell Inspiron,6
2025-06-12,Laptop Dell Inspiron,4
2025-10-09,Tarjeta Gráfica RTX 4060,1
2024-05-10,Monitor 24 pulgadas,11
2025-12-27,Tarjeta Gráfica RTX 4060,8
2023-06-24,Memoria RAM 16GB,17
2024-08-10,Memoria RAM 16GB,20
2023-08-08,Monitor 24 pulgadas,5
2025-05-22,Laptop Dell Inspiron,3
2024-03-01,Tarjeta Gráfica RTX 4060,5
2025-03-19,Procesador Ryzen 5,6
2025-01-24,Monitor 24 pulgadas,10
2024-05-23,Memoria RAM 16GB,15
2023-10-23,Memoria RAM 16GB,13
2023-06-07,Tarjeta Gráfica RTX 4060,5
2023-07-16,Procesador Ryzen 5,8
2024-08-06,Monitor 24 pulgadas,4
2023-10-07,Laptop Dell Inspiron,10
2023-10-23,Monitor 24 pulgadas,5
2023-10-30,Procesador Ryzen 5,8
2024-02-09,Tarjeta Gráfica RTX 4060,5
2025-11-02,Memoria RAM 16GB,15
2024-08-08,Monitor 24 pulgadas,5
2023-11-19,Laptop Dell Inspiron,31
2024-11-17,Procesador Ryzen 5,31
2024-06-23,Procesador Ryzen 5,7
2025-06-26,Monitor 24 pulgadas,6
2024-11-25,Procesador Ryzen 5,34
2023-07-25,Tarjeta Gráfica RTX 4060,5
2023-04-19,Laptop Dell Inspiron,7
2024-09-01,Laptop Dell Inspiron,19
2023-07-30,Tarjeta Gráfica RTX 4060,5
2026-03-19,Procesador Ryzen 5,6
2025-11-23,Monitor 24 pulgadas,30
2024-04-19,Tarjeta Gráfica RTX 4060,3
2025-02-12,Memoria RAM 16GB,14
2023-10-23,Procesador Ryzen 5,9
2025-10-30,Procesador Ryzen 5,8
2026-03-27,Procesador Ryzen 5,9
2024-12-09,Laptop Dell Inspiron,3
2023-04-16,Tarjeta Gráfica RTX 4060,2
2024-04-07,Memoria RAM 16GB,18
2026-02-26,Laptop Dell Inspiron,4
2023-06-01,Monitor 24 pulgadas,9
2023-10-07,Monitor 24 pulgadas,9
2024-02-18,Laptop Dell Inspiron,2
2025-05-09,Tarjeta Gráfica RTX 4060,6
2025-09-17,Monitor 24 pulgadas,8
2025-07-23,Procesador Ryzen 5,6
2023-08-03,Laptop Dell Inspiron,3
2024-08-31,Monitor 24 pulgadas,22
2024-12-31,Laptop Dell Inspiron,3
2024-12-25,Memoria RAM 16GB,14
2024-01-13,Procesador Ryzen 5,9
2025-11-20,Laptop Dell Inspiron,28
2023-04-08,Monitor 24 pulgadas,9
2025-04-07,Monitor 24 pulgadas,5
2025-07-25,Memoria RAM 16GB,21
2024-11-02,Procesador Ryzen 5,11
2025-03-18,Monitor 24 pulgadas,4
2024-10-26,Monitor 24 pulgadas,8
2025-09-18,Procesador Ryzen 5,10
2025-04-30,Memoria RAM 16GB,16
2023-12-31,Tarjeta Gráfica RTX 4060,5
2025-09-26,Memoria RAM 16GB,21
2023-05-07,Monitor 24 pulgadas,5
2023-04-02,Memoria RAM 16GB,16
2026-03-29,Procesador Ryzen 5,11
2025-11-11,Laptop Dell Inspiron,6
2025-08-08,Procesador Ryzen 5,11
2025-05-27,Procesador Ryzen 5,8
2025-10-18,Laptop Dell Inspiron,8
2023-08-14,Laptop Dell Inspiron,5
2026-03-24,Memoria RAM 16GB,17
2025-05-08,Procesador Ryzen 5,10
2025-07-26,Memoria RAM 16GB,18
2025-06-17,Procesador Ryzen 5,8
2025-07-14,Laptop Dell Inspiron,7
2025-03-15,Monitor 24 pulgadas,10
2026-04-11,Memoria RAM 16GB,21
2023-07-12,Laptop Dell Inspiron,6
2023-09-14,Tarjeta Gráfica RTX 4060,4
2023-04-01,Procesador Ryzen 5,9
2026-01-22,Memoria RAM 16GB,14
2025-06-24,Memoria RAM 16GB,14
2026-02-13,Memoria RAM 16GB,19
2026-01-10,Memoria RAM 16GB,20
2025-06-12,Procesador Ryzen 5,9
2025-12-29,Memoria RAM 16GB,15
2024-02-26,Laptop Dell Inspiron,2
2024-02-14,Procesador Ryzen 5,11
2024-08-30,Procesador Ryzen 5,14
2024-05-05,Laptop Dell Inspiron,2
2025-07-06,Memoria RAM 16GB,15
2024-01-30,Monitor 24 pulgadas,7
2025-02-28,Procesador Ryzen 5,10
2026-01-30,Procesador Ryzen 5,11
2025-10-20,Monitor 24 pulgadas,5
2024-11-05,Tarjeta Gráfica RTX 4060,4
2024-06-14,Procesador Ryzen 5,12
2023-10-09,Laptop Dell Inspiron,2
2025-12-07,Memoria RAM 16GB,15
2025-06-27,Memoria RAM 16GB,19
2025-11-28,Tarjeta Gráfica RTX 4060,29
2025-07-11,Laptop Dell Inspiron,9
2025-01-05,Monitor 24 pulgadas,5
2024-01-26,Monitor 24 pulgadas,10
2024-06-18,Laptop Dell Inspiron,5
2025-06-10,Monitor 24 pulgadas,9
2025-03-04,Laptop Dell Inspiron,2
2024-05-22,Tarjeta Gráfica RTX 4060,5
2023-06-25,Tarjeta Gráfica RTX 4060,3
2025-05-05,Tarjeta Gráfica RTX 4060,0
2023-11-20,Memoria RAM 16GB,43
2025-04-27,Tarjeta Gráfica RTX 4060,5
2025-09-30,Laptop Dell Inspiron,4
2024-08-14,Laptop Dell Inspiron,6
2024-11-19,Laptop Dell Inspiron,27
2023-07-03,Memoria RAM 16GB,13
2025-03-30,Tarjeta Gráfica RTX 4060,4
2024-02-24,Memoria RAM 16GB,19
2023-08-11,Laptop Dell Inspiron,8
2024-02-12,Laptop Dell Inspiron,5
2023-10-28,Laptop Dell Inspiron,7
2025-01-21,Tarjeta Gráfica RTX 4060,2
2024-01-27,Monitor 24 pulgadas,9
2025-03-22,Memoria RAM 16GB,21
2025-03-26,Procesador Ryzen 5,11
2025-11-29,Memoria RAM 16GB,41
2023-05-14,Laptop Dell Inspiron,2
2024-03-28,Procesador Ryzen 5,9
2025-03-14,Procesador Ryzen 5,14
2025-10-01,Monitor 24 pulgadas,7
2024-12-18,Monitor 24 pulgadas,20
2025-08-02,Tarjeta Gráfica RTX 4060,3
2024-10-21,Monitor 24 pulgadas,8
2024-12-16,Memoria RAM 16GB,28
2025-12-05,Laptop Dell Inspiron,9
2023-07-13,Monitor 24 pulgadas,9
2023-06-06,Monitor 24 pulgadas,5
2026-02-18,Memoria RAM 16GB,13
2025-07-05,Memoria RAM 16GB,16
2024-09-23,Tarjeta Gráfica RTX 4060,4
2025-05-21,Tarjeta Gráfica RTX 4060,5
2026-01-18,Memoria RAM 16GB,17
2024-01-25,Memoria RAM 16GB,14
2024-02-17,Monitor 24 pulgadas,9
2023-12-06,Monitor 24 pulgadas,6
2025-01-21,Laptop Dell Inspiron,2
2023-11-23,Laptop Dell Inspiron,30
2023-05-10,Procesador Ryzen 5,10
2023-12-10,Tarjeta Gráfica RTX 4060,19
2023-11-22,Memoria RAM 16GB,40
2024-05-20,Procesador Ryzen 5,10
2025-10-22,Laptop Dell Inspiron,7
2024-03-01,Laptop Dell Inspiron,10
2025-03-06,Procesador Ryzen 5,11
2026-01-03,Laptop Dell Inspiron,8
2024-01-23,Laptop Dell Inspiron,7
2025-07-05,Procesador Ryzen 5,13
2024-01-23,Tarjeta Gráfica RTX 4060,2
2024-08-17,Laptop Dell Inspiron,19
2025-10-24,Monitor 24 pulgadas,8
2024-05-27,Laptop Dell Inspiron,2
2025-11-11,Procesador Ryzen 5,7
2023-07-13,Tarjeta Gráfica RTX 4060,0
2025-01-25,Memoria RAM 16GB,16
2023-11-26,Monitor 24 pulgadas,31
2025-11-12,Monitor 24 pulgadas,4
2023-12-03,Tarjeta Gráfica RTX 4060,1
2025-05-25,Procesador Ryzen 5,6
2025-04-02,Memoria RAM 16GB,15
2025-09-03,Laptop Dell Inspiron,19
2024-11-27,Tarjeta Gráfica RTX 4060,25
2023-11-11,Monitor 24 pulgadas,9
2024-12-26,Memoria RAM 16GB,16
2023-04-23,Memoria RAM 16GB,13
2025-11-28,Monitor 24 pulgadas,37
2025-04-17,Tarjeta Gráfica RTX 4060,5
2025-09-08,Laptop Dell Inspiron,7
2025-01-19,Procesador Ryzen 5,6
2024-01-14,Procesador Ryzen 5,8
2025-04-29,Procesador Ryzen 5,6
2024-03-24,Monitor 24 pulgadas,4
2023-08-14,Monitor 24 pulgadas,5
2024-05-05,Monitor 24 pulgadas,7
2024-09-13,Procesador Ryzen 5,10
2023-05-09,Procesador Ryzen 5,10
2024-08-27,Memoria RAM 16GB,16
2026-01-10,Tarjeta Gráfica RTX 4060,8
2023-05-23,Memoria RAM 16GB,16
2024-11-21,Monitor 24 pulgadas,30
2023-06-30,Procesador Ryzen 5,9
2025-11-27,Memoria RAM 16GB,41
2026-03-21,Memoria RAM 16GB,21
2023-10-16,Memoria RAM 16GB,17
2025-09-23,Procesador Ryzen 5,11
2024-12-17,Laptop Dell Inspiron,18
2024-05-16,Laptop Dell Inspiron,7
2024-12-13,Procesador Ryzen 5,26
2023-04-20,Monitor 24 pulgadas,9
2026-01-05,Memoria RAM 16GB,13
2024-12-12,Monitor 24 pulgadas,22
2025-06-08,Laptop Dell Inspiron,6
2025-04-08,Memoria RAM 16GB,14
2024-07-27,Procesador Ryzen 5,14
2025-07-26,Procesador Ryzen 5,11
2024-06-13,Procesador Ryzen 5,7
2024-08-31,Tarjeta Gráfica RTX 4060,6
2025-10-22,Memoria RAM 16GB,14
2023-05-06,Procesador Ryzen 5,14
2023-10-25,Memoria RAM 16GB,14
2023-05-29,Memoria RAM 16GB,18
2024-07-20,Tarjeta Gráfica RTX 4060,8
2023-09-27,Monitor 24 pulgadas,8
2025-09-25,Monitor 24 pulgadas,9
2024-07-20,Memoria RAM 16GB,19
2024-02-28,Procesador Ryzen 5,6
2026-03-30,Monitor 24 pulgadas,8
2023-12-07,Laptop Dell Inspiron,7
2024-10-03,Tarjeta Gráfica RTX 4060,5
2024-03-15,Memoria RAM 16GB,16
2025-04-24,Laptop Dell Inspiron,7
2025-12-28,Laptop Dell Inspiron,7
2025-08-13,Tarjeta Gráfica RTX 4060,4
2024-04-29,Laptop Dell Inspiron,6
2023-11-30,Monitor 24 pulgadas,32
2025-06-13,Monitor 24 pulgadas,10
2024-03-24,Memoria RAM 16GB,15
2023-12-15,Memoria RAM 16GB,36
2025-07-13,Monitor 24 pulgadas,8
2023-09-08,Monitor 24 pulgadas,11
2024-07-16,Tarjeta Gráfica RTX 4060,5
2024-09-13,Tarjeta Gráfica RTX 4060,8
2023-07-16,Monitor 24 pulgadas,6
2024-07-12,Monitor 24 pulgadas,12
2024-11-07,Procesador Ryzen 5,7
2025-08-22,Tarjeta Gráfica RTX 4060,11
2023-09-30,Tarjeta Gráfica RTX 4060,8
2023-05-17,Tarjeta Gráfica RTX 4060,5
2025-01-18,Laptop Dell Inspiron,9
2023-12-21,Monitor 24 pulgadas,19
2024-05-21,Memoria RAM 16GB,17
2025-04-09,Tarjeta Gráfica RTX 4060,0
2025-02-04,Monitor 24 pulgadas,5
2026-04-07,Laptop Dell Inspiron,2
2025-04-16,Laptop Dell Inspiron,5
2026-01-07,Laptop Dell Inspiron,5
2025-12-07,Tarjeta Gráfica RTX 4060,1
2023-11-18,Laptop Dell Inspiron,34
2025-01-14,Monitor 24 pulgadas,6
2025-04-21,Monitor 24 pulgadas,4
2024-03-02,Tarjeta Gráfica RTX 4060,7
2024-05-29,Tarjeta Gráfica RTX 4060,1
2024-12-19,Monitor 24 pulgadas,21
2025-01-07,Procesador Ryzen 5,8
2026-01-06,Memoria RAM 16GB,18
2025-06-23,Laptop Dell Inspiron,4
2023-10-17,Tarjeta Gráfica RTX 4060,1
2023-08-04,Procesador Ryzen 5,14
2024-02-25,Tarjeta Gráfica RTX 4060,1
2025-08-06,Tarjeta Gráfica RTX 4060,2
2025-10-15,Procesador Ryzen 5,11
2024-03-14,Laptop Dell Inspiron,7
2025-04-09,Monitor 24 pulgadas,6
2023-05-27,Memoria RAM 16GB,16
2024-07-27,Laptop Dell Inspiron,8
2023-07-29,Procesador Ryzen 5,10
2024-12-19,Laptop Dell Inspiron,18
2026-01-31,Laptop Dell Inspiron,6
2025-08-20,Tarjeta Gráfica RTX 4060,5
2026-02-17,Memoria RAM 16GB,13
2023-12-07,Memoria RAM 16GB,18
2024-06-29,Memoria RAM 16GB,18
2025-10-28,Laptop Dell Inspiron,5
2025-02-23,Procesador Ryzen 5,11
2025-05-09,Procesador Ryzen 5,12
2023-06-15,Laptop Dell Inspiron,3
2025-09-09,Monitor 24 pulgadas,5
2024-05-17,Procesador Ryzen 5,12
2025-04-20,Tarjeta Gráfica RTX 4060,5
2026-01-01,Laptop Dell Inspiron,3
2025-12-16,Laptop Dell Inspiron,18
2023-11-08,Procesador Ryzen 5,11
2024-11-15,Tarjeta Gráfica RTX 4060,32
2024-11-30,Laptop Dell Inspiron,34
2024-01-24,Tarjeta Gráfica RTX 4060,1
2025-06-09,Monitor 24 pulgadas,8
2025-02-22,Memoria RAM 16GB,16
2023-09-29,Monitor 24 pulgadas,7
2023-08-11,Procesador Ryzen 5,10
2024-09-26,Procesador Ryzen 5,6
2023-12-21,Laptop Dell Inspiron,17
2024-07-05,Procesador Ryzen 5,14
2025-04-30,Monitor 24 pulgadas,8
2026-04-10,Memoria RAM 16GB,21
2024-09-19,Tarjeta Gráfica RTX 4060,4
2026-01-13,Monitor 24 pulgadas,9
2025-02-03,Monitor 24 pulgadas,8
2023-09-28,Laptop Dell Inspiron,7
2023-09-20,Laptop Dell Inspiron,2
2026-03-18,Monitor 24 pulgadas,9
2023-05-29,Laptop Dell Inspiron,4
2026-04-09,Memoria RAM 16GB,15
2024-09-07,Procesador Ryzen 5,13
2023-11-08,Monitor 24 pulgadas,5
2025-12-05,Memoria RAM 16GB,18
2025-04-02,Tarjeta Gráfica RTX 4060,3
2024-07-14,Memoria RAM 16GB,18
2024-09-26,Laptop Dell Inspiron,2
2023-10-20,Monitor 24 pulgadas,10
2024-12-26,Monitor 24 pulgadas,8
2025-09-19,Laptop Dell Inspiron,7
2023-09-02,Monitor 24 pulgadas,20
2023-07-05,Laptop Dell Inspiron,6
2024-11-24,Laptop Dell Inspiron,28
2025-04-26,Memoria RAM 16GB,21
2023-12-16,Memoria RAM 16GB,34
2024-10-04,Tarjeta Gráfica RTX 4060,3
2024-06-17,Procesador Ryzen 5,11
2025-09-25,Procesador Ryzen 5,10
2025-03-24,Memoria RAM 16GB,17
2024-06-05,Tarjeta Gráfica RTX 4060,0
2025-02-24,Procesador Ryzen 5,10
2025-11-27,Procesador Ryzen 5,33
2023-05-08,Laptop Dell Inspiron,2
2024-09-01,Procesador Ryzen 5,11
2024-06-17,Laptop Dell Inspiron,6
2024-12-13,Tarjeta Gráfica RTX 4060,18
2025-01-13,Memoria RAM 16GB,17
2025-12-01,Laptop Dell Inspiron,5
2024-05-08,Procesador Ryzen 5,8
2024-11-09,Procesador Ryzen 5,10
2024-04-07,Procesador Ryzen 5,6
2024-04-11,Monitor 24 pulgadas,9
2024-08-13,Monitor 24 pulgadas,6
2023-05-15,Tarjeta Gráfica RTX 4060,5
2024-02-14,Laptop Dell Inspiron,5
2023-10-04,Memoria RAM 16GB,16
2024-01-02,Procesador Ryzen 5,8
2023-07-20,Procesador Ryzen 5,11
2024-06-24,Monitor 24 pulgadas,9
2024-11-11,Laptop Dell Inspiron,4
2025-11-12,Tarjeta Gráfica RTX 4060,2
2024-02-13,Tarjeta Gráfica RTX 4060,0
2026-02-11,Tarjeta Gráfica RTX 4060,5
2024-02-25,Procesador Ryzen 5,8
2025-11-23,Memoria RAM 16GB,38
2025-05-25,Memoria RAM 16GB,18
2024-03-04,Laptop Dell Inspiron,6
2026-01-05,Tarjeta Gráfica RTX 4060,4
2025-10-22,Tarjeta Gráfica RTX 4060,2
2024-05-19,Monitor 24 pulgadas,6
2023-06-08,Laptop Dell Inspiron,3
2024-05-09,Laptop Dell Inspiron,5
2023-08-22,Laptop Dell Inspiron,14
2023-06-02,Tarjeta Gráfica RTX 4060,5
2025-03-27,Monitor 24 pulgadas,7
2023-07-07,Laptop Dell Inspiron,6
2024-12-07,Memoria RAM 16GB,21
2025-02-18,Monitor 24 pulgadas,5
2023-04-09,Memoria RAM 16GB,16
2025-07-20,Laptop Dell Inspiron,4
2025-12-15,Memoria RAM 16GB,29
2025-08-06,Procesador Ryzen 5,10
2024-08-28,Laptop Dell Inspiron,17
2023-07-15,Laptop Dell Inspiron,10
2023-11-01,Procesador Ryzen 5,10
2024-08-21,Tarjeta Gráfica RTX 4060,8
2025-07-08,Tarjeta Gráfica RTX 4060,2
2025-03-16,Laptop Dell Inspiron,7
2025-01-25,Monitor 24 pulgadas,8
2025-10-11,Laptop Dell Inspiron,8
2025-07-25,Monitor 24 pulgadas,8
2025-10-23,Procesador Ryzen 5,6
2023-05-15,Memoria RAM 16GB,14
2024-08-06,Memoria RAM 16GB,17
2024-11-11,Monitor 24 pulgadas,8
2024-05-25,Monitor 24 pulgadas,10
2023-06-12,Tarjeta Gráfica RTX 4060,4
2025-10-02,Memoria RAM 16GB,17
2023-07-01,Laptop Dell Inspiron,9
2026-02-22,Memoria RAM 16GB,18
2025-04-30,Laptop Dell Inspiron,2
2025-07-04,Laptop Dell Inspiron,6
2023-10-10,Laptop Dell Inspiron,6
2025-04-04,Laptop Dell Inspiron,5
2024-04-14,Laptop Dell Inspiron,7
2025-04-21,Memoria RAM 16GB,18
2024-02-04,Tarjeta Gráfica RTX 4060,5
2026-02-06,Monitor 24 pulgadas,7
2025-06-26,Laptop Dell Inspiron,2
2025-06-30,Monitor 24 pulgadas,8
2024-11-30,Tarjeta Gráfica RTX 4060,30
2025-05-14,Procesador Ryzen 5,10
2024-01-05,Procesador Ryzen 5,9
2025-02-07,Memoria RAM 16GB,19
2023-06-26,Procesador Ryzen 5,11
2025-11-26,Monitor 24 pulgadas,31
2023-04-20,Procesador Ryzen 5,11
2025-01-23,Laptop Dell Inspiron,6
2026-03-15,Procesador Ryzen 5,9
2024-06-22,Memoria RAM 16GB,18
2023-10-02,Memoria RAM 16GB,14
2024-01-19,Monitor 24 pulgadas,11
2025-11-02,Procesador Ryzen 5,10
2025-02-18,Memoria RAM 16GB,13
2025-03-09,Monitor 24 pulgadas,6
2024-01-16,Procesador Ryzen 5,6
2025-09-18,Monitor 24 pulgadas,7
2024-06-21,Procesador Ryzen 5,12
2023-09-10,Monitor 24 pulgadas,8
2024-04-15,Monitor 24 pulgadas,4
2025-08-12,Laptop Dell Inspiron,2
2024-01-07,Monitor 24 pulgadas,6
2024-11-29,Monitor 24 pulgadas,32
2024-10-30,Laptop Dell Inspiron,2
2026-03-31,Monitor 24 pulgadas,4
2025-10-17,Monitor 24 pulgadas,10
2026-01-18,Monitor 24 pulgadas,5
2025-09-02,Tarjeta Gráfica RTX 4060,4
2024-06-01,Procesador Ryzen 5,11
2024-12-13,Laptop Dell Inspiron,25
2024-01-10,Monitor 24 pulgadas,4
2024-03-31,Monitor 24 pulgadas,8
2024-01-04,Laptop Dell Inspiron,6
2024-04-22,Tarjeta Gráfica RTX 4060,4
2026-02-21,Tarjeta Gráfica RTX 4060,5
2024-07-02,Laptop Dell Inspiron,4
2023-10-22,Tarjeta Gráfica RTX 4060,4
2024-07-17,Tarjeta Gráfica RTX 4060,2
2025-08-09,Laptop Dell Inspiron,8
2024-08-16,Memoria RAM 16GB,23
2023-05-30,Memoria RAM 16GB,14
2023-11-24,Procesador Ryzen 5,35
2024-11-25,Memoria RAM 16GB,43
2023-12-06,Memoria RAM 16GB,18
2025-04-02,Laptop Dell Inspiron,4
2023-12-14,Laptop Dell Inspiron,22
2025-09-22,Laptop Dell Inspiron,4
2025-03-28,Monitor 24 pulgadas,12
2025-10-21,Procesador Ryzen 5,6
2025-07-15,Procesador Ryzen 5,10
2023-08-21,Memoria RAM 16GB,16
2024-12-24,Procesador Ryzen 5,21
2024-06-19,Procesador Ryzen 5,9
2023-08-25,Laptop Dell Inspiron,22
2026-01-02,Tarjeta Gráfica RTX 4060,4
2023-12-31,Memoria RAM 16GB,17
2025-08-07,Procesador Ryzen 5,8
2023-04-01,Tarjeta Gráfica RTX 4060,4
2025-10-13,Tarjeta Gráfica RTX 4060,3
2023-08-31,Laptop Dell Inspiron,15
2026-01-01,Tarjeta Gráfica RTX 4060,5
2025-02-08,Laptop Dell Inspiron,5
2025-05-23,Laptop Dell Inspiron,6
2025-11-02,Monitor 24 pulgadas,5
2024-04-25,Monitor 24 pulgadas,4
2024-12-02,Monitor 24 pulgadas,9
2023-10-12,Laptop Dell Inspiron,3
2025-07-02,Tarjeta Gráfica RTX 4060,5
2024-09-11,Procesador Ryzen 5,10
2024-11-06,Monitor 24 pulgadas,5
2024-12-24,Monitor 24 pulgadas,24
2025-04-22,Procesador Ryzen 5,11
2026-04-11,Tarjeta Gráfica RTX 4060,5
2025-08-20,Memoria RAM 16GB,18
2024-01-01,Laptop Dell Inspiron,5
2025-03-09,Procesador Ryzen 5,9
2025-08-17,Tarjeta Gráfica RTX 4060,7
2023-12-10,Monitor 24 pulgadas,21
2025-03-13,Memoria RAM 16GB,13
2023-05-19,Procesador Ryzen 5,14
2025-06-02,Tarjeta Gráfica RTX 4060,2
2025-07-26,Laptop Dell Inspiron,8
2024-04-02,Monitor 24 pulgadas,7
2026-04-04,Monitor 24 pulgadas,10
2025-02-10,Laptop Dell Inspiron,4
2024-04-11,Laptop Dell Inspiron,6
2024-09-04,Monitor 24 pulgadas,17
2024-06-14,Memoria RAM 16GB,21
2025-08-14,Memoria RAM 16GB,17
2024-07-29,Procesador Ryzen 5,9
2025-06-28,Procesador Ryzen 5,14
2025-12-17,Laptop Dell Inspiron,17
2025-09-30,Monitor 24 pulgadas,9
2023-06-12,Laptop Dell Inspiron,4
2025-12-09,Laptop Dell Inspiron,6
2023-09-27,Procesador Ryzen 5,10
2026-02-08,Monitor 24 pulgadas,5
2024-02-17,Tarjeta Gráfica RTX 4060,4
2023-07-11,Memoria RAM 16GB,15
2025-12-10,Monitor 24 pulgadas,20
2025-03-01,Laptop Dell Inspiron,8
2025-02-09,Procesador Ryzen 5,9
2024-02-16,Procesador Ryzen 5,9
2026-02-28,Memoria RAM 16GB,16
2023-12-20,Procesador Ryzen 5,23
2024-02-11,Tarjeta Gráfica RTX 4060,5
2025-11-07,Laptop Dell Inspiron,8
2025-10-09,Memoria RAM 16GB,15
2025-03-06,Monitor 24 pulgadas,6
2024-01-26,Laptop Dell Inspiron,10
2023-09-03,Laptop Dell Inspiron,18
2024-04-09,Tarjeta Gráfica RTX 4060,1
2025-03-11,Procesador Ryzen 5,10
2024-04-25,Laptop Dell Inspiron,5
2024-02-25,Monitor 24 pulgadas,6
2024-07-03,Memoria RAM 16GB,13
2024-07-29,Monitor 24 pulgadas,6
2024-11-13,Memoria RAM 16GB,17
2026-04-09,Laptop Dell Inspiron,2
2024-01-11,Memoria RAM 16GB,15
2025-07-22,Laptop Dell Inspiron,4
2024-09-12,Procesador Ryzen 5,7
2025-06-08,Procesador Ryzen 5,7
2023-06-29,Procesador Ryzen 5,9
2024-11-24,Memoria RAM 16GB,42
2024-01-04,Memoria RAM 16GB,17
2024-09-29,Tarjeta Gráfica RTX 4060,3
2023-11-14,Tarjeta Gráfica RTX 4060,5
2023-08-02,Memoria RAM 16GB,15
2026-01-25,Laptop Dell Inspiron,7
2023-04-15,Laptop Dell Inspiron,10
2025-04-11,Procesador Ryzen 5,11
2025-11-21,Laptop Dell Inspiron,31
2025-09-16,Monitor 24 pulgadas,4
2026-01-18,Laptop Dell Inspiron,2
2024-01-30,Laptop Dell Inspiron,2
2024-01-31,Memoria RAM 16GB,17
2023-09-08,Laptop Dell Inspiron,5
2024-10-10,Monitor 24 pulgadas,6
2024-09-14,Monitor 24 pulgadas,8
2024-08-25,Memoria RAM 16GB,17
2023-09-03,Tarjeta Gráfica RTX 4060,4
2025-03-22,Procesador Ryzen 5,13
2026-04-01,Procesador Ryzen 5,9
2024-03-17,Laptop Dell Inspiron,3
2024-09-08,Memoria RAM 16GB,14
2024-02-21,Tarjeta Gráfica RTX 4060,2
2024-09-15,Monitor 24 pulgadas,9
2024-05-31,Monitor 24 pulgadas,8
2026-02-17,Laptop Dell Inspiron,4
2025-09-24,Monitor 24 pulgadas,8
2025-07-17,Monitor 24 pulgadas,4
2023-08-21,Procesador Ryzen 5,9
2024-08-30,Tarjeta Gráfica RTX 4060,10
2026-04-03,Monitor 24 pulgadas,9
2024-04-09,Laptop Dell Inspiron,4
2025-05-30,Monitor 24 pulgadas,10
2023-04-13,Laptop Dell Inspiron,3
2025-11-29,Tarjeta Gráfica RTX 4060,30
2026-01-10,Laptop Dell Inspiron,10
2025-02-09,Memoria RAM 16GB,16
2025-02-10,Tarjeta Gráfica RTX 4060,4
2025-12-22,Monitor 24 pulgadas,19
2023-04-11,Memoria RAM 16GB,13
2024-09-27,Monitor 24 pulgadas,10
2024-09-02,Tarjeta Gráfica RTX 4060,7
2025-06-16,Procesador Ryzen 5,10
2026-02-14,Monitor 24 pulgadas,8
2024-11-15,Laptop Dell Inspiron,33
2025-05-27,Memoria RAM 16GB,13
2024-06-27,Procesador Ryzen 5,7
2025-05-27,Tarjeta Gráfica RTX 4060,2
2024-09-07,Tarjeta Gráfica RTX 4060,8
2024-07-15,Monitor 24 pulgadas,7
2024-12-08,Monitor 24 pulgadas,4
2024-06-27,Memoria RAM 16GB,15
2025-10-18,Memoria RAM 16GB,18
2025-11-25,Monitor 24 pulgadas,32
2024-04-21,Tarjeta Gráfica RTX 4060,4
2023-06-19,Tarjeta Gráfica RTX 4060,5
2023-05-22,Memoria RAM 16GB,14
2026-01-25,Memoria RAM 16GB,16
2026-01-13,Tarjeta Gráfica RTX 4060,5
2023-04-11,Tarjeta Gráfica RTX 4060,1
2025-05-03,Laptop Dell Inspiron,6
2025-05-21,Memoria RAM 16GB,18
2025-09-28,Tarjeta Gráfica RTX 4060,3
2025-12-28,Monitor 24 pulgadas,7
2025-03-07,Memoria RAM 16GB,16
2024-12-06,Monitor 24 pulgadas,11
2025-12-24,Monitor 24 pulgadas,23
2025-10-24,Tarjeta Gráfica RTX 4060,8
2025-10-27,Procesador Ryzen 5,9
2024-01-06,Memoria RAM 16GB,16
2025-12-23,Monitor 24 pulgadas,19
2023-06-18,Monitor 24 pulgadas,5
2024-07-23,Memoria RAM 16GB,15
2023-04-23,Tarjeta Gráfica RTX 4060,2
2024-08-04,Monitor 24 pulgadas,6
2025-01-08,Laptop Dell Inspiron,4
2024-06-13,Monitor 24 pulgadas,4
2023-11-15,Laptop Dell Inspiron,32
2023-12-26,Laptop Dell Inspiron,4
2025-02-17,Procesador Ryzen 5,11
2025-09-02,Laptop Dell Inspiron,17
2024-07-15,Tarjeta Gráfica RTX 4060,1
2025-06-02,Procesador Ryzen 5,11
2025-05-13,Tarjeta Gráfica RTX 4060,5
2024-05-15,Memoria RAM 16GB,17
2024-09-14,Tarjeta Gráfica RTX 4060,5
2025-04-08,Laptop Dell Inspiron,7
2023-11-25,Tarjeta Gráfica RTX 4060,28
2023-08-14,Procesador Ryzen 5,8
2024-01-10,Laptop Dell Inspiron,5
2023-09-20,Monitor 24 pulgadas,7
2024-12-19,Procesador Ryzen 5,23
2025-11-08,Tarjeta Gráfica RTX 4060,4
2023-10-09,Memoria RAM 16GB,15
2026-02-19,Laptop Dell Inspiron,7
2023-05-20,Memoria RAM 16GB,16
2025-09-04,Laptop Dell Inspiron,18
2025-08-26,Tarjeta Gráfica RTX 4060,7
2026-01-24,Memoria RAM 16GB,19
2024-08-03,Tarjeta Gráfica RTX 4060,3
2024-01-22,Procesador Ryzen 5,9
2024-02-26,Tarjeta Gráfica RTX 4060,3
2023-08-03,Monitor 24 pulgadas,5
2025-08-31,Monitor 24 pulgadas,17
2023-12-05,Tarjeta Gráfica RTX 4060,3
2024-05-07,Procesador Ryzen 5,6
2025-12-21,Monitor 24 pulgadas,20
2024-10-16,Monitor 24 pulgadas,8
2025-11-13,Laptop Dell Inspiron,7
2023-10-22,Procesador Ryzen 5,8
2025-05-08,Tarjeta Gráfica RTX 4060,0
2023-09-06,Memoria RAM 16GB,17
2024-04-20,Procesador Ryzen 5,11
2025-10-25,Tarjeta Gráfica RTX 4060,7
2025-02-15,Procesador Ryzen 5,11
2023-10-05,Monitor 24 pulgadas,5
2026-03-03,Tarjeta Gráfica RTX 4060,2
2024-12-23,Laptop Dell Inspiron,20
2023-11-02,Monitor 24 pulgadas,4
2025-11-15,Monitor 24 pulgadas,34
2026-01-05,Procesador Ryzen 5,8
2024-12-03,Laptop Dell Inspiron,7
2024-04-07,Tarjeta Gráfica RTX 4060,5
2025-07-13,Memoria RAM 16GB,13
2023-12-13,Memoria RAM 16GB,30
2025-11-04,Tarjeta Gráfica RTX 4060,2
2023-11-19,Tarjeta Gráfica RTX 4060,26
2025-09-23,Tarjeta Gráfica RTX 4060,3
2024-12-01,Memoria RAM 16GB,14
2026-03-22,Memoria RAM 16GB,16
2024-02-06,Monitor 24 pulgadas,6
2023-10-04,Laptop Dell Inspiron,5
2025-12-17,Monitor 24 pulgadas,19
2024-09-28,Memoria RAM 16GB,16
2023-07-24,Memoria RAM 16GB,14
2025-09-22,Monitor 24 pulgadas,8
2024-12-23,Tarjeta Gráfica RTX 4060,15
2023-12-16,Procesador Ryzen 5,25
2023-12-17,Procesador Ryzen 5,25
2024-04-02,Procesador Ryzen 5,6
2024-06-21,Tarjeta Gráfica RTX 4060,6
2023-10-24,Laptop Dell Inspiron,3
2023-09-16,Tarjeta Gráfica RTX 4060,3
2023-07-05,Procesador Ryzen 5,6
2024-08-23,Monitor 24 pulgadas,24
2025-06-13,Laptop Dell Inspiron,8
2026-02-08,Memoria RAM 16GB,14
2025-11-04,Laptop Dell Inspiron,4
2025-11-03,Monitor 24 pulgadas,6
2025-10-21,Tarjeta Gráfica RTX 4060,1
2026-03-17,Laptop Dell Inspiron,6
2026-03-22,Tarjeta Gráfica RTX 4060,5
2023-05-12,Laptop Dell Inspiron,7
2026-01-19,Monitor 24 pulgadas,8
2024-01-22,Tarjeta Gráfica RTX 4060,3
2024-07-09,Memoria RAM 16GB,17
2023-06-23,Memoria RAM 16GB,20
2024-05-13,Tarjeta Gráfica RTX 4060,3
2025-02-28,Monitor 24 pulgadas,8
2023-09-07,Memoria RAM 16GB,15
2025-08-08,Monitor 24 pulgadas,8
2025-03-07,Monitor 24 pulgadas,9
2024-01-08,Monitor 24 pulgadas,4
2023-11-06,Monitor 24 pulgadas,5
2024-11-03,Tarjeta Gráfica RTX 4060,0
2023-08-05,Memoria RAM 16GB,21
2023-05-22,Procesador Ryzen 5,8
2025-07-19,Memoria RAM 16GB,18
2024-09-03,Monitor 24 pulgadas,17
2023-06-10,Laptop Dell Inspiron,9
2024-04-04,Memoria RAM 16GB,16
2025-05-13,Procesador Ryzen 5,11
2023-05-31,Monitor 24 pulgadas,7
2025-04-21,Tarjeta Gráfica RTX 4060,5
2025-06-15,Monitor 24 pulgadas,7
2024-01-03,Monitor 24 pulgadas,8
2025-05-08,Laptop Dell Inspiron,5
2024-03-04,Memoria RAM 16GB,15
2025-06-10,Procesador Ryzen 5,11
2025-08-24,Laptop Dell Inspiron,17
2026-04-12,Memoria RAM 16GB,18
2024-05-11,Monitor 24 pulgadas,8
2024-01-17,Monitor 24 pulgadas,7
2025-06-21,Tarjeta Gráfica RTX 4060,6
2025-12-04,Memoria RAM 16GB,17
2025-01-13,Monitor 24 pulgadas,8
2024-10-12,Laptop Dell Inspiron,5
2026-01-27,Memoria RAM 16GB,17
2023-08-02,Laptop Dell Inspiron,6
2023-12-03,Laptop Dell Inspiron,6
2024-05-01,Memoria RAM 16GB,18
2024-04-07,Monitor 24 pulgadas,7
2023-06-07,Monitor 24 pulgadas,6
2025-09-19,Procesador Ryzen 5,12
2024-05-06,Memoria RAM 16GB,18
2024-03-12,Procesador Ryzen 5,7
2025-03-08,Tarjeta Gráfica RTX 4060,3
2026-02-12,Tarjeta Gráfica RTX 4060,5
2026-03-12,Tarjeta Gráfica RTX 4060,3
2025-04-10,Monitor 24 pulgadas,4
2024-04-14,Monitor 24 pulgadas,5
2025-02-14,Procesador Ryzen 5,10
2025-01-01,Tarjeta Gráfica RTX 4060,5
2025-07-28,Monitor 24 pulgadas,8
2026-03-02,Tarjeta Gráfica RTX 4060,5
2023-04-18,Laptop Dell Inspiron,5
2024-08-05,Memoria RAM 16GB,16
2025-06-19,Memoria RAM 16GB,18
2024-01-28,Monitor 24 pulgadas,5
2025-09-23,Laptop Dell Inspiron,4
2025-11-21,Monitor 24 pulgadas,34
2024-03-07,Memoria RAM 16GB,16
2024-10-05,Memoria RAM 16GB,21
2025-05-17,Laptop Dell Inspiron,10
2024-10-12,Procesador Ryzen 5,13
2025-03-27,Laptop Dell Inspiron,3
2025-10-04,Procesador Ryzen 5,14
2025-03-09,Laptop Dell Inspiron,6
2025-08-25,Procesador Ryzen 5,9
2025-06-20,Laptop Dell Inspiron,7
2023-08-15,Monitor 24 pulgadas,16
2024-03-26,Laptop Dell Inspiron,7
2025-07-19,Laptop Dell Inspiron,5
2023-10-20,Procesador Ryzen 5,10
2024-04-26,Memoria RAM 16GB,21
2023-07-26,Procesador Ryzen 5,9
2025-05-15,Laptop Dell Inspiron,5
2024-03-09,Laptop Dell Inspiron,6
2025-01-20,Laptop Dell Inspiron,3
2023-12-18,Memoria RAM 16GB,28
2025-09-30,Tarjeta Gráfica RTX 4060,2
2023-10-15,Laptop Dell Inspiron,2
2026-02-22,Tarjeta Gráfica RTX 4060,1
2024-12-26,Tarjeta Gráfica RTX 4060,5
2025-10-08,Monitor 24 pulgadas,6
2026-02-25,Tarjeta Gráfica RTX 4060,5
2023-08-04,Laptop Dell Inspiron,5
2024-11-18,Memoria RAM 16GB,40
2026-02-08,Tarjeta Gráfica RTX 4060,2
2024-12-20,Procesador Ryzen 5,24
2025-11-05,Tarjeta Gráfica RTX 4060,1
2025-01-18,Memoria RAM 16GB,20
2025-01-08,Procesador Ryzen 5,10
2023-11-09,Laptop Dell Inspiron,7
2023-05-22,Tarjeta Gráfica RTX 4060,3
2025-07-24,Tarjeta Gráfica RTX 4060,5
2023-12-25,Laptop Dell Inspiron,4
2026-04-04,Procesador Ryzen 5,11
2026-03-15,Tarjeta Gráfica RTX 4060,3
2023-04-20,Memoria RAM 16GB,16
2024-09-18,Monitor 24 pulgadas,9
2025-05-15,Tarjeta Gráfica RTX 4060,5
2025-02-20,Monitor 24 pulgadas,6
2024-01-27,Tarjeta Gráfica RTX 4060,5
2025-07-08,Laptop Dell Inspiron,7
2023-12-21,Procesador Ryzen 5,24
2025-04-25,Laptop Dell Inspiron,10
2024-01-09,Tarjeta Gráfica RTX 4060,4
2024-11-23,Monitor 24 pulgadas,36
2023-08-01,Tarjeta Gráfica RTX 4060,0
2023-04-30,Tarjeta Gráfica RTX 4060,0
2023-04-29,Tarjeta Gráfica RTX 4060,8
2026-04-04,Memoria RAM 16GB,21
2024-05-05,Tarjeta Gráfica RTX 4060,5
2024-10-13,Memoria RAM 16GB,15
2024-11-28,Monitor 24 pulgadas,32
2025-10-04,Tarjeta Gráfica RTX 4060,4
2023-05-21,Laptop Dell Inspiron,4
2024-04-09,Procesador Ryzen 5,7
2025-09-28,Monitor 24 pulgadas,8
2024-08-01,Laptop Dell Inspiron,3
2024-08-31,Procesador Ryzen 5,17
2025-05-03,Memoria RAM 16GB,18
2024-11-12,Procesador Ryzen 5,11
2024-07-11,Laptop Dell Inspiron,5
2025-03-10,Monitor 24 pulgadas,7
2023-11-26,Laptop Dell Inspiron,30
2023-12-16,Tarjeta Gráfica RTX 4060,22
2023-07-28,Tarjeta Gráfica RTX 4060,4
2023-09-01,Laptop Dell Inspiron,22
2024-03-09,Memoria RAM 16GB,20
2023-06-12,Memoria RAM 16GB,17
2023-10-20,Laptop Dell Inspiron,6
2025-07-06,Laptop Dell Inspiron,4
2023-07-08,Tarjeta Gráfica RTX 4060,5
2024-06-08,Tarjeta Gráfica RTX 4060,5
2025-11-30,Procesador Ryzen 5,36
2024-03-22,Procesador Ryzen 5,14
2024-01-09,Memoria RAM 16GB,13
2023-05-16,Memoria RAM 16GB,18
2025-05-23,Monitor 24 pulgadas,10
2025-09-14,Procesador Ryzen 5,11
2024-01-12,Monitor 24 pulgadas,12
2023-10-29,Memoria RAM 16GB,17
2025-03-25,Tarjeta Gráfica RTX 4060,5
2023-09-14,Procesador Ryzen 5,6
2024-12-31,Memoria RAM 16GB,16
2024-12-29,Monitor 24 pulgadas,5
2025-02-22,Procesador Ryzen 5,9
2025-08-18,Monitor 24 pulgadas,16
2023-10-15,Monitor 24 pulgadas,4
2023-11-03,Monitor 24 pulgadas,7
2023-07-04,Monitor 24 pulgadas,9
2025-10-07,Monitor 24 pulgadas,6
2026-02-13,Laptop Dell Inspiron,7
2024-06-18,Monitor 24 pulgadas,9
2025-08-08,Memoria RAM 16GB,18
2025-09-08,Procesador Ryzen 5,10
2025-07-20,Monitor 24 pulgadas,8
2024-07-28,Memoria RAM 16GB,16
2025-04-12,Procesador Ryzen 5,13
2024-08-13,Memoria RAM 16GB,15
2025-06-07,Tarjeta Gráfica RTX 4060,7
2023-11-18,Monitor 24 pulgadas,34
2025-07-27,Tarjeta Gráfica RTX 4060,0
2024-05-09,Procesador Ryzen 5,8
2023-07-16,Laptop Dell Inspiron,6
2023-08-24,Memoria RAM 16GB,17
2024-08-29,Laptop Dell Inspiron,19
2023-11-13,Laptop Dell Inspiron,2
2023-05-09,Tarjeta Gráfica RTX 4060,3
2024-02-15,Monitor 24 pulgadas,8
2023-09-02,Tarjeta Gráfica RTX 4060,11
2025-07-15,Laptop Dell Inspiron,6
2023-12-17,Laptop Dell Inspiron,18
2025-08-22,Monitor 24 pulgadas,24
2025-01-23,Monitor 24 pulgadas,8
2025-09-12,Procesador Ryzen 5,14
2025-12-13,Monitor 24 pulgadas,23
2023-04-26,Monitor 24 pulgadas,5
2023-11-21,Procesador Ryzen 5,31
2026-01-09,Memoria RAM 16GB,16
2025-03-25,Memoria RAM 16GB,18
2024-12-04,Laptop Dell Inspiron,4
2025-10-02,Laptop Dell Inspiron,3
2025-03-07,Procesador Ryzen 5,13
2024-03-26,Procesador Ryzen 5,9
2025-03-22,Laptop Dell Inspiron,5
2025-08-02,Monitor 24 pulgadas,10
2024-02-29,Procesador Ryzen 5,6
2026-03-26,Laptop Dell Inspiron,4
2025-02-04,Tarjeta Gráfica RTX 4060,3
2025-10-15,Memoria RAM 16GB,13
2023-07-14,Procesador Ryzen 5,9
2025-01-31,Memoria RAM 16GB,20
2023-08-31,Procesador Ryzen 5,10
2024-10-26,Laptop Dell Inspiron,5
2026-02-17,Procesador Ryzen 5,6
2025-08-21,Memoria RAM 16GB,20
2026-01-29,Monitor 24 pulgadas,9
2023-10-21,Laptop Dell Inspiron,5
2024-07-03,Monitor 24 pulgadas,6
2024-01-31,Monitor 24 pulgadas,4
2023-08-07,Monitor 24 pulgadas,6
2025-08-16,Procesador Ryzen 5,12
2025-03-01,Memoria RAM 16GB,21
2024-08-19,Tarjeta Gráfica RTX 4060,8
2025-07-09,Procesador Ryzen 5,9
2025-07-10,Procesador Ryzen 5,8
2023-06-02,Monitor 24 pulgadas,9
2026-03-01,Memoria RAM 16GB,15
2023-12-18,Tarjeta Gráfica RTX 4060,19
2023-09-11,Monitor 24 pulgadas,8
2025-12-04,Monitor 24 pulgadas,5
2024-03-05,Memoria RAM 16GB,16
2024-05-31,Tarjeta Gráfica RTX 4060,5
2025-08-19,Monitor 24 pulgadas,18
2024-06-10,Tarjeta Gráfica RTX 4060,5
2025-04-09,Memoria RAM 16GB,14
2025-10-12,Tarjeta Gráfica RTX 4060,1
2025-07-23,Laptop Dell Inspiron,7
2023-10-05,Laptop Dell Inspiron,7
2024-08-14,Memoria RAM 16GB,16
2024-09-22,Tarjeta Gráfica RTX 4060,4
2024-10-14,Memoria RAM 16GB,15
2025-02-20,Procesador Ryzen 5,11
2024-11-09,Monitor 24 pulgadas,7
2025-03-10,Laptop Dell Inspiron,5
2023-08-09,Procesador Ryzen 5,10
2024-01-18,Procesador Ryzen 5,8
2024-08-25,Procesador Ryzen 5,14
2024-06-26,Laptop Dell Inspiron,6
2024-03-23,Tarjeta Gráfica RTX 4060,6
2023-09-22,Monitor 24 pulgadas,12
2025-09-22,Tarjeta Gráfica RTX 4060,0
2025-02-11,Tarjeta Gráfica RTX 4060,1
2025-06-30,Tarjeta Gráfica RTX 4060,1
2024-05-07,Laptop Dell Inspiron,5
2024-12-19,Tarjeta Gráfica RTX 4060,18
2023-04-10,Procesador Ryzen 5,9
2023-05-30,Procesador Ryzen 5,11
2026-04-06,Procesador Ryzen 5,6
2025-03-18,Procesador Ryzen 5,8
2023-11-17,Procesador Ryzen 5,35
2026-02-02,Monitor 24 pulgadas,8
2024-12-03,Tarjeta Gráfica RTX 4060,5
2023-08-25,Procesador Ryzen 5,14
2024-09-13,Monitor 24 pulgadas,12
2026-02-26,Monitor 24 pulgadas,8
2025-11-08,Memoria RAM 16GB,18
2023-07-11,Procesador Ryzen 5,11
2023-11-07,Laptop Dell Inspiron,2
2025-07-22,Monitor 24 pulgadas,4
2024-01-25,Monitor 24 pulgadas,5
2024-04-29,Monitor 24 pulgadas,5
2026-03-15,Monitor 24 pulgadas,8
2025-02-24,Monitor 24 pulgadas,4
2024-05-03,Memoria RAM 16GB,17
2025-12-20,Laptop Dell Inspiron,22
2024-07-11,Procesador Ryzen 5,10
2024-09-17,Memoria RAM 16GB,14
2023-11-25,Memoria RAM 16GB,42
2024-07-13,Memoria RAM 16GB,16
2024-03-26,Monitor 24 pulgadas,8
2024-10-22,Memoria RAM 16GB,15
2025-06-05,Tarjeta Gráfica RTX 4060,3
2025-08-05,Laptop Dell Inspiron,7
2024-11-27,Procesador Ryzen 5,31
2024-05-26,Monitor 24 pulgadas,5
2023-04-05,Tarjeta Gráfica RTX 4060,2
2025-09-10,Tarjeta Gráfica RTX 4060,4
2025-11-16,Monitor 24 pulgadas,33
2025-12-10,Laptop Dell Inspiron,21
2025-05-10,Laptop Dell Inspiron,10
2026-03-23,Procesador Ryzen 5,8
2026-04-08,Memoria RAM 16GB,16
2023-07-15,Procesador Ryzen 5,12
2024-02-09,Laptop Dell Inspiron,8
2026-03-26,Tarjeta Gráfica RTX 4060,3
2024-12-30,Procesador Ryzen 5,6
2025-02-02,Laptop Dell Inspiron,3
2024-04-08,Tarjeta Gráfica RTX 4060,4
2024-07-07,Procesador Ryzen 5,8
2023-05-16,Monitor 24 pulgadas,5
2024-09-29,Procesador Ryzen 5,6
2024-11-07,Tarjeta Gráfica RTX 4060,5
2024-01-06,Laptop Dell Inspiron,10
2024-04-05,Laptop Dell Inspiron,10
2024-02-02,Monitor 24 pulgadas,9
2023-06-14,Monitor 24 pulgadas,5
2024-08-12,Tarjeta Gráfica RTX 4060,2
2024-05-21,Procesador Ryzen 5,10
2023-06-22,Tarjeta Gráfica RTX 4060,2
2025-06-12,Tarjeta Gráfica RTX 4060,0
2024-07-16,Laptop Dell Inspiron,4
2024-06-01,Tarjeta Gráfica RTX 4060,6
2023-07-20,Memoria RAM 16GB,15
2023-04-27,Tarjeta Gráfica RTX 4060,3
2023-10-30,Memoria RAM 16GB,16
2024-07-07,Tarjeta Gráfica RTX 4060,4
2025-12-21,Tarjeta Gráfica RTX 4060,15
2023-11-13,Tarjeta Gráfica RTX 4060,1
2024-12-20,Memoria RAM 16GB,31
2026-03-21,Procesador Ryzen 5,10
2024-12-18,Procesador Ryzen 5,25
2023-04-23,Procesador Ryzen 5,8
2023-08-18,Memoria RAM 16GB,23
2023-04-14,Monitor 24 pulgadas,9
2024-09-07,Laptop Dell Inspiron,6
2026-01-09,Procesador Ryzen 5,9
2024-05-23,Laptop Dell Inspiron,2
2025-02-16,Memoria RAM 16GB,16
2025-03-26,Monitor 24 pulgadas,4
2024-09-08,Tarjeta Gráfica RTX 4060,4
2025-05-02,Monitor 24 pulgadas,12
2023-06-03,Procesador Ryzen 5,9
2024-07-13,Tarjeta Gráfica RTX 4060,8
2023-12-08,Laptop Dell Inspiron,6
2024-07-05,Monitor 24 pulgadas,10
2023-08-17,Memoria RAM 16GB,18
2026-03-05,Memoria RAM 16GB,18
2026-01-29,Tarjeta Gráfica RTX 4060,3
2024-11-17,Tarjeta Gráfica RTX 4060,27
2025-08-28,Laptop Dell Inspiron,16
2026-03-02,Monitor 24 pulgadas,5
2023-06-09,Monitor 24 pulgadas,10
2026-03-26,Monitor 24 pulgadas,8
2025-10-20,Procesador Ryzen 5,9
2023-10-15,Memoria RAM 16GB,16
2024-05-07,Memoria RAM 16GB,13
2024-06-09,Monitor 24 pulgadas,7
2024-10-30,Tarjeta Gráfica RTX 4060,5
2024-05-20,Tarjeta Gráfica RTX 4060,4
2025-01-27,Memoria RAM 16GB,17
2023-06-07,Laptop Dell Inspiron,3
2024-10-31,Procesador Ryzen 5,7
2024-09-29,Monitor 24 pulgadas,9
2024-03-25,Tarjeta Gráfica RTX 4060,5
2023-05-17,Memoria RAM 16GB,17
2024-10-16,Laptop Dell Inspiron,6
2024-07-18,Monitor 24 pulgadas,8
2023-05-19,Tarjeta Gráfica RTX 4060,6
2024-08-20,Procesador Ryzen 5,11
2024-04-12,Monitor 24 pulgadas,9
2025-11-14,Tarjeta Gráfica RTX 4060,7
2025-01-05,Tarjeta Gráfica RTX 4060,5
2024-12-15,Memoria RAM 16GB,28
2025-11-21,Memoria RAM 16GB,44
2024-08-07,Procesador Ryzen 5,10
2025-07-27,Memoria RAM 16GB,16
2023-10-27,Monitor 24 pulgadas,11
2024-03-14,Monitor 24 pulgadas,4
2025-11-30,Memoria RAM 16GB,39
2025-04-12,Tarjeta Gráfica RTX 4060,7
2023-08-16,Memoria RAM 16GB,21
2025-12-06,Laptop Dell Inspiron,10
2025-03-12,Tarjeta Gráfica RTX 4060,4
2025-03-21,Laptop Dell Inspiron,10
2025-09-03,Monitor 24 pulgadas,16
2024-06-04,Laptop Dell Inspiron,4
2023-12-21,Memoria RAM 16GB,29
2025-05-09,Memoria RAM 16GB,17
2024-04-08,Laptop Dell Inspiron,3
2024-04-12,Tarjeta Gráfica RTX 4060,8
2024-12-03,Monitor 24 pulgadas,7
2025-06-26,Tarjeta Gráfica RTX 4060,2
2024-09-07,Memoria RAM 16GB,17
2026-03-18,Tarjeta Gráfica RTX 4060,0
2023-06-17,Tarjeta Gráfica RTX 4060,6
2024-08-19,Procesador Ryzen 5,13
2024-10-07,Procesador Ryzen 5,9
2025-01-26,Memoria RAM 16GB,13
2023-09-27,Tarjeta Gráfica RTX 4060,2
2025-08-16,Tarjeta Gráfica RTX 4060,10
2023-07-10,Procesador Ryzen 5,10
2026-01-02,Monitor 24 pulgadas,8
2024-08-24,Monitor 24 pulgadas,24
2024-08-13,Procesador Ryzen 5,7
2023-09-20,Memoria RAM 16GB,15
2025-12-11,Tarjeta Gráfica RTX 4060,18
2023-04-12,Laptop Dell Inspiron,4
2026-02-03,Tarjeta Gráfica RTX 4060,5
2023-05-13,Memoria RAM 16GB,18
2024-01-10,Tarjeta Gráfica RTX 4060,4
2025-12-10,Tarjeta Gráfica RTX 4060,16
2025-07-15,Monitor 24 pulgadas,7
2023-06-01,Laptop Dell Inspiron,4
2024-05-22,Procesador Ryzen 5,11
2025-12-26,Monitor 24 pulgadas,11
2025-02-21,Laptop Dell Inspiron,8
2023-10-25,Monitor 24 pulgadas,4
2024-02-20,Laptop Dell Inspiron,2
2023-09-14,Memoria RAM 16GB,15
2025-03-12,Monitor 24 pulgadas,8
2026-01-19,Laptop Dell Inspiron,5
2025-04-23,Tarjeta Gráfica RTX 4060,0
2023-11-14,Memoria RAM 16GB,18
2025-03-17,Laptop Dell Inspiron,5
2023-09-25,Laptop Dell Inspiron,7
2025-11-10,Monitor 24 pulgadas,4
2023-11-23,Procesador Ryzen 5,36
2025-01-12,Monitor 24 pulgadas,8
2024-09-15,Tarjeta Gráfica RTX 4060,5
2025-10-19,Monitor 24 pulgadas,9
2024-06-27,Laptop Dell Inspiron,4
2026-03-06,Memoria RAM 16GB,20
2024-05-13,Procesador Ryzen 5,6
2023-09-29,Laptop Dell Inspiron,7
2025-06-17,Laptop Dell Inspiron,7
2024-02-14,Memoria RAM 16GB,18
2024-11-29,Memoria RAM 16GB,46
2024-06-01,Laptop Dell Inspiron,9
2025-08-16,Laptop Dell Inspiron,18
2025-04-15,Procesador Ryzen 5,10
2025-10-23,Monitor 24 pulgadas,8
2024-12-05,Procesador Ryzen 5,10
2024-06-11,Monitor 24 pulgadas,4
2024-04-13,Tarjeta Gráfica RTX 4060,6
2023-08-11,Tarjeta Gráfica RTX 4060,3
2026-03-09,Monitor 24 pulgadas,9
2023-09-22,Tarjeta Gráfica RTX 4060,5
2023-11-10,Memoria RAM 16GB,20
2025-08-08,Laptop Dell Inspiron,5
2023-04-17,Tarjeta Gráfica RTX 4060,0
2024-01-11,Laptop Dell Inspiron,6
2023-11-25,Monitor 24 pulgadas,36
2024-10-01,Memoria RAM 16GB,18
2024-05-24,Monitor 24 pulgadas,7
2024-12-14,Tarjeta Gráfica RTX 4060,23
2025-05-19,Monitor 24 pulgadas,7
2024-01-23,Memoria RAM 16GB,14
2025-05-21,Procesador Ryzen 5,7
2026-02-26,Procesador Ryzen 5,9
2024-08-29,Tarjeta Gráfica RTX 4060,5
2023-06-09,Laptop Dell Inspiron,8
2024-11-04,Procesador Ryzen 5,10
2023-07-23,Memoria RAM 16GB,17
2023-12-25,Procesador Ryzen 5,10
2023-06-09,Tarjeta Gráfica RTX 4060,5
2024-10-12,Monitor 24 pulgadas,7
2023-05-03,Monitor 24 pulgadas,4
2023-10-21,Procesador Ryzen 5,9
2024-04-17,Laptop Dell Inspiron,6
2025-10-30,Laptop Dell Inspiron,6
2024-05-15,Procesador Ryzen 5,6
2025-03-21,Monitor 24 pulgadas,9
2025-10-17,Procesador Ryzen 5,13
2025-08-31,Laptop Dell Inspiron,17
2025-02-09,Tarjeta Gráfica RTX 4060,1
2026-03-16,Monitor 24 pulgadas,5
2024-05-06,Tarjeta Gráfica RTX 4060,5
2023-12-27,Laptop Dell Inspiron,4
2025-11-14,Procesador Ryzen 5,9
2023-10-06,Laptop Dell Inspiron,6
2026-02-12,Monitor 24 pulgadas,7
2023-10-14,Monitor 24 pulgadas,9
2025-03-02,Memoria RAM 16GB,15
2025-03-20,Procesador Ryzen 5,7
2023-09-08,Tarjeta Gráfica RTX 4060,7
2024-08-24,Memoria RAM 16GB,23
2024-05-29,Monitor 24 pulgadas,8
2025-12-15,Procesador Ryzen 5,23
2026-04-05,Procesador Ryzen 5,8
2023-04-18,Tarjeta Gráfica RTX 4060,3
2024-05-10,Procesador Ryzen 5,10
2026-02-08,Laptop Dell Inspiron,7
2025-07-20,Tarjeta Gráfica RTX 4060,0
2025-10-09,Procesador Ryzen 5,8
2025-12-05,Tarjeta Gráfica RTX 4060,3
2024-01-07,Laptop Dell Inspiron,3
2023-05-21,Procesador Ryzen 5,7
2024-04-12,Laptop Dell Inspiron,6
2026-03-14,Monitor 24 pulgadas,10
2023-04-19,Monitor 24 pulgadas,8
2026-01-13,Laptop Dell Inspiron,2
2024-10-22,Procesador Ryzen 5,7
2024-01-07,Tarjeta Gráfica RTX 4060,2
2025-01-13,Tarjeta Gráfica RTX 4060,1
2025-07-15,Memoria RAM 16GB,18
2025-03-12,Laptop Dell Inspiron,5
2025-09-11,Monitor 24 pulgadas,5
2023-12-04,Monitor 24 pulgadas,9
2025-08-11,Laptop Dell Inspiron,4
2026-02-07,Memoria RAM 16GB,19
2023-04-15,Tarjeta Gráfica RTX 4060,3
2024-01-23,Monitor 24 pulgadas,5
2025-09-14,Laptop Dell Inspiron,7
2025-12-11,Laptop Dell Inspiron,18
2026-03-10,Monitor 24 pulgadas,9
2024-06-07,Procesador Ryzen 5,14
2025-01-20,Memoria RAM 16GB,18
2025-09-29,Procesador Ryzen 5,8
2023-07-25,Monitor 24 pulgadas,8
