Fecha,Producto,Ventas
2024-01-01,Cable de Red Cat6 3m,1
2024-01-01,Pasta Térmica Arctic,3
2024-01-01,Laptop Dell Inspiron,1
2024-01-02,Memoria RAM 16GB DDR4,1
2024-01-02,Procesador Ryzen 5,1
2024-01-02,Memoria USB 64GB,1
2024-01-02,Cable de Red Cat6 3m,2
2024-01-03,Memoria USB 64GB,2
2024-01-03,Pasta Térmica Arctic,4
2024-01-03,Laptop Gaming Asus,2
2024-01-04,Laptop Dell Inspiron,1
2024-01-04,Laptop Gaming Asus,1
2024-01-04,Pasta Térmica Arctic,3
2024-01-04,Procesador Ryzen 5,1
2024-01-04,Memoria USB 64GB,1
2024-01-05,Pasta Térmica Arctic,2
2024-01-05,Laptop Gaming Asus,1
2024-01-05,Cable de Red Cat6 3m,1
2024-01-06,Cable de Red Cat6 3m,1
2024-01-06,Pasta Térmica Arctic,3
2024-01-07,Procesador Ryzen 5,2
2024-01-07,Memoria USB 64GB,1
2024-01-08,Cable de Red Cat6 3m,3
2024-01-08,Pasta Térmica Arctic,2
2024-01-08,Memoria USB 64GB,1
2024-01-08,Memoria RAM 16GB DDR4,2
2024-01-08,Disco Duro SSD 1TB,1
2024-01-09,Procesador Ryzen 5,1
2024-01-09,Pasta Térmica Arctic,1
2024-01-09,Cable de Red Cat6 3m,1
2024-01-10,Cable de Red Cat6 3m,1
2024-01-10,Pasta Térmica Arctic,1
2024-01-10,Memoria USB 64GB,2
2024-01-11,Pasta Térmica Arctic,1
2024-01-11,Disco Duro SSD 1TB,1
2024-01-11,Memoria USB 64GB,1
2024-01-11,Cable de Red Cat6 3m,1
2024-01-12,Pasta Térmica Arctic,1
2024-01-12,Monitor 24 Pulgadas,1
2024-01-12,Cable de Red Cat6 3m,3
2024-01-13,Cable de Red Cat6 3m,2
2024-01-13,Memoria RAM 16GB DDR4,1
2024-01-13,Disco Duro SSD 1TB,1
2024-01-13,Procesador Ryzen 5,1
2024-01-14,Memoria RAM 16GB DDR4,1
2024-01-14,Cable de Red Cat6 3m,2
2024-01-14,Disco Duro SSD 1TB,2
2024-01-14,Memoria USB 64GB,1
2024-01-14,Pasta Térmica Arctic,3
2024-01-14,Laptop Gaming Asus,1
2024-01-15,Memoria USB 64GB,2
2024-01-15,Tarjeta Gráfica RTX 4060,1
2024-01-15,Pasta Térmica Arctic,2
2024-01-15,Cable de Red Cat6 3m,5
2024-01-16,Pasta Térmica Arctic,3
2024-01-16,Memoria USB 64GB,3
2024-01-16,Procesador Ryzen 5,2
2024-01-17,Pasta Térmica Arctic,1
2024-01-18,Laptop Dell Inspiron,2
2024-01-18,Memoria USB 64GB,1
2024-01-18,Disco Duro SSD 1TB,1
2024-01-18,Pasta Térmica Arctic,3
2024-01-18,Cable de Red Cat6 3m,2
2024-01-18,Tarjeta Gráfica RTX 4060,1
2024-01-19,Pasta Térmica Arctic,2
2024-01-19,Memoria USB 64GB,1
2024-01-19,Cable de Red Cat6 3m,3
2024-01-20,Memoria USB 64GB,2
2024-01-20,Cable de Red Cat6 3m,2
2024-01-20,Monitor 24 Pulgadas,1
2024-01-20,Procesador Ryzen 5,1
2024-01-20,Tarjeta Gráfica RTX 4060,1
2024-01-21,Tarjeta Gráfica RTX 4060,1
2024-01-21,Memoria USB 64GB,1
2024-01-21,Pasta Térmica Arctic,2
2024-01-21,Cable de Red Cat6 3m,3
2024-01-22,Pasta Térmica Arctic,2
2024-01-22,Cable de Red Cat6 3m,1
2024-01-22,Memoria USB 64GB,1
2024-01-22,Laptop Gaming Asus,1
2024-01-23,Pasta Térmica Arctic,4
2024-01-23,Memoria USB 64GB,1
2024-01-23,Cable de Red Cat6 3m,1
2024-01-23,Disco Duro SSD 1TB,1
2024-01-24,Pasta Térmica Arctic,1
2024-01-24,Procesador Ryzen 5,1
2024-01-24,Disco Duro SSD 1TB,1
2024-01-25,Cable de Red Cat6 3m,4
2024-01-25,Memoria USB 64GB,2
2024-01-25,Pasta Térmica Arctic,2
2024-01-25,Memoria RAM 16GB DDR4,1
2024-01-26,Disco Duro SSD 1TB,1
2024-01-26,Memoria USB 64GB,2
2024-01-26,Laptop Dell Inspiron,1
2024-01-26,Laptop Gaming Asus,1
2024-01-26,Pasta Térmica Arctic,2
2024-01-26,Memoria RAM 16GB DDR4,1
2024-01-27,Pasta Térmica Arctic,1
2024-01-27,Memoria RAM 16GB DDR4,1
2024-01-27,Memoria USB 64GB,1
2024-01-28,Memoria USB 64GB,2
2024-01-28,Cable de Red Cat6 3m,1
2024-01-28,Laptop Gaming Asus,1
2024-01-28,Procesador Ryzen 5,2
2024-01-29,Pasta Térmica Arctic,2
2024-01-29,Disco Duro SSD 1TB,1
2024-01-29,Memoria RAM 16GB DDR4,1
2024-01-29,Cable de Red Cat6 3m,1
2024-01-30,Pasta Térmica Arctic,6
2024-01-30,Memoria USB 64GB,1
2024-01-30,Cable de Red Cat6 3m,2
2024-01-30,Laptop Gaming Asus,1
2024-01-30,Procesador Ryzen 5,1
2024-01-31,Cable de Red Cat6 3m,2
2024-01-31,Pasta Térmica Arctic,1
2024-01-31,Laptop Gaming Asus,1
2024-01-31,Laptop Dell Inspiron,1
2024-02-01,Cable de Red Cat6 3m,1
2024-02-01,Memoria USB 64GB,2
2024-02-01,Pasta Térmica Arctic,2
2024-02-02,Memoria USB 64GB,2
2024-02-02,Monitor 24 Pulgadas,1
2024-02-02,Memoria RAM 16GB DDR4,1
2024-02-02,Cable de Red Cat6 3m,2
2024-02-02,Procesador Ryzen 5,3
2024-02-02,Pasta Térmica Arctic,3
2024-02-03,Cable de Red Cat6 3m,1
2024-02-03,Laptop Gaming Asus,1
2024-02-03,Tarjeta Gráfica RTX 4060,1
2024-02-04,Pasta Térmica Arctic,2
2024-02-04,Disco Duro SSD 1TB,1
2024-02-04,Memoria USB 64GB,1
2024-02-04,Cable de Red Cat6 3m,1
2024-02-04,Laptop Gaming Asus,1
2024-02-05,Procesador Ryzen 5,1
2024-02-05,Memoria USB 64GB,1
2024-02-05,Cable de Red Cat6 3m,2
2024-02-05,Disco Duro SSD 1TB,1
2024-02-06,Memoria USB 64GB,1
2024-02-06,Disco Duro SSD 1TB,1
2024-02-06,Pasta Térmica Arctic,2
2024-02-06,Procesador Ryzen 5,1
2024-02-07,Memoria USB 64GB,4
2024-02-07,Pasta Térmica Arctic,2
2024-02-07,Laptop Gaming Asus,2
2024-02-07,Cable de Red Cat6 3m,2
2024-02-08,Tarjeta Gráfica RTX 4060,1
2024-02-08,Memoria RAM 16GB DDR4,1
2024-02-09,Laptop Gaming Asus,1
2024-02-09,Tarjeta Gráfica RTX 4060,1
2024-02-09,Pasta Térmica Arctic,2
2024-02-09,Cable de Red Cat6 3m,3
2024-02-10,Cable de Red Cat6 3m,2
2024-02-10,Pasta Térmica Arctic,4
2024-02-10,Disco Duro SSD 1TB,1
2024-02-11,Disco Duro SSD 1TB,2
2024-02-11,Memoria RAM 16GB DDR4,1
2024-02-11,Cable de Red Cat6 3m,1
2024-02-12,Procesador Ryzen 5,1
2024-02-12,Pasta Térmica Arctic,2
2024-02-12,Cable de Red Cat6 3m,2
2024-02-13,Memoria USB 64GB,1
2024-02-13,Disco Duro SSD 1TB,1
2024-02-13,Cable de Red Cat6 3m,3
2024-02-13,Pasta Térmica Arctic,1
2024-02-14,Procesador Ryzen 5,1
2024-02-14,Disco Duro SSD 1TB,1
2024-02-14,Cable de Red Cat6 3m,1
2024-02-14,Monitor 24 Pulgadas,1
2024-02-14,Pasta Térmica Arctic,1
2024-02-15,Cable de Red Cat6 3m,2
2024-02-15,Memoria RAM 16GB DDR4,1
2024-02-15,Pasta Térmica Arctic,1
2024-02-16,Disco Duro SSD 1TB,2
2024-02-16,Tarjeta Gráfica RTX 4060,1
2024-02-16,Laptop Gaming Asus,1
2024-02-16,Pasta Térmica Arctic,2
2024-02-16,Cable de Red Cat6 3m,1
2024-02-16,Memoria USB 64GB,2
2024-02-17,Laptop Dell Inspiron,1
2024-02-17,Cable de Red Cat6 3m,3
2024-02-17,Procesador Ryzen 5,1
2024-02-17,Pasta Térmica Arctic,2
2024-02-17,Disco Duro SSD 1TB,1
2024-02-18,Cable de Red Cat6 3m,2
2024-02-18,Pasta Térmica Arctic,2
2024-02-18,Disco Duro SSD 1TB,1
2024-02-19,Memoria USB 64GB,2
2024-02-19,Laptop Dell Inspiron,1
2024-02-19,Pasta Térmica Arctic,1
2024-02-20,Pasta Térmica Arctic,5
2024-02-20,Disco Duro SSD 1TB,1
2024-02-20,Memoria USB 64GB,1
2024-02-21,Memoria USB 64GB,1
2024-02-21,Cable de Red Cat6 3m,1
2024-02-21,Procesador Ryzen 5,1
2024-02-21,Pasta Térmica Arctic,2
2024-02-22,Pasta Térmica Arctic,4
2024-02-22,Memoria USB 64GB,1
2024-02-22,Procesador Ryzen 5,2
2024-02-23,Cable de Red Cat6 3m,1
2024-02-23,Procesador Ryzen 5,1
2024-02-23,Monitor 24 Pulgadas,1
2024-02-23,Memoria USB 64GB,2
2024-02-24,Cable de Red Cat6 3m,3
2024-02-25,Memoria USB 64GB,3
2024-02-25,Laptop Gaming Asus,1
2024-02-25,Cable de Red Cat6 3m,1
2024-02-26,Memoria USB 64GB,1
2024-02-26,Cable de Red Cat6 3m,2
2024-02-26,Pasta Térmica Arctic,2
2024-02-26,Disco Duro SSD 1TB,2
2024-02-27,Pasta Térmica Arctic,2
2024-02-27,Cable de Red Cat6 3m,1
2024-02-27,Memoria USB 64GB,1
2024-02-27,Disco Duro SSD 1TB,1
2024-02-28,Memoria RAM 16GB DDR4,1
2024-02-28,Cable de Red Cat6 3m,1
2024-02-29,Cable de Red Cat6 3m,1
2024-02-29,Procesador Ryzen 5,1
2024-03-01,Memoria RAM 16GB DDR4,1
2024-03-01,Memoria USB 64GB,2
2024-03-01,Pasta Térmica Arctic,3
2024-03-01,Procesador Ryzen 5,1
2024-03-02,Cable de Red Cat6 3m,1
2024-03-02,Memoria USB 64GB,2
2024-03-02,Pasta Térmica Arctic,2
2024-03-03,Monitor 24 Pulgadas,1
2024-03-03,Cable de Red Cat6 3m,2
2024-03-03,Memoria USB 64GB,1
2024-03-03,Pasta Térmica Arctic,1
2024-03-04,Pasta Térmica Arctic,2
2024-03-04,Memoria USB 64GB,1
2024-03-05,Pasta Térmica Arctic,4
2024-03-05,Procesador Ryzen 5,1
2024-03-05,Cable de Red Cat6 3m,1
2024-03-06,Cable de Red Cat6 3m,4
2024-03-06,Tarjeta Gráfica RTX 4060,1
2024-03-06,Memoria USB 64GB,2
2024-03-06,Pasta Térmica Arctic,1
2024-03-07,Memoria USB 64GB,1
2024-03-07,Procesador Ryzen 5,1
2024-03-07,Cable de Red Cat6 3m,2
2024-03-08,Memoria USB 64GB,1
2024-03-08,Cable de Red Cat6 3m,3
2024-03-08,Procesador Ryzen 5,1
2024-03-09,Cable de Red Cat6 3m,1
2024-03-09,Procesador Ryzen 5,1
2024-03-09,Pasta Térmica Arctic,3
2024-03-09,Memoria USB 64GB,1
2024-03-10,Cable de Red Cat6 3m,3
2024-03-10,Laptop Dell Inspiron,1
2024-03-10,Memoria USB 64GB,1
2024-03-10,Pasta Térmica Arctic,1
2024-03-11,Pasta Térmica Arctic,1
2024-03-11,Memoria USB 64GB,4
2024-03-11,Cable de Red Cat6 3m,1
2024-03-11,Disco Duro SSD 1TB,1
2024-03-12,Memoria RAM 16GB DDR4,1
2024-03-12,Cable de Red Cat6 3m,3
2024-03-12,Memoria USB 64GB,1
2024-03-12,Laptop Dell Inspiron,1
2024-03-12,Laptop Gaming Asus,1
2024-03-13,Memoria USB 64GB,2
2024-03-13,Cable de Red Cat6 3m,1
2024-03-13,Pasta Térmica Arctic,1
2024-03-14,Disco Duro SSD 1TB,1
2024-03-14,Memoria USB 64GB,1
2024-03-15,Laptop Dell Inspiron,2
2024-03-15,Cable de Red Cat6 3m,3
2024-03-15,Pasta Térmica Arctic,1
2024-03-15,Disco Duro SSD 1TB,1
2024-03-15,Tarjeta Gráfica RTX 4060,1
2024-03-16,Cable de Red Cat6 3m,4
2024-03-16,Disco Duro SSD 1TB,1
2024-03-16,Pasta Térmica Arctic,1
2024-03-16,Memoria RAM 16GB DDR4,1
2024-03-16,Monitor 24 Pulgadas,1
2024-03-16,Memoria USB 64GB,2
2024-03-17,Disco Duro SSD 1TB,1
2024-03-17,Pasta Térmica Arctic,1
2024-03-17,Cable de Red Cat6 3m,2
2024-03-18,Memoria USB 64GB,1
2024-03-18,Disco Duro SSD 1TB,1
2024-03-18,Pasta Térmica Arctic,2
2024-03-18,Cable de Red Cat6 3m,5
2024-03-19,Tarjeta Gráfica RTX 4060,1
2024-03-19,Cable de Red Cat6 3m,4
2024-03-19,Laptop Dell Inspiron,1
2024-03-19,Monitor 24 Pulgadas,2
2024-03-19,Memoria USB 64GB,2
2024-03-19,Pasta Térmica Arctic,2
2024-03-20,Pasta Térmica Arctic,4
2024-03-20,Memoria USB 64GB,3
2024-03-21,Laptop Dell Inspiron,1
2024-03-21,Pasta Térmica Arctic,2
2024-03-21,Disco Duro SSD 1TB,1
2024-03-21,Cable de Red Cat6 3m,2
2024-03-21,Tarjeta Gráfica RTX 4060,1
2024-03-22,Pasta Térmica Arctic,2
2024-03-22,Laptop Gaming Asus,1
2024-03-22,Memoria USB 64GB,1
2024-03-22,Tarjeta Gráfica RTX 4060,1
2024-03-23,Pasta Térmica Arctic,1
2024-03-23,Cable de Red Cat6 3m,1
2024-03-23,Memoria USB 64GB,2
2024-03-23,Tarjeta Gráfica RTX 4060,1
2024-03-24,Pasta Térmica Arctic,1
2024-03-24,Cable de Red Cat6 3m,2
2024-03-25,Memoria USB 64GB,1
2024-03-25,Pasta Térmica Arctic,2
2024-03-25,Cable de Red Cat6 3m,2
2024-03-26,Memoria USB 64GB,1
2024-03-26,Pasta Térmica Arctic,2
2024-03-26,Laptop Dell Inspiron,1
2024-03-26,Disco Duro SSD 1TB,1
2024-03-27,Pasta Térmica Arctic,1
2024-03-27,Cable de Red Cat6 3m,3
2024-03-28,Disco Duro SSD 1TB,1
2024-03-28,Procesador Ryzen 5,1
2024-03-28,Pasta Térmica Arctic,2
2024-03-28,Memoria USB 64GB,1
2024-03-28,Cable de Red Cat6 3m,1
2024-03-29,Pasta Térmica Arctic,2
2024-03-29,Memoria RAM 16GB DDR4,1
2024-03-30,Memoria USB 64GB,2
2024-03-30,Laptop Gaming Asus,1
2024-03-31,Pasta Térmica Arctic,2
2024-03-31,Procesador Ryzen 5,2
2024-03-31,Cable de Red Cat6 3m,1
2024-03-31,Laptop Gaming Asus,2
2024-04-01,Pasta Térmica Arctic,1
2024-04-01,Memoria USB 64GB,2
2024-04-01,Procesador Ryzen 5,1
2024-04-01,Cable de Red Cat6 3m,5
2024-04-01,Laptop Gaming Asus,1
2024-04-02,Pasta Térmica Arctic,3
2024-04-03,Tarjeta Gráfica RTX 4060,1
2024-04-03,Cable de Red Cat6 3m,2
2024-04-03,Pasta Térmica Arctic,1
2024-04-03,Laptop Dell Inspiron,1
2024-04-03,Disco Duro SSD 1TB,1
2024-04-04,Disco Duro SSD 1TB,1
2024-04-04,Memoria USB 64GB,2
2024-04-04,Cable de Red Cat6 3m,1
2024-04-04,Pasta Térmica Arctic,2
2024-04-05,Procesador Ryzen 5,1
2024-04-06,Pasta Térmica Arctic,1
2024-04-07,Pasta Térmica Arctic,1
2024-04-07,Laptop Dell Inspiron,1
2024-04-07,Memoria USB 64GB,1
2024-04-07,Cable de Red Cat6 3m,1
2024-04-08,Cable de Red Cat6 3m,1
2024-04-08,Laptop Gaming Asus,1
2024-04-09,Pasta Térmica Arctic,1
2024-04-09,Memoria USB 64GB,1
2024-04-09,Cable de Red Cat6 3m,1
2024-04-09,Procesador Ryzen 5,1
2024-04-10,Cable de Red Cat6 3m,1
2024-04-10,Disco Duro SSD 1TB,1
2024-04-10,Procesador Ryzen 5,1
2024-04-10,Memoria RAM 16GB DDR4,1
2024-04-11,Cable de Red Cat6 3m,1
2024-04-11,Procesador Ryzen 5,2
2024-04-11,Pasta Térmica Arctic,1
2024-04-11,Memoria RAM 16GB DDR4,1
2024-04-11,Laptop Gaming Asus,1
2024-04-12,Memoria USB 64GB,1
2024-04-12,Cable de Red Cat6 3m,3
2024-04-12,Pasta Térmica Arctic,4
2024-04-12,Monitor 24 Pulgadas,1
2024-04-13,Disco Duro SSD 1TB,1
2024-04-13,Cable de Red Cat6 3m,4
2024-04-13,Pasta Térmica Arctic,2
2024-04-14,Memoria RAM 16GB DDR4,1
2024-04-14,Disco Duro SSD 1TB,1
2024-04-14,Memoria USB 64GB,2
2024-04-14,Monitor 24 Pulgadas,1
2024-04-14,Cable de Red Cat6 3m,2
2024-04-14,Pasta Térmica Arctic,4
2024-04-15,Memoria USB 64GB,2
2024-04-15,Laptop Gaming Asus,1
2024-04-15,Monitor 24 Pulgadas,1
2024-04-15,Pasta Térmica Arctic,2
2024-04-15,Cable de Red Cat6 3m,7
2024-04-16,Cable de Red Cat6 3m,2
2024-04-16,Memoria USB 64GB,2
2024-04-16,Pasta Térmica Arctic,2
2024-04-17,Tarjeta Gráfica RTX 4060,1
2024-04-17,Cable de Red Cat6 3m,2
2024-04-17,Pasta Térmica Arctic,1
2024-04-17,Procesador Ryzen 5,2
2024-04-18,Memoria RAM 16GB DDR4,1
2024-04-18,Pasta Térmica Arctic,1
2024-04-18,Cable de Red Cat6 3m,4
2024-04-18,Memoria USB 64GB,1
2024-04-18,Procesador Ryzen 5,1
2024-04-19,Disco Duro SSD 1TB,1
2024-04-19,Cable de Red Cat6 3m,3
2024-04-19,Pasta Térmica Arctic,2
2024-04-19,Laptop Dell Inspiron,1
2024-04-20,Disco Duro SSD 1TB,1
2024-04-20,Cable de Red Cat6 3m,3
2024-04-20,Pasta Térmica Arctic,4
2024-04-20,Memoria USB 64GB,1
2024-04-21,Disco Duro SSD 1TB,1
2024-04-21,Memoria USB 64GB,2
2024-04-21,Cable de Red Cat6 3m,2
2024-04-21,Pasta Térmica Arctic,2
2024-04-22,Pasta Térmica Arctic,2
2024-04-22,Cable de Red Cat6 3m,2
2024-04-22,Memoria USB 64GB,1
2024-04-23,Cable de Red Cat6 3m,2
2024-04-23,Pasta Térmica Arctic,3
2024-04-23,Memoria USB 64GB,1
2024-04-24,Cable de Red Cat6 3m,2
2024-04-24,Monitor 24 Pulgadas,1
2024-04-24,Disco Duro SSD 1TB,1
2024-04-24,Memoria USB 64GB,1
2024-04-24,Pasta Térmica Arctic,2
2024-04-24,Laptop Gaming Asus,1
2024-04-25,Cable de Red Cat6 3m,2
2024-04-25,Memoria USB 64GB,1
2024-04-26,Cable de Red Cat6 3m,2
2024-04-26,Laptop Dell Inspiron,1
2024-04-26,Memoria USB 64GB,5
2024-04-26,Procesador Ryzen 5,1
2024-04-26,Disco Duro SSD 1TB,1
2024-04-27,Pasta Térmica Arctic,1
2024-04-27,Laptop Dell Inspiron,1
2024-04-27,Cable de Red Cat6 3m,1
2024-04-27,Memoria RAM 16GB DDR4,1
2024-04-28,Pasta Térmica Arctic,3
2024-04-28,Cable de Red Cat6 3m,2
2024-04-28,Memoria USB 64GB,1
2024-04-28,Laptop Gaming Asus,1
2024-04-29,Monitor 24 Pulgadas,1
2024-04-30,Procesador Ryzen 5,2
2024-04-30,Cable de Red Cat6 3m,2
2024-04-30,Memoria USB 64GB,4
2024-04-30,Memoria RAM 16GB DDR4,1
2024-05-01,Pasta Térmica Arctic,1
2024-05-01,Tarjeta Gráfica RTX 4060,1
2024-05-01,Memoria USB 64GB,1
2024-05-01,Cable de Red Cat6 3m,3
2024-05-02,Laptop Dell Inspiron,1
2024-05-02,Memoria RAM 16GB DDR4,1
2024-05-02,Cable de Red Cat6 3m,1
2024-05-03,Memoria USB 64GB,1
2024-05-03,Monitor 24 Pulgadas,1
2024-05-03,Cable de Red Cat6 3m,3
2024-05-04,Memoria USB 64GB,3
2024-05-04,Pasta Térmica Arctic,2
2024-05-05,Procesador Ryzen 5,1
2024-05-05,Tarjeta Gráfica RTX 4060,1
2024-05-05,Cable de Red Cat6 3m,3
2024-05-05,Memoria USB 64GB,1
2024-05-05,Monitor 24 Pulgadas,1
2024-05-05,Memoria RAM 16GB DDR4,1
2024-05-05,Laptop Gaming Asus,1
2024-05-06,Cable de Red Cat6 3m,1
2024-05-06,Laptop Gaming Asus,1
2024-05-06,Pasta Térmica Arctic,1
2024-05-06,Procesador Ryzen 5,1
2024-05-07,Cable de Red Cat6 3m,1
2024-05-07,Memoria USB 64GB,1
2024-05-07,Memoria RAM 16GB DDR4,1
2024-05-07,Pasta Térmica Arctic,2
2024-05-07,Disco Duro SSD 1TB,1
2024-05-07,Tarjeta Gráfica RTX 4060,1
2024-05-08,Memoria USB 64GB,2
2024-05-08,Cable de Red Cat6 3m,2
2024-05-08,Disco Duro SSD 1TB,1
2024-05-08,Laptop Dell Inspiron,1
2024-05-08,Tarjeta Gráfica RTX 4060,1
2024-05-09,Memoria USB 64GB,1
2024-05-09,Pasta Térmica Arctic,1
2024-05-10,Cable de Red Cat6 3m,1
2024-05-10,Disco Duro SSD 1TB,1
2024-05-10,Pasta Térmica Arctic,1
2024-05-11,Cable de Red Cat6 3m,2
2024-05-11,Pasta Térmica Arctic,1
2024-05-11,Memoria USB 64GB,1
2024-05-12,Pasta Térmica Arctic,4
2024-05-12,Monitor 24 Pulgadas,1
2024-05-12,Memoria USB 64GB,1
2024-05-12,Tarjeta Gráfica RTX 4060,1
2024-05-12,Procesador Ryzen 5,1
2024-05-12,Cable de Red Cat6 3m,2
2024-05-13,Disco Duro SSD 1TB,1
2024-05-13,Pasta Térmica Arctic,2
2024-05-14,Memoria RAM 16GB DDR4,1
2024-05-14,Disco Duro SSD 1TB,1
2024-05-14,Memoria USB 64GB,1
2024-05-14,Cable de Red Cat6 3m,1
2024-05-14,Tarjeta Gráfica RTX 4060,1
2024-05-15,Cable de Red Cat6 3m,5
2024-05-15,Pasta Térmica Arctic,5
2024-05-16,Pasta Térmica Arctic,2
2024-05-16,Cable de Red Cat6 3m,2
2024-05-16,Disco Duro SSD 1TB,1
2024-05-16,Tarjeta Gráfica RTX 4060,1
2024-05-16,Procesador Ryzen 5,1
2024-05-17,Pasta Térmica Arctic,1
2024-05-17,Cable de Red Cat6 3m,2
2024-05-17,Memoria USB 64GB,1
2024-05-17,Laptop Dell Inspiron,1
2024-05-18,Disco Duro SSD 1TB,1
2024-05-18,Cable de Red Cat6 3m,2
2024-05-18,Pasta Térmica Arctic,2
2024-05-18,Memoria USB 64GB,1
2024-05-18,Procesador Ryzen 5,1
2024-05-19,Pasta Térmica Arctic,1
2024-05-19,Cable de Red Cat6 3m,2
2024-05-19,Memoria USB 64GB,2
2024-05-19,Procesador Ryzen 5,2
2024-05-20,Cable de Red Cat6 3m,2
2024-05-20,Memoria USB 64GB,2
2024-05-20,Procesador Ryzen 5,1
2024-05-21,Laptop Gaming Asus,1
2024-05-21,Pasta Térmica Arctic,1
2024-05-21,Procesador Ryzen 5,1
2024-05-21,Cable de Red Cat6 3m,2
2024-05-21,Memoria USB 64GB,1
2024-05-22,Memoria USB 64GB,2
2024-05-22,Cable de Red Cat6 3m,1
2024-05-22,Pasta Térmica Arctic,1
2024-05-23,Cable de Red Cat6 3m,1
2024-05-23,Disco Duro SSD 1TB,1
2024-05-23,Pasta Térmica Arctic,1
2024-05-24,Memoria USB 64GB,1
2024-05-24,Monitor 24 Pulgadas,1
2024-05-24,Pasta Térmica Arctic,1
2024-05-25,Pasta Térmica Arctic,1
2024-05-25,Cable de Red Cat6 3m,1
2024-05-26,Monitor 24 Pulgadas,1
2024-05-26,Memoria USB 64GB,2
2024-05-27,Memoria USB 64GB,1
2024-05-27,Pasta Térmica Arctic,3
2024-05-27,Laptop Dell Inspiron,1
2024-05-27,Cable de Red Cat6 3m,2
2024-05-28,Pasta Térmica Arctic,4
2024-05-28,Memoria RAM 16GB DDR4,1
2024-05-28,Disco Duro SSD 1TB,1
2024-05-28,Memoria USB 64GB,1
2024-05-28,Laptop Dell Inspiron,1
2024-05-28,Cable de Red Cat6 3m,3
2024-05-29,Cable de Red Cat6 3m,1
2024-05-29,Tarjeta Gráfica RTX 4060,1
2024-05-29,Pasta Térmica Arctic,1
2024-05-29,Memoria RAM 16GB DDR4,1
2024-05-29,Memoria USB 64GB,1
2024-05-30,Pasta Térmica Arctic,1
2024-05-30,Disco Duro SSD 1TB,1
2024-05-30,Memoria USB 64GB,1
2024-05-30,Cable de Red Cat6 3m,2
2024-05-30,Laptop Dell Inspiron,1
2024-05-31,Cable de Red Cat6 3m,3
2024-05-31,Pasta Térmica Arctic,4
2024-05-31,Disco Duro SSD 1TB,1
2024-05-31,Tarjeta Gráfica RTX 4060,2
2024-06-01,Procesador Ryzen 5,1
2024-06-01,Memoria USB 64GB,1
2024-06-01,Pasta Térmica Arctic,5
2024-06-01,Memoria RAM 16GB DDR4,1
2024-06-02,Cable de Red Cat6 3m,1
2024-06-02,Memoria USB 64GB,3
2024-06-02,Pasta Térmica Arctic,2
2024-06-03,Pasta Térmica Arctic,6
2024-06-03,Memoria USB 64GB,1
2024-06-03,Cable de Red Cat6 3m,2
2024-06-03,Procesador Ryzen 5,2
2024-06-04,Procesador Ryzen 5,1
2024-06-04,Laptop Gaming Asus,1
2024-06-04,Cable de Red Cat6 3m,3
2024-06-05,Cable de Red Cat6 3m,1
2024-06-05,Pasta Térmica Arctic,2
2024-06-05,Procesador Ryzen 5,1
2024-06-06,Cable de Red Cat6 3m,1
2024-06-06,Pasta Térmica Arctic,1
2024-06-06,Memoria USB 64GB,1
2024-06-07,Cable de Red Cat6 3m,3
2024-06-07,Laptop Dell Inspiron,2
2024-06-08,Cable de Red Cat6 3m,1
2024-06-08,Laptop Dell Inspiron,2
2024-06-08,Pasta Térmica Arctic,1
2024-06-08,Procesador Ryzen 5,1
2024-06-09,Disco Duro SSD 1TB,1
2024-06-10,Laptop Gaming Asus,1
2024-06-10,Memoria RAM 16GB DDR4,1
2024-06-10,Memoria USB 64GB,1
2024-06-10,Procesador Ryzen 5,1
2024-06-10,Pasta Térmica Arctic,1
2024-06-10,Disco Duro SSD 1TB,1
2024-06-11,Cable de Red Cat6 3m,2
2024-06-11,Procesador Ryzen 5,1
2024-06-12,Cable de Red Cat6 3m,4
2024-06-12,Procesador Ryzen 5,1
2024-06-12,Laptop Dell Inspiron,1
2024-06-12,Pasta Térmica Arctic,3
2024-06-12,Memoria USB 64GB,1
2024-06-12,Disco Duro SSD 1TB,1
2024-06-13,Disco Duro SSD 1TB,1
2024-06-13,Procesador Ryzen 5,2
2024-06-13,Cable de Red Cat6 3m,2
2024-06-14,Tarjeta Gráfica RTX 4060,1
2024-06-14,Pasta Térmica Arctic,1
2024-06-14,Cable de Red Cat6 3m,5
2024-06-14,Memoria USB 64GB,1
2024-06-15,Pasta Térmica Arctic,2
2024-06-15,Cable de Red Cat6 3m,3
2024-06-15,Laptop Gaming Asus,1
2024-06-15,Laptop Dell Inspiron,1
2024-06-16,Pasta Térmica Arctic,2
2024-06-16,Cable de Red Cat6 3m,5
2024-06-16,Disco Duro SSD 1TB,1
2024-06-16,Memoria USB 64GB,2
2024-06-17,Pasta Térmica Arctic,4
2024-06-17,Memoria USB 64GB,2
2024-06-17,Cable de Red Cat6 3m,1
2024-06-17,Disco Duro SSD 1TB,1
2024-06-17,Memoria RAM 16GB DDR4,1
2024-06-18,Memoria USB 64GB,1
2024-06-18,Cable de Red Cat6 3m,3
2024-06-18,Procesador Ryzen 5,2
2024-06-19,Pasta Térmica Arctic,1
2024-06-19,Cable de Red Cat6 3m,1
2024-06-19,Memoria USB 64GB,4
2024-06-20,Pasta Térmica Arctic,3
2024-06-20,Disco Duro SSD 1TB,2
2024-06-20,Memoria USB 64GB,2
2024-06-20,Memoria RAM 16GB DDR4,1
2024-06-20,Procesador Ryzen 5,2
2024-06-20,Cable de Red Cat6 3m,5
2024-06-21,Pasta Térmica Arctic,1
2024-06-21,Cable de Red Cat6 3m,1
2024-06-21,Laptop Dell Inspiron,1
2024-06-21,Memoria USB 64GB,2
2024-06-22,Memoria USB 64GB,1
2024-06-22,Procesador Ryzen 5,1
2024-06-22,Cable de Red Cat6 3m,2
2024-06-22,Laptop Dell Inspiron,1
2024-06-22,Disco Duro SSD 1TB,1
2024-06-23,Procesador Ryzen 5,1
2024-06-23,Cable de Red Cat6 3m,2
2024-06-23,Memoria USB 64GB,1
2024-06-23,Tarjeta Gráfica RTX 4060,1
2024-06-23,Pasta Térmica Arctic,2
2024-06-24,Memoria USB 64GB,1
2024-06-24,Pasta Térmica Arctic,3
2024-06-24,Cable de Red Cat6 3m,5
2024-06-25,Memoria RAM 16GB DDR4,1
2024-06-25,Memoria USB 64GB,1
2024-06-25,Disco Duro SSD 1TB,1
2024-06-25,Cable de Red Cat6 3m,1
2024-06-26,Pasta Térmica Arctic,2
2024-06-26,Cable de Red Cat6 3m,4
2024-06-26,Memoria USB 64GB,1
2024-06-26,Laptop Gaming Asus,2
2024-06-27,Cable de Red Cat6 3m,3
2024-06-27,Tarjeta Gráfica RTX 4060,1
2024-06-27,Disco Duro SSD 1TB,1
2024-06-27,Procesador Ryzen 5,1
2024-06-28,Disco Duro SSD 1TB,1
2024-06-28,Cable de Red Cat6 3m,2
2024-06-28,Pasta Térmica Arctic,1
2024-06-29,Memoria USB 64GB,2
2024-06-29,Cable de Red Cat6 3m,1
2024-06-29,Laptop Dell Inspiron,1
2024-06-30,Pasta Térmica Arctic,1
2024-06-30,Cable de Red Cat6 3m,1
2024-06-30,Memoria RAM 16GB DDR4,1
2024-06-30,Memoria USB 64GB,1
2024-07-01,Laptop Dell Inspiron,1
2024-07-01,Memoria RAM 16GB DDR4,1
2024-07-01,Pasta Térmica Arctic,2
2024-07-02,Cable de Red Cat6 3m,1
2024-07-02,Memoria USB 64GB,1
2024-07-02,Monitor 24 Pulgadas,1
2024-07-02,Pasta Térmica Arctic,2
2024-07-02,Disco Duro SSD 1TB,1
2024-07-03,Pasta Térmica Arctic,5
2024-07-03,Cable de Red Cat6 3m,1
2024-07-03,Memoria USB 64GB,2
2024-07-03,Procesador Ryzen 5,1
2024-07-04,Procesador Ryzen 5,1
2024-07-04,Memoria RAM 16GB DDR4,1
2024-07-04,Memoria USB 64GB,2
2024-07-04,Cable de Red Cat6 3m,2
2024-07-04,Pasta Térmica Arctic,1
2024-07-05,Memoria USB 64GB,2
2024-07-05,Cable de Red Cat6 3m,2
2024-07-05,Tarjeta Gráfica RTX 4060,1
2024-07-05,Laptop Dell Inspiron,1
2024-07-05,Procesador Ryzen 5,1
2024-07-05,Pasta Térmica Arctic,1
2024-07-06,Pasta Térmica Arctic,1
2024-07-07,Memoria USB 64GB,2
2024-07-07,Cable de Red Cat6 3m,4
2024-07-08,Pasta Térmica Arctic,2
2024-07-08,Cable de Red Cat6 3m,1
2024-07-08,Procesador Ryzen 5,1
2024-07-09,Pasta Térmica Arctic,2
2024-07-10,Pasta Térmica Arctic,2
2024-07-10,Memoria USB 64GB,1
2024-07-11,Procesador Ryzen 5,1
2024-07-11,Pasta Térmica Arctic,2
2024-07-11,Cable de Red Cat6 3m,2
2024-07-12,Disco Duro SSD 1TB,1
2024-07-12,Memoria USB 64GB,3
2024-07-12,Pasta Térmica Arctic,1
2024-07-12,Cable de Red Cat6 3m,1
2024-07-13,Pasta Térmica Arctic,3
2024-07-13,Procesador Ryzen 5,1
2024-07-13,Memoria USB 64GB,1
2024-07-14,Procesador Ryzen 5,1
2024-07-14,Pasta Térmica Arctic,3
2024-07-15,Pasta Térmica Arctic,3
2024-07-15,Disco Duro SSD 1TB,1
2024-07-15,Procesador Ryzen 5,1
2024-07-15,Cable de Red Cat6 3m,2
2024-07-16,Tarjeta Gráfica RTX 4060,1
2024-07-16,Procesador Ryzen 5,1
2024-07-16,Cable de Red Cat6 3m,5
2024-07-16,Pasta Térmica Arctic,3
2024-07-16,Memoria USB 64GB,1
2024-07-17,Cable de Red Cat6 3m,2
2024-07-17,Procesador Ryzen 5,1
2024-07-17,Pasta Térmica Arctic,1
2024-07-17,Memoria USB 64GB,2
2024-07-18,Cable de Red Cat6 3m,3
2024-07-18,Procesador Ryzen 5,1
2024-07-18,Pasta Térmica Arctic,1
2024-07-18,Monitor 24 Pulgadas,1
2024-07-19,Pasta Térmica Arctic,1
2024-07-19,Cable de Red Cat6 3m,2
2024-07-20,Pasta Térmica Arctic,2
2024-07-20,Memoria USB 64GB,1
2024-07-20,Cable de Red Cat6 3m,1
2024-07-21,Pasta Térmica Arctic,1
2024-07-21,Monitor 24 Pulgadas,1
2024-07-21,Cable de Red Cat6 3m,3
2024-07-22,Pasta Térmica Arctic,1
2024-07-22,Memoria USB 64GB,1
2024-07-22,Cable de Red Cat6 3m,3
2024-07-22,Memoria RAM 16GB DDR4,1
2024-07-23,Cable de Red Cat6 3m,2
2024-07-23,Pasta Térmica Arctic,3
2024-07-23,Laptop Gaming Asus,1
2024-07-24,Cable de Red Cat6 3m,2
2024-07-25,Tarjeta Gráfica RTX 4060,1
2024-07-25,Cable de Red Cat6 3m,1
2024-07-25,Pasta Térmica Arctic,1
2024-07-25,Memoria RAM 16GB DDR4,1
2024-07-26,Pasta Térmica Arctic,4
2024-07-26,Procesador Ryzen 5,1
2024-07-26,Memoria USB 64GB,2
2024-07-26,Cable de Red Cat6 3m,1
2024-07-27,Pasta Térmica Arctic,2
2024-07-27,Memoria USB 64GB,1
2024-07-27,Monitor 24 Pulgadas,1
2024-07-28,Memoria RAM 16GB DDR4,1
2024-07-28,Cable de Red Cat6 3m,2
2024-07-28,Disco Duro SSD 1TB,1
2024-07-28,Memoria USB 64GB,1
2024-07-29,Procesador Ryzen 5,1
2024-07-29,Memoria USB 64GB,2
2024-07-29,Memoria RAM 16GB DDR4,1
2024-07-30,Memoria USB 64GB,4
2024-07-30,Monitor 24 Pulgadas,1
2024-07-30,Pasta Térmica Arctic,4
2024-07-30,Cable de Red Cat6 3m,5
2024-07-30,Procesador Ryzen 5,2
2024-07-31,Memoria USB 64GB,2
2024-07-31,Tarjeta Gráfica RTX 4060,2
2024-07-31,Cable de Red Cat6 3m,3
2024-07-31,Memoria RAM 16GB DDR4,1
2024-08-01,Monitor 24 Pulgadas,1
2024-08-01,Cable de Red Cat6 3m,3
2024-08-01,Pasta Térmica Arctic,3
2024-08-02,Pasta Térmica Arctic,3
2024-08-02,Laptop Gaming Asus,1
2024-08-02,Memoria USB 64GB,2
2024-08-02,Cable de Red Cat6 3m,1
2024-08-03,Pasta Térmica Arctic,1
2024-08-03,Memoria USB 64GB,4
2024-08-03,Disco Duro SSD 1TB,1
2024-08-03,Memoria RAM 16GB DDR4,1
2024-08-04,Cable de Red Cat6 3m,3
2024-08-04,Tarjeta Gráfica RTX 4060,1
2024-08-05,Memoria RAM 16GB DDR4,1
2024-08-05,Pasta Térmica Arctic,3
2024-08-05,Laptop Dell Inspiron,1
2024-08-05,Procesador Ryzen 5,1
2024-08-05,Disco Duro SSD 1TB,1
2024-08-05,Cable de Red Cat6 3m,3
2024-08-06,Disco Duro SSD 1TB,1
2024-08-06,Pasta Térmica Arctic,2
2024-08-06,Cable de Red Cat6 3m,2
2024-08-07,Cable de Red Cat6 3m,1
2024-08-07,Laptop Gaming Asus,1
2024-08-07,Pasta Térmica Arctic,3
2024-08-07,Procesador Ryzen 5,2
2024-08-07,Memoria USB 64GB,1
2024-08-08,Cable de Red Cat6 3m,1
2024-08-08,Pasta Térmica Arctic,1
2024-08-08,Disco Duro SSD 1TB,1
2024-08-09,Disco Duro SSD 1TB,1
2024-08-09,Memoria USB 64GB,1
2024-08-09,Cable de Red Cat6 3m,1
2024-08-10,Memoria USB 64GB,2
2024-08-10,Cable de Red Cat6 3m,2
2024-08-11,Laptop Gaming Asus,1
2024-08-11,Disco Duro SSD 1TB,1
2024-08-11,Cable de Red Cat6 3m,1
2024-08-12,Tarjeta Gráfica RTX 4060,1
2024-08-12,Monitor 24 Pulgadas,1
2024-08-12,Cable de Red Cat6 3m,3
2024-08-13,Pasta Térmica Arctic,1
2024-08-13,Procesador Ryzen 5,1
2024-08-13,Memoria USB 64GB,2
2024-08-13,Cable de Red Cat6 3m,3
2024-08-14,Pasta Térmica Arctic,2
2024-08-14,Memoria USB 64GB,1
2024-08-14,Procesador Ryzen 5,1
2024-08-15,Procesador Ryzen 5,2
2024-08-15,Cable de Red Cat6 3m,3
2024-08-15,Pasta Térmica Arctic,3
2024-08-15,Laptop Dell Inspiron,1
2024-08-15,Memoria USB 64GB,2
2024-08-15,Disco Duro SSD 1TB,1
2024-08-16,Memoria USB 64GB,1
2024-08-16,Disco Duro SSD 1TB,1
2024-08-16,Laptop Gaming Asus,1
2024-08-16,Pasta Térmica Arctic,1
2024-08-16,Cable de Red Cat6 3m,2
2024-08-17,Procesador Ryzen 5,1
2024-08-17,Cable de Red Cat6 3m,2
2024-08-17,Pasta Térmica Arctic,1
2024-08-18,Cable de Red Cat6 3m,4
2024-08-18,Memoria USB 64GB,2
2024-08-18,Laptop Dell Inspiron,1
2024-08-18,Pasta Térmica Arctic,2
2024-08-19,Laptop Dell Inspiron,1
2024-08-19,Pasta Térmica Arctic,3
2024-08-19,Monitor 24 Pulgadas,1
2024-08-19,Cable de Red Cat6 3m,2
2024-08-20,Pasta Térmica Arctic,1
2024-08-21,Laptop Dell Inspiron,1
2024-08-21,Memoria USB 64GB,1
2024-08-21,Pasta Térmica Arctic,2
2024-08-22,Cable de Red Cat6 3m,2
2024-08-22,Tarjeta Gráfica RTX 4060,1
2024-08-22,Pasta Térmica Arctic,3
2024-08-22,Memoria USB 64GB,1
2024-08-22,Disco Duro SSD 1TB,1
2024-08-22,Procesador Ryzen 5,2
2024-08-23,Pasta Térmica Arctic,2
2024-08-23,Memoria USB 64GB,1
2024-08-23,Procesador Ryzen 5,2
2024-08-23,Tarjeta Gráfica RTX 4060,1
2024-08-23,Cable de Red Cat6 3m,3
2024-08-24,Disco Duro SSD 1TB,1
2024-08-24,Laptop Dell Inspiron,1
2024-08-24,Cable de Red Cat6 3m,3
2024-08-24,Tarjeta Gráfica RTX 4060,1
2024-08-25,Monitor 24 Pulgadas,1
2024-08-25,Cable de Red Cat6 3m,1
2024-08-25,Tarjeta Gráfica RTX 4060,1
2024-08-25,Pasta Térmica Arctic,2
2024-08-25,Laptop Dell Inspiron,1
2024-08-26,Cable de Red Cat6 3m,4
2024-08-26,Procesador Ryzen 5,2
2024-08-26,Pasta Térmica Arctic,5
2024-08-27,Memoria USB 64GB,2
2024-08-27,Memoria RAM 16GB DDR4,1
2024-08-27,Pasta Térmica Arctic,4
2024-08-28,Memoria RAM 16GB DDR4,1
2024-08-28,Memoria USB 64GB,1
2024-08-28,Tarjeta Gráfica RTX 4060,1
2024-08-28,Cable de Red Cat6 3m,1
2024-08-28,Procesador Ryzen 5,1
2024-08-28,Pasta Térmica Arctic,4
2024-08-29,Tarjeta Gráfica RTX 4060,1
2024-08-29,Disco Duro SSD 1TB,1
2024-08-29,Memoria USB 64GB,1
2024-08-29,Procesador Ryzen 5,1
2024-08-29,Cable de Red Cat6 3m,1
2024-08-30,Laptop Dell Inspiron,1
2024-08-30,Cable de Red Cat6 3m,1
2024-08-30,Pasta Térmica Arctic,4
2024-08-30,Procesador Ryzen 5,1
2024-08-30,Memoria USB 64GB,2
2024-08-31,Cable de Red Cat6 3m,1
2024-08-31,Memoria USB 64GB,2
2024-08-31,Pasta Térmica Arctic,2
2024-09-01,Laptop Dell Inspiron,1
2024-09-01,Memoria USB 64GB,1
2024-09-01,Procesador Ryzen 5,1
2024-09-01,Cable de Red Cat6 3m,1
2024-09-02,Pasta Térmica Arctic,1
2024-09-02,Cable de Red Cat6 3m,2
2024-09-03,Memoria RAM 16GB DDR4,1
2024-09-03,Disco Duro SSD 1TB,1
2024-09-03,Pasta Térmica Arctic,2
2024-09-03,Tarjeta Gráfica RTX 4060,1
2024-09-03,Cable de Red Cat6 3m,2
2024-09-04,Memoria USB 64GB,1
2024-09-04,Pasta Térmica Arctic,2
2024-09-04,Laptop Gaming Asus,1
2024-09-04,Cable de Red Cat6 3m,2
2024-09-05,Cable de Red Cat6 3m,1
2024-09-05,Procesador Ryzen 5,1
2024-09-05,Memoria RAM 16GB DDR4,2
2024-09-05,Memoria USB 64GB,1
2024-09-06,Cable de Red Cat6 3m,1
2024-09-06,Memoria RAM 16GB DDR4,1
2024-09-06,Memoria USB 64GB,2
2024-09-06,Pasta Térmica Arctic,1
2024-09-07,Cable de Red Cat6 3m,1
2024-09-07,Pasta Térmica Arctic,2
2024-09-07,Monitor 24 Pulgadas,1
2024-09-07,Disco Duro SSD 1TB,1
2024-09-07,Laptop Gaming Asus,1
2024-09-08,Memoria USB 64GB,2
2024-09-09,Procesador Ryzen 5,1
2024-09-09,Laptop Gaming Asus,1
2024-09-09,Memoria USB 64GB,1
2024-09-10,Memoria USB 64GB,2
2024-09-10,Cable de Red Cat6 3m,2
2024-09-10,Pasta Térmica Arctic,1
2024-09-10,Laptop Dell Inspiron,1
2024-09-11,Memoria RAM 16GB DDR4,1
2024-09-11,Cable de Red Cat6 3m,3
2024-09-11,Pasta Térmica Arctic,2
2024-09-11,Memoria USB 64GB,1
2024-09-12,Cable de Red Cat6 3m,3
2024-09-12,Laptop Dell Inspiron,1
2024-09-13,Memoria USB 64GB,2
2024-09-13,Laptop Gaming Asus,2
2024-09-13,Cable de Red Cat6 3m,1
2024-09-13,Memoria RAM 16GB DDR4,1
2024-09-13,Disco Duro SSD 1TB,1
2024-09-13,Pasta Térmica Arctic,3
2024-09-14,Laptop Dell Inspiron,1
2024-09-14,Cable de Red Cat6 3m,1
2024-09-15,Memoria RAM 16GB DDR4,1
2024-09-15,Pasta Térmica Arctic,1
2024-09-15,Cable de Red Cat6 3m,2
2024-09-15,Memoria USB 64GB,1
2024-09-16,Laptop Gaming Asus,1
2024-09-16,Pasta Térmica Arctic,4
2024-09-16,Cable de Red Cat6 3m,3
2024-09-16,Tarjeta Gráfica RTX 4060,2
2024-09-16,Memoria USB 64GB,3
2024-09-17,Pasta Térmica Arctic,2
2024-09-17,Memoria USB 64GB,2
2024-09-17,Cable de Red Cat6 3m,2
2024-09-18,Pasta Térmica Arctic,1
2024-09-18,Cable de Red Cat6 3m,1
2024-09-19,Memoria USB 64GB,1
2024-09-19,Pasta Térmica Arctic,1
2024-09-19,Procesador Ryzen 5,1
2024-09-20,Cable de Red Cat6 3m,1
2024-09-20,Memoria USB 64GB,2
2024-09-21,Cable de Red Cat6 3m,1
2024-09-21,Memoria USB 64GB,1
2024-09-21,Procesador Ryzen 5,3
2024-09-22,Memoria RAM 16GB DDR4,1
2024-09-22,Memoria USB 64GB,1
2024-09-22,Cable de Red Cat6 3m,3
2024-09-22,Laptop Gaming Asus,1
2024-09-23,Pasta Térmica Arctic,3
2024-09-23,Cable de Red Cat6 3m,2
2024-09-23,Procesador Ryzen 5,1
2024-09-24,Cable de Red Cat6 3m,2
2024-09-25,Cable de Red Cat6 3m,1
2024-09-25,Memoria RAM 16GB DDR4,1
2024-09-25,Pasta Térmica Arctic,5
2024-09-26,Cable de Red Cat6 3m,1
2024-09-26,Pasta Térmica Arctic,2
2024-09-26,Monitor 24 Pulgadas,1
2024-09-27,Pasta Térmica Arctic,2
2024-09-27,Laptop Dell Inspiron,2
2024-09-27,Cable de Red Cat6 3m,2
2024-09-27,Monitor 24 Pulgadas,2
2024-09-27,Disco Duro SSD 1TB,1
2024-09-28,Pasta Térmica Arctic,4
2024-09-28,Monitor 24 Pulgadas,1
2024-09-28,Procesador Ryzen 5,1
2024-09-28,Laptop Dell Inspiron,1
2024-09-28,Cable de Red Cat6 3m,1
2024-09-29,Disco Duro SSD 1TB,1
2024-09-29,Pasta Térmica Arctic,3
2024-09-29,Cable de Red Cat6 3m,1
2024-09-29,Memoria RAM 16GB DDR4,2
2024-09-30,Cable de Red Cat6 3m,1
2024-09-30,Memoria USB 64GB,1
2024-09-30,Tarjeta Gráfica RTX 4060,1
2024-09-30,Procesador Ryzen 5,1
2024-09-30,Pasta Térmica Arctic,4
2024-09-30,Memoria RAM 16GB DDR4,1
2024-10-01,Pasta Térmica Arctic,4
2024-10-01,Cable de Red Cat6 3m,1
2024-10-02,Memoria USB 64GB,1
2024-10-02,Disco Duro SSD 1TB,1
2024-10-02,Monitor 24 Pulgadas,1
2024-10-02,Cable de Red Cat6 3m,4
2024-10-02,Pasta Térmica Arctic,6
2024-10-03,Laptop Dell Inspiron,1
2024-10-03,Procesador Ryzen 5,1
2024-10-03,Pasta Térmica Arctic,5
2024-10-03,Memoria USB 64GB,1
2024-10-04,Memoria USB 64GB,1
2024-10-04,Cable de Red Cat6 3m,1
2024-10-05,Cable de Red Cat6 3m,1
2024-10-05,Laptop Dell Inspiron,1
2024-10-05,Memoria USB 64GB,2
2024-10-05,Pasta Térmica Arctic,3
2024-10-05,Disco Duro SSD 1TB,1
2024-10-06,Memoria USB 64GB,1
2024-10-06,Laptop Gaming Asus,1
2024-10-06,Cable de Red Cat6 3m,1
2024-10-06,Pasta Térmica Arctic,1
2024-10-06,Memoria RAM 16GB DDR4,1
2024-10-07,Pasta Térmica Arctic,2
2024-10-07,Cable de Red Cat6 3m,3
2024-10-08,Cable de Red Cat6 3m,2
2024-10-08,Memoria USB 64GB,1
2024-10-08,Tarjeta Gráfica RTX 4060,1
2024-10-08,Pasta Térmica Arctic,1
2024-10-09,Disco Duro SSD 1TB,1
2024-10-09,Cable de Red Cat6 3m,1
2024-10-09,Procesador Ryzen 5,1
2024-10-10,Disco Duro SSD 1TB,1
2024-10-10,Tarjeta Gráfica RTX 4060,1
2024-10-10,Cable de Red Cat6 3m,2
2024-10-10,Memoria USB 64GB,1
2024-10-10,Pasta Térmica Arctic,4
2024-10-11,Laptop Dell Inspiron,2
2024-10-11,Cable de Red Cat6 3m,2
2024-10-11,Pasta Térmica Arctic,2
2024-10-11,Memoria USB 64GB,2
2024-10-12,Pasta Térmica Arctic,4
2024-10-12,Memoria USB 64GB,1
2024-10-12,Cable de Red Cat6 3m,1
2024-10-12,Procesador Ryzen 5,1
2024-10-12,Tarjeta Gráfica RTX 4060,1
2024-10-13,Memoria USB 64GB,1
2024-10-14,Disco Duro SSD 1TB,1
2024-10-14,Cable de Red Cat6 3m,1
2024-10-14,Pasta Térmica Arctic,3
2024-10-14,Memoria USB 64GB,2
2024-10-15,Memoria RAM 16GB DDR4,1
2024-10-15,Pasta Térmica Arctic,2
2024-10-15,Memoria USB 64GB,1
2024-10-15,Cable de Red Cat6 3m,2
2024-10-16,Pasta Térmica Arctic,3
2024-10-16,Procesador Ryzen 5,1
2024-10-16,Laptop Gaming Asus,1
2024-10-16,Memoria USB 64GB,1
2024-10-16,Cable de Red Cat6 3m,3
2024-10-17,Pasta Térmica Arctic,1
2024-10-17,Tarjeta Gráfica RTX 4060,1
2024-10-17,Memoria USB 64GB,1
2024-10-17,Cable de Red Cat6 3m,2
2024-10-18,Pasta Térmica Arctic,1
2024-10-18,Tarjeta Gráfica RTX 4060,1
2024-10-18,Monitor 24 Pulgadas,1
2024-10-18,Procesador Ryzen 5,1
2024-10-18,Memoria USB 64GB,2
2024-10-19,Cable de Red Cat6 3m,1
2024-10-19,Pasta Térmica Arctic,3
2024-10-19,Memoria USB 64GB,1
2024-10-20,Procesador Ryzen 5,1
2024-10-20,Pasta Térmica Arctic,1
2024-10-20,Memoria USB 64GB,1
2024-10-20,Laptop Gaming Asus,1
2024-10-21,Pasta Térmica Arctic,2
2024-10-21,Cable de Red Cat6 3m,5
2024-10-21,Procesador Ryzen 5,1
2024-10-21,Memoria USB 64GB,1
2024-10-22,Memoria USB 64GB,1
2024-10-22,Pasta Térmica Arctic,1
2024-10-22,Laptop Gaming Asus,1
2024-10-22,Cable de Red Cat6 3m,1
2024-10-23,Pasta Térmica Arctic,1
2024-10-23,Cable de Red Cat6 3m,1
2024-10-23,Memoria USB 64GB,1
2024-10-23,Procesador Ryzen 5,1
2024-10-24,Memoria RAM 16GB DDR4,1
2024-10-24,Tarjeta Gráfica RTX 4060,1
2024-10-24,Disco Duro SSD 1TB,1
2024-10-24,Laptop Dell Inspiron,1
2024-10-25,Cable de Red Cat6 3m,1
2024-10-25,Pasta Térmica Arctic,1
2024-10-25,Tarjeta Gráfica RTX 4060,1
2024-10-25,Monitor 24 Pulgadas,1
2024-10-25,Laptop Gaming Asus,1
2024-10-26,Memoria RAM 16GB DDR4,1
2024-10-26,Pasta Térmica Arctic,2
2024-10-26,Memoria USB 64GB,1
2024-10-26,Procesador Ryzen 5,3
2024-10-27,Procesador Ryzen 5,1
2024-10-27,Cable de Red Cat6 3m,1
2024-10-27,Memoria USB 64GB,3
2024-10-28,Memoria USB 64GB,1
2024-10-28,Cable de Red Cat6 3m,2
2024-10-28,Pasta Térmica Arctic,1
2024-10-28,Disco Duro SSD 1TB,1
2024-10-29,Procesador Ryzen 5,3
2024-10-29,Pasta Térmica Arctic,1
2024-10-29,Disco Duro SSD 1TB,1
2024-10-30,Procesador Ryzen 5,1
2024-10-31,Procesador Ryzen 5,2
2024-10-31,Disco Duro SSD 1TB,1
2024-10-31,Tarjeta Gráfica RTX 4060,1
2024-10-31,Pasta Térmica Arctic,2
2024-10-31,Cable de Red Cat6 3m,1
2024-10-31,Monitor 24 Pulgadas,1
2024-10-31,Memoria USB 64GB,2
2024-11-01,Cable de Red Cat6 3m,1
2024-11-01,Pasta Térmica Arctic,5
2024-11-02,Cable de Red Cat6 3m,3
2024-11-02,Pasta Térmica Arctic,1
2024-11-02,Monitor 24 Pulgadas,1
2024-11-02,Memoria RAM 16GB DDR4,1
2024-11-03,Pasta Térmica Arctic,3
2024-11-03,Procesador Ryzen 5,1
2024-11-03,Cable de Red Cat6 3m,3
2024-11-04,Pasta Térmica Arctic,2
2024-11-04,Disco Duro SSD 1TB,1
2024-11-04,Memoria USB 64GB,2
2024-11-04,Laptop Gaming Asus,1
2024-11-05,Memoria USB 64GB,1
2024-11-05,Pasta Térmica Arctic,4
2024-11-05,Laptop Gaming Asus,1
2024-11-05,Cable de Red Cat6 3m,2
2024-11-06,Cable de Red Cat6 3m,5
2024-11-06,Pasta Térmica Arctic,1
2024-11-06,Memoria RAM 16GB DDR4,1
2024-11-07,Disco Duro SSD 1TB,1
2024-11-07,Monitor 24 Pulgadas,1
2024-11-07,Memoria USB 64GB,1
2024-11-07,Cable de Red Cat6 3m,2
2024-11-07,Pasta Térmica Arctic,2
2024-11-08,Disco Duro SSD 1TB,1
2024-11-08,Memoria USB 64GB,1
2024-11-08,Procesador Ryzen 5,1
2024-11-08,Cable de Red Cat6 3m,5
2024-11-08,Pasta Térmica Arctic,4
2024-11-08,Laptop Gaming Asus,2
2024-11-09,Tarjeta Gráfica RTX 4060,1
2024-11-09,Cable de Red Cat6 3m,3
2024-11-09,Pasta Térmica Arctic,2
2024-11-09,Disco Duro SSD 1TB,1
2024-11-09,Laptop Dell Inspiron,1
2024-11-10,Cable de Red Cat6 3m,1
2024-11-10,Memoria USB 64GB,1
2024-11-10,Procesador Ryzen 5,1
2024-11-10,Monitor 24 Pulgadas,1
2024-11-10,Pasta Térmica Arctic,2
2024-11-11,Laptop Dell Inspiron,1
2024-11-11,Procesador Ryzen 5,1
2024-11-11,Monitor 24 Pulgadas,1
2024-11-11,Laptop Gaming Asus,1
2024-11-11,Memoria USB 64GB,2
2024-11-11,Pasta Térmica Arctic,5
2024-11-12,Pasta Térmica Arctic,4
2024-11-12,Memoria USB 64GB,1
2024-11-12,Cable de Red Cat6 3m,1
2024-11-12,Disco Duro SSD 1TB,1
2024-11-13,Pasta Térmica Arctic,1
2024-11-13,Cable de Red Cat6 3m,5
2024-11-14,Cable de Red Cat6 3m,2
2024-11-14,Monitor 24 Pulgadas,1
2024-11-14,Pasta Térmica Arctic,1
2024-11-15,Cable de Red Cat6 3m,2
2024-11-15,Pasta Térmica Arctic,2
2024-11-15,Memoria RAM 16GB DDR4,1
2024-11-15,Memoria USB 64GB,1
2024-11-16,Procesador Ryzen 5,1
2024-11-16,Memoria USB 64GB,1
2024-11-16,Pasta Térmica Arctic,4
2024-11-16,Cable de Red Cat6 3m,2
2024-11-16,Memoria RAM 16GB DDR4,2
2024-11-17,Cable de Red Cat6 3m,3
2024-11-17,Memoria RAM 16GB DDR4,1
2024-11-17,Laptop Dell Inspiron,1
2024-11-17,Pasta Térmica Arctic,3
2024-11-18,Cable de Red Cat6 3m,3
2024-11-18,Pasta Térmica Arctic,1
2024-11-19,Cable de Red Cat6 3m,4
2024-11-19,Laptop Gaming Asus,1
2024-11-20,Pasta Térmica Arctic,2
2024-11-20,Memoria USB 64GB,1
2024-11-20,Cable de Red Cat6 3m,1
2024-11-21,Laptop Dell Inspiron,1
2024-11-21,Cable de Red Cat6 3m,2
2024-11-21,Memoria USB 64GB,1
2024-11-21,Tarjeta Gráfica RTX 4060,1
2024-11-21,Pasta Térmica Arctic,3
2024-11-22,Cable de Red Cat6 3m,1
2024-11-22,Disco Duro SSD 1TB,1
2024-11-22,Monitor 24 Pulgadas,1
2024-11-22,Pasta Térmica Arctic,2
2024-11-23,Memoria USB 64GB,2
2024-11-23,Pasta Térmica Arctic,3
2024-11-23,Disco Duro SSD 1TB,2
2024-11-23,Cable de Red Cat6 3m,1
2024-11-24,Disco Duro SSD 1TB,1
2024-11-24,Memoria USB 64GB,1
2024-11-24,Cable de Red Cat6 3m,3
2024-11-25,Procesador Ryzen 5,1
2024-11-25,Monitor 24 Pulgadas,1
2024-11-25,Pasta Térmica Arctic,1
2024-11-25,Tarjeta Gráfica RTX 4060,1
2024-11-25,Laptop Gaming Asus,2
2024-11-25,Cable de Red Cat6 3m,2
2024-11-26,Procesador Ryzen 5,3
2024-11-26,Pasta Térmica Arctic,1
2024-11-26,Tarjeta Gráfica RTX 4060,1
2024-11-26,Disco Duro SSD 1TB,2
2024-11-27,Procesador Ryzen 5,1
2024-11-27,Cable de Red Cat6 3m,4
2024-11-28,Cable de Red Cat6 3m,3
2024-11-28,Memoria USB 64GB,3
2024-11-28,Disco Duro SSD 1TB,1
2024-11-28,Tarjeta Gráfica RTX 4060,1
2024-11-28,Pasta Térmica Arctic,5
2024-11-29,Cable de Red Cat6 3m,3
2024-11-29,Laptop Dell Inspiron,1
2024-11-29,Pasta Térmica Arctic,1
2024-11-29,Tarjeta Gráfica RTX 4060,1
2024-11-30,Pasta Térmica Arctic,5
2024-11-30,Disco Duro SSD 1TB,1
2024-11-30,Cable de Red Cat6 3m,4
2024-12-01,Cable de Red Cat6 3m,2
2024-12-01,Memoria USB 64GB,2
2024-12-01,Tarjeta Gráfica RTX 4060,1
2024-12-01,Laptop Gaming Asus,2
2024-12-01,Laptop Dell Inspiron,1
2024-12-02,Memoria USB 64GB,1
2024-12-02,Laptop Gaming Asus,1
2024-12-02,Cable de Red Cat6 3m,2
2024-12-02,Pasta Térmica Arctic,3
2024-12-03,Cable de Red Cat6 3m,4
2024-12-03,Monitor 24 Pulgadas,1
2024-12-03,Procesador Ryzen 5,3
2024-12-03,Pasta Térmica Arctic,2
2024-12-04,Pasta Térmica Arctic,2
2024-12-04,Cable de Red Cat6 3m,2
2024-12-04,Disco Duro SSD 1TB,1
2024-12-05,Laptop Gaming Asus,1
2024-12-05,Disco Duro SSD 1TB,1
2024-12-05,Monitor 24 Pulgadas,2
2024-12-05,Memoria USB 64GB,3
2024-12-05,Memoria RAM 16GB DDR4,1
2024-12-05,Cable de Red Cat6 3m,5
2024-12-05,Pasta Térmica Arctic,1
2024-12-06,Memoria USB 64GB,1
2024-12-06,Pasta Térmica Arctic,1
2024-12-06,Laptop Gaming Asus,1
2024-12-06,Cable de Red Cat6 3m,1
2024-12-06,Memoria RAM 16GB DDR4,1
2024-12-06,Tarjeta Gráfica RTX 4060,1
2024-12-07,Procesador Ryzen 5,1
2024-12-07,Pasta Térmica Arctic,1
2024-12-07,Disco Duro SSD 1TB,1
2024-12-07,Memoria USB 64GB,1
2024-12-07,Cable de Red Cat6 3m,2
2024-12-08,Memoria RAM 16GB DDR4,1
2024-12-08,Pasta Térmica Arctic,2
2024-12-08,Cable de Red Cat6 3m,2
2024-12-09,Disco Duro SSD 1TB,1
2024-12-09,Memoria USB 64GB,2
2024-12-09,Cable de Red Cat6 3m,2
2024-12-10,Laptop Dell Inspiron,1
2024-12-10,Pasta Térmica Arctic,3
2024-12-10,Cable de Red Cat6 3m,2
2024-12-10,Disco Duro SSD 1TB,1
2024-12-10,Memoria USB 64GB,2
2024-12-11,Pasta Térmica Arctic,2
2024-12-11,Memoria USB 64GB,3
2024-12-11,Cable de Red Cat6 3m,1
2024-12-11,Memoria RAM 16GB DDR4,2
2024-12-12,Pasta Térmica Arctic,4
2024-12-12,Procesador Ryzen 5,2
2024-12-12,Laptop Gaming Asus,1
2024-12-12,Cable de Red Cat6 3m,2
2024-12-13,Cable de Red Cat6 3m,1
2024-12-13,Memoria USB 64GB,1
2024-12-13,Tarjeta Gráfica RTX 4060,1
2024-12-13,Disco Duro SSD 1TB,1
2024-12-14,Disco Duro SSD 1TB,3
2024-12-14,Laptop Gaming Asus,1
2024-12-14,Memoria USB 64GB,3
2024-12-15,Laptop Dell Inspiron,1
2024-12-15,Memoria USB 64GB,4
2024-12-15,Pasta Térmica Arctic,1
2024-12-15,Cable de Red Cat6 3m,4
2024-12-15,Tarjeta Gráfica RTX 4060,1
2024-12-16,Pasta Térmica Arctic,3
2024-12-16,Memoria USB 64GB,1
2024-12-16,Cable de Red Cat6 3m,2
2024-12-17,Cable de Red Cat6 3m,3
2024-12-17,Memoria USB 64GB,1
2024-12-17,Disco Duro SSD 1TB,1
2024-12-17,Pasta Térmica Arctic,2
2024-12-18,Memoria USB 64GB,2
2024-12-18,Disco Duro SSD 1TB,2
2024-12-18,Pasta Térmica Arctic,5
2024-12-18,Cable de Red Cat6 3m,2
2024-12-18,Procesador Ryzen 5,1
2024-12-19,Pasta Térmica Arctic,3
2024-12-19,Cable de Red Cat6 3m,2
2024-12-19,Memoria RAM 16GB DDR4,1
2024-12-20,Cable de Red Cat6 3m,1
2024-12-20,Memoria USB 64GB,3
2024-12-20,Disco Duro SSD 1TB,1
2024-12-20,Pasta Térmica Arctic,1
2024-12-21,Laptop Dell Inspiron,2
2024-12-21,Procesador Ryzen 5,1
2024-12-21,Cable de Red Cat6 3m,2
2024-12-21,Disco Duro SSD 1TB,3
2024-12-21,Pasta Térmica Arctic,2
2024-12-22,Memoria USB 64GB,1
2024-12-22,Cable de Red Cat6 3m,3
2024-12-22,Disco Duro SSD 1TB,1
2024-12-22,Pasta Térmica Arctic,2
2024-12-23,Memoria RAM 16GB DDR4,1
2024-12-23,Laptop Dell Inspiron,1
2024-12-23,Pasta Térmica Arctic,4
2024-12-24,Procesador Ryzen 5,1
2024-12-24,Pasta Térmica Arctic,2
2024-12-24,Cable de Red Cat6 3m,2
2024-12-25,Memoria USB 64GB,1
2024-12-25,Procesador Ryzen 5,1
2024-12-25,Tarjeta Gráfica RTX 4060,1
2024-12-25,Cable de Red Cat6 3m,1
2024-12-25,Disco Duro SSD 1TB,2
2024-12-25,Monitor 24 Pulgadas,1
2024-12-25,Pasta Térmica Arctic,1
2024-12-26,Memoria USB 64GB,1
2024-12-26,Cable de Red Cat6 3m,1
2024-12-26,Tarjeta Gráfica RTX 4060,1
2024-12-26,Pasta Térmica Arctic,4
2024-12-27,Memoria USB 64GB,2
2024-12-27,Cable de Red Cat6 3m,2
2024-12-27,Laptop Gaming Asus,1
2024-12-27,Memoria RAM 16GB DDR4,1
2024-12-27,Pasta Térmica Arctic,1
2024-12-28,Disco Duro SSD 1TB,1
2024-12-28,Procesador Ryzen 5,1
2024-12-28,Pasta Térmica Arctic,3
2024-12-28,Cable de Red Cat6 3m,2
2024-12-29,Cable de Red Cat6 3m,3
2024-12-29,Disco Duro SSD 1TB,1
2024-12-29,Pasta Térmica Arctic,3
2024-12-30,Memoria RAM 16GB DDR4,1
2024-12-30,Memoria USB 64GB,1
2024-12-30,Procesador Ryzen 5,1
2024-12-30,Pasta Térmica Arctic,4
2024-12-30,Cable de Red Cat6 3m,6
2024-12-31,Pasta Térmica Arctic,3
2024-12-31,Disco Duro SSD 1TB,1
2024-12-31,Memoria USB 64GB,2
2024-12-31,Cable de Red Cat6 3m,4
2025-01-01,Cable de Red Cat6 3m,1
2025-01-01,Pasta Térmica Arctic,4
2025-01-01,Laptop Gaming Asus,1
2025-01-01,Memoria RAM 16GB DDR4,1
2025-01-02,Memoria USB 64GB,1
2025-01-02,Disco Duro SSD 1TB,1
2025-01-02,Cable de Red Cat6 3m,1
2025-01-02,Procesador Ryzen 5,1
2025-01-02,Pasta Térmica Arctic,2
2025-01-03,Cable de Red Cat6 3m,3
2025-01-03,Memoria USB 64GB,1
2025-01-03,Disco Duro SSD 1TB,1
2025-01-03,Pasta Térmica Arctic,2
2025-01-04,Memoria USB 64GB,1
2025-01-04,Cable de Red Cat6 3m,2
2025-01-05,Memoria USB 64GB,1
2025-01-05,Laptop Gaming Asus,1
2025-01-05,Cable de Red Cat6 3m,1
2025-01-06,Pasta Térmica Arctic,2
2025-01-06,Cable de Red Cat6 3m,3
2025-01-07,Memoria USB 64GB,1
2025-01-07,Procesador Ryzen 5,1
2025-01-07,Pasta Térmica Arctic,1
2025-01-08,Pasta Térmica Arctic,2
2025-01-08,Cable de Red Cat6 3m,2
2025-01-08,Memoria USB 64GB,2
2025-01-09,Laptop Gaming Asus,1
2025-01-09,Pasta Térmica Arctic,4
2025-01-09,Laptop Dell Inspiron,1
2025-01-09,Memoria USB 64GB,1
2025-01-09,Cable de Red Cat6 3m,2
2025-01-10,Pasta Térmica Arctic,3
2025-01-10,Laptop Dell Inspiron,1
2025-01-10,Memoria USB 64GB,2
2025-01-10,Disco Duro SSD 1TB,2
2025-01-11,Cable de Red Cat6 3m,1
2025-01-11,Pasta Térmica Arctic,2
2025-01-11,Memoria USB 64GB,1
2025-01-12,Cable de Red Cat6 3m,1
2025-01-12,Memoria USB 64GB,1
2025-01-12,Pasta Térmica Arctic,1
2025-01-13,Cable de Red Cat6 3m,1
2025-01-13,Memoria USB 64GB,2
2025-01-13,Pasta Térmica Arctic,2
2025-01-14,Cable de Red Cat6 3m,2
2025-01-14,Disco Duro SSD 1TB,1
2025-01-15,Disco Duro SSD 1TB,1
2025-01-15,Pasta Térmica Arctic,4
2025-01-15,Memoria USB 64GB,1
2025-01-16,Cable de Red Cat6 3m,1
2025-01-16,Memoria USB 64GB,1
2025-01-16,Pasta Térmica Arctic,5
2025-01-17,Cable de Red Cat6 3m,2
2025-01-17,Tarjeta Gráfica RTX 4060,1
2025-01-18,Pasta Térmica Arctic,2
2025-01-18,Memoria USB 64GB,1
2025-01-18,Monitor 24 Pulgadas,1
2025-01-19,Memoria USB 64GB,1
2025-01-19,Laptop Dell Inspiron,1
2025-01-20,Memoria RAM 16GB DDR4,1
2025-01-20,Cable de Red Cat6 3m,2
2025-01-20,Procesador Ryzen 5,1
2025-01-21,Memoria USB 64GB,2
2025-01-21,Laptop Gaming Asus,1
2025-01-21,Pasta Térmica Arctic,2
2025-01-21,Cable de Red Cat6 3m,2
2025-01-21,Laptop Dell Inspiron,1
2025-01-22,Memoria USB 64GB,1
2025-01-22,Pasta Térmica Arctic,1
2025-01-22,Memoria RAM 16GB DDR4,1
2025-01-23,Pasta Térmica Arctic,2
2025-01-23,Memoria USB 64GB,1
2025-01-23,Cable de Red Cat6 3m,2
2025-01-23,Disco Duro SSD 1TB,1
2025-01-24,Procesador Ryzen 5,1
2025-01-24,Cable de Red Cat6 3m,4
2025-01-24,Memoria USB 64GB,1
2025-01-24,Pasta Térmica Arctic,2
2025-01-24,Laptop Gaming Asus,2
2025-01-24,Disco Duro SSD 1TB,1
2025-01-25,Cable de Red Cat6 3m,2
2025-01-25,Pasta Térmica Arctic,2
2025-01-26,Procesador Ryzen 5,1
2025-01-26,Cable de Red Cat6 3m,1
2025-01-26,Pasta Térmica Arctic,1
2025-01-27,Cable de Red Cat6 3m,1
2025-01-27,Pasta Térmica Arctic,2
2025-01-28,Cable de Red Cat6 3m,1
2025-01-28,Memoria USB 64GB,1
2025-01-28,Pasta Térmica Arctic,6
2025-01-28,Tarjeta Gráfica RTX 4060,1
2025-01-29,Pasta Térmica Arctic,4
2025-01-29,Memoria USB 64GB,1
2025-01-29,Cable de Red Cat6 3m,2
2025-01-30,Disco Duro SSD 1TB,1
2025-01-30,Memoria USB 64GB,1
2025-01-31,Disco Duro SSD 1TB,1
2025-01-31,Cable de Red Cat6 3m,3
2025-01-31,Pasta Térmica Arctic,2
2025-01-31,Memoria USB 64GB,1
2025-02-01,Cable de Red Cat6 3m,1
2025-02-01,Pasta Térmica Arctic,2
2025-02-02,Cable de Red Cat6 3m,1
2025-02-02,Pasta Térmica Arctic,2
2025-02-03,Memoria USB 64GB,2
2025-02-03,Procesador Ryzen 5,1
2025-02-03,Tarjeta Gráfica RTX 4060,1
2025-02-03,Memoria RAM 16GB DDR4,1
2025-02-04,Memoria RAM 16GB DDR4,1
2025-02-04,Pasta Térmica Arctic,1
2025-02-04,Memoria USB 64GB,1
2025-02-05,Pasta Térmica Arctic,2
2025-02-05,Memoria USB 64GB,2
2025-02-05,Laptop Dell Inspiron,1
2025-02-05,Procesador Ryzen 5,1
2025-02-05,Cable de Red Cat6 3m,3
2025-02-06,Cable de Red Cat6 3m,1
2025-02-06,Memoria USB 64GB,1
2025-02-06,Memoria RAM 16GB DDR4,1
2025-02-07,Pasta Térmica Arctic,3
2025-02-08,Pasta Térmica Arctic,2
2025-02-08,Disco Duro SSD 1TB,1
2025-02-08,Memoria USB 64GB,1
2025-02-09,Memoria USB 64GB,1
2025-02-09,Pasta Térmica Arctic,2
2025-02-10,Pasta Térmica Arctic,2
2025-02-10,Procesador Ryzen 5,1
2025-02-10,Cable de Red Cat6 3m,1
2025-02-10,Memoria USB 64GB,2
2025-02-10,Laptop Dell Inspiron,1
2025-02-11,Pasta Térmica Arctic,1
2025-02-11,Laptop Dell Inspiron,1
2025-02-11,Disco Duro SSD 1TB,1
2025-02-11,Cable de Red Cat6 3m,2
2025-02-12,Pasta Térmica Arctic,1
2025-02-12,Cable de Red Cat6 3m,1
2025-02-12,Memoria USB 64GB,1
2025-02-13,Monitor 24 Pulgadas,1
2025-02-13,Pasta Térmica Arctic,3
2025-02-13,Laptop Dell Inspiron,1
2025-02-13,Cable de Red Cat6 3m,2
2025-02-14,Pasta Térmica Arctic,1
2025-02-14,Cable de Red Cat6 3m,3
2025-02-15,Laptop Dell Inspiron,2
2025-02-15,Disco Duro SSD 1TB,1
2025-02-15,Memoria USB 64GB,1
2025-02-15,Cable de Red Cat6 3m,4
2025-02-15,Monitor 24 Pulgadas,1
2025-02-15,Pasta Térmica Arctic,8
2025-02-16,Laptop Dell Inspiron,1
2025-02-16,Pasta Térmica Arctic,1
2025-02-16,Monitor 24 Pulgadas,1
2025-02-16,Memoria USB 64GB,2
2025-02-17,Pasta Térmica Arctic,2
2025-02-17,Disco Duro SSD 1TB,1
2025-02-17,Laptop Dell Inspiron,1
2025-02-17,Memoria USB 64GB,1
2025-02-17,Monitor 24 Pulgadas,1
2025-02-17,Laptop Gaming Asus,1
2025-02-18,Memoria USB 64GB,1
2025-02-18,Memoria RAM 16GB DDR4,2
2025-02-18,Cable de Red Cat6 3m,2
2025-02-18,Laptop Gaming Asus,1
2025-02-19,Cable de Red Cat6 3m,2
2025-02-19,Memoria USB 64GB,2
2025-02-19,Procesador Ryzen 5,1
2025-02-19,Pasta Térmica Arctic,2
2025-02-20,Memoria USB 64GB,3
2025-02-20,Cable de Red Cat6 3m,1
2025-02-21,Pasta Térmica Arctic,1
2025-02-21,Procesador Ryzen 5,1
2025-02-21,Cable de Red Cat6 3m,3
2025-02-21,Memoria USB 64GB,1
2025-02-22,Pasta Térmica Arctic,1
2025-02-22,Procesador Ryzen 5,1
2025-02-22,Cable de Red Cat6 3m,2
2025-02-23,Memoria USB 64GB,1
2025-02-23,Cable de Red Cat6 3m,1
2025-02-23,Pasta Térmica Arctic,4
2025-02-24,Pasta Térmica Arctic,3
2025-02-24,Cable de Red Cat6 3m,2
2025-02-25,Memoria USB 64GB,1
2025-02-25,Disco Duro SSD 1TB,1
2025-02-25,Pasta Térmica Arctic,2
2025-02-25,Cable de Red Cat6 3m,1
2025-02-25,Laptop Dell Inspiron,1
2025-02-26,Disco Duro SSD 1TB,1
2025-02-26,Cable de Red Cat6 3m,1
2025-02-26,Pasta Térmica Arctic,2
2025-02-27,Memoria USB 64GB,1
2025-02-27,Laptop Dell Inspiron,1
2025-02-27,Cable de Red Cat6 3m,2
2025-02-28,Tarjeta Gráfica RTX 4060,1
2025-02-28,Disco Duro SSD 1TB,1
2025-02-28,Cable de Red Cat6 3m,3
2025-02-28,Pasta Térmica Arctic,2
2025-03-01,Cable de Red Cat6 3m,3
2025-03-01,Laptop Gaming Asus,1
2025-03-02,Pasta Térmica Arctic,3
2025-03-02,Memoria USB 64GB,1
2025-03-02,Memoria RAM 16GB DDR4,1
2025-03-02,Procesador Ryzen 5,1
2025-03-03,Laptop Gaming Asus,1
2025-03-03,Laptop Dell Inspiron,1
2025-03-03,Procesador Ryzen 5,2
2025-03-03,Cable de Red Cat6 3m,2
2025-03-03,Pasta Térmica Arctic,2
2025-03-04,Monitor 24 Pulgadas,1
2025-03-04,Pasta Térmica Arctic,1
2025-03-05,Memoria USB 64GB,1
2025-03-05,Cable de Red Cat6 3m,1
2025-03-05,Procesador Ryzen 5,1
2025-03-05,Tarjeta Gráfica RTX 4060,1
2025-03-06,Laptop Gaming Asus,1
2025-03-06,Cable de Red Cat6 3m,3
2025-03-07,Pasta Térmica Arctic,3
2025-03-07,Cable de Red Cat6 3m,1
2025-03-07,Memoria USB 64GB,3
2025-03-07,Monitor 24 Pulgadas,1
2025-03-07,Procesador Ryzen 5,1
2025-03-07,Disco Duro SSD 1TB,1
2025-03-07,Laptop Gaming Asus,1
2025-03-07,Tarjeta Gráfica RTX 4060,1
2025-03-08,Tarjeta Gráfica RTX 4060,1
2025-03-08,Monitor 24 Pulgadas,1
2025-03-08,Cable de Red Cat6 3m,1
2025-03-08,Laptop Gaming Asus,1
2025-03-08,Pasta Térmica Arctic,1
2025-03-09,Pasta Térmica Arctic,1
2025-03-09,Cable de Red Cat6 3m,2
2025-03-10,Memoria RAM 16GB DDR4,1
2025-03-10,Pasta Térmica Arctic,4
2025-03-10,Memoria USB 64GB,2
2025-03-10,Cable de Red Cat6 3m,2
2025-03-11,Procesador Ryzen 5,1
2025-03-11,Cable de Red Cat6 3m,7
2025-03-11,Memoria RAM 16GB DDR4,1
2025-03-11,Memoria USB 64GB,1
2025-03-11,Pasta Térmica Arctic,2
2025-03-12,Memoria USB 64GB,1
2025-03-12,Cable de Red Cat6 3m,2
2025-03-12,Procesador Ryzen 5,2
2025-03-12,Laptop Dell Inspiron,1
2025-03-12,Pasta Térmica Arctic,2
2025-03-13,Laptop Dell Inspiron,1
2025-03-13,Cable de Red Cat6 3m,2
2025-03-14,Memoria USB 64GB,3
2025-03-14,Procesador Ryzen 5,1
2025-03-14,Pasta Térmica Arctic,1
2025-03-15,Laptop Gaming Asus,2
2025-03-15,Cable de Red Cat6 3m,1
2025-03-15,Memoria USB 64GB,2
2025-03-15,Pasta Térmica Arctic,2
2025-03-15,Disco Duro SSD 1TB,1
2025-03-15,Procesador Ryzen 5,1
2025-03-16,Monitor 24 Pulgadas,1
2025-03-16,Pasta Térmica Arctic,2
2025-03-16,Memoria USB 64GB,2
2025-03-16,Disco Duro SSD 1TB,1
2025-03-17,Memoria USB 64GB,2
2025-03-17,Memoria RAM 16GB DDR4,1
2025-03-17,Pasta Térmica Arctic,1
2025-03-17,Cable de Red Cat6 3m,1
2025-03-17,Procesador Ryzen 5,1
2025-03-18,Monitor 24 Pulgadas,1
2025-03-18,Pasta Térmica Arctic,2
2025-03-18,Disco Duro SSD 1TB,3
2025-03-18,Tarjeta Gráfica RTX 4060,1
2025-03-19,Cable de Red Cat6 3m,2
2025-03-19,Pasta Térmica Arctic,2
2025-03-19,Memoria USB 64GB,1
2025-03-19,Memoria RAM 16GB DDR4,1
2025-03-20,Pasta Térmica Arctic,2
2025-03-20,Memoria USB 64GB,1
2025-03-20,Cable de Red Cat6 3m,1
2025-03-21,Procesador Ryzen 5,1
2025-03-21,Tarjeta Gráfica RTX 4060,1
2025-03-21,Pasta Térmica Arctic,2
2025-03-22,Cable de Red Cat6 3m,3
2025-03-22,Disco Duro SSD 1TB,1
2025-03-22,Memoria USB 64GB,1
2025-03-22,Laptop Gaming Asus,2
2025-03-23,Laptop Gaming Asus,1
2025-03-23,Cable de Red Cat6 3m,1
2025-03-23,Memoria USB 64GB,1
2025-03-23,Tarjeta Gráfica RTX 4060,1
2025-03-23,Procesador Ryzen 5,1
2025-03-23,Memoria RAM 16GB DDR4,1
2025-03-24,Cable de Red Cat6 3m,1
2025-03-24,Memoria USB 64GB,2
2025-03-24,Tarjeta Gráfica RTX 4060,1
2025-03-24,Pasta Térmica Arctic,2
2025-03-25,Memoria USB 64GB,1
2025-03-25,Pasta Térmica Arctic,4
2025-03-25,Disco Duro SSD 1TB,1
2025-03-25,Cable de Red Cat6 3m,2
2025-03-26,Memoria USB 64GB,1
2025-03-26,Procesador Ryzen 5,1
2025-03-26,Disco Duro SSD 1TB,1
2025-03-26,Cable de Red Cat6 3m,2
2025-03-26,Tarjeta Gráfica RTX 4060,1
2025-03-26,Pasta Térmica Arctic,1
2025-03-27,Memoria RAM 16GB DDR4,1
2025-03-27,Pasta Térmica Arctic,4
2025-03-27,Memoria USB 64GB,1
2025-03-27,Cable de Red Cat6 3m,3
2025-03-27,Disco Duro SSD 1TB,1
2025-03-28,Cable de Red Cat6 3m,3
2025-03-28,Memoria USB 64GB,1
2025-03-28,Pasta Térmica Arctic,1
2025-03-28,Procesador Ryzen 5,1
2025-03-29,Memoria USB 64GB,1
2025-03-29,Pasta Térmica Arctic,1
2025-03-29,Disco Duro SSD 1TB,1
2025-03-30,Memoria RAM 16GB DDR4,2
2025-03-30,Disco Duro SSD 1TB,1
2025-03-30,Memoria USB 64GB,2
2025-03-30,Cable de Red Cat6 3m,3
2025-03-30,Pasta Térmica Arctic,3
2025-03-31,Disco Duro SSD 1TB,1
2025-03-31,Laptop Gaming Asus,1
2025-03-31,Cable de Red Cat6 3m,3
2025-03-31,Memoria USB 64GB,4
2025-04-01,Pasta Térmica Arctic,4
2025-04-01,Memoria USB 64GB,1
2025-04-02,Cable de Red Cat6 3m,2
2025-04-02,Memoria USB 64GB,3
2025-04-02,Pasta Térmica Arctic,1
2025-04-02,Laptop Dell Inspiron,1
2025-04-03,Monitor 24 Pulgadas,1
2025-04-03,Cable de Red Cat6 3m,1
2025-04-03,Tarjeta Gráfica RTX 4060,1
2025-04-03,Procesador Ryzen 5,1
2025-04-04,Pasta Térmica Arctic,1
2025-04-04,Cable de Red Cat6 3m,1
2025-04-04,Procesador Ryzen 5,1
2025-04-05,Pasta Térmica Arctic,1
2025-04-05,Cable de Red Cat6 3m,1
2025-04-06,Memoria USB 64GB,2
2025-04-06,Pasta Térmica Arctic,1
2025-04-07,Laptop Dell Inspiron,1
2025-04-07,Pasta Térmica Arctic,2
2025-04-07,Cable de Red Cat6 3m,5
2025-04-08,Procesador Ryzen 5,2
2025-04-08,Memoria USB 64GB,3
2025-04-08,Pasta Térmica Arctic,3
2025-04-09,Cable de Red Cat6 3m,1
2025-04-09,Pasta Térmica Arctic,2
2025-04-09,Memoria USB 64GB,1
2025-04-10,Cable de Red Cat6 3m,3
2025-04-10,Monitor 24 Pulgadas,1
2025-04-10,Disco Duro SSD 1TB,1
2025-04-10,Pasta Térmica Arctic,1
2025-04-11,Cable de Red Cat6 3m,2
2025-04-11,Pasta Térmica Arctic,1
2025-04-11,Tarjeta Gráfica RTX 4060,1
2025-04-12,Procesador Ryzen 5,1
2025-04-12,Pasta Térmica Arctic,4
2025-04-12,Cable de Red Cat6 3m,2
2025-04-12,Laptop Dell Inspiron,1
2025-04-13,Cable de Red Cat6 3m,1
2025-04-14,Cable de Red Cat6 3m,5
2025-04-14,Pasta Térmica Arctic,1
2025-04-15,Memoria USB 64GB,1
2025-04-15,Memoria RAM 16GB DDR4,1
2025-04-15,Disco Duro SSD 1TB,1
2025-04-15,Pasta Térmica Arctic,4
2025-04-15,Procesador Ryzen 5,1
2025-04-16,Memoria USB 64GB,3
2025-04-16,Memoria RAM 16GB DDR4,4
2025-04-16,Cable de Red Cat6 3m,3
2025-04-16,Pasta Térmica Arctic,2
2025-04-17,Cable de Red Cat6 3m,4
2025-04-17,Disco Duro SSD 1TB,2
2025-04-18,Pasta Térmica Arctic,2
2025-04-18,Cable de Red Cat6 3m,1
2025-04-18,Disco Duro SSD 1TB,1
2025-04-18,Procesador Ryzen 5,1
2025-04-19,Memoria RAM 16GB DDR4,1
2025-04-19,Pasta Térmica Arctic,3
2025-04-20,Memoria RAM 16GB DDR4,1
2025-04-20,Cable de Red Cat6 3m,2
2025-04-21,Procesador Ryzen 5,1
2025-04-21,Memoria USB 64GB,1
2025-04-21,Disco Duro SSD 1TB,1
2025-04-22,Laptop Dell Inspiron,2
2025-04-22,Pasta Térmica Arctic,2
2025-04-22,Tarjeta Gráfica RTX 4060,1
2025-04-22,Memoria USB 64GB,1
2025-04-23,Memoria USB 64GB,1
2025-04-23,Laptop Dell Inspiron,1
2025-04-23,Pasta Térmica Arctic,2
2025-04-23,Cable de Red Cat6 3m,3
2025-04-24,Memoria USB 64GB,2
2025-04-24,Cable de Red Cat6 3m,3
2025-04-25,Disco Duro SSD 1TB,1
2025-04-25,Cable de Red Cat6 3m,1
2025-04-26,Tarjeta Gráfica RTX 4060,2
2025-04-26,Memoria RAM 16GB DDR4,1
2025-04-26,Cable de Red Cat6 3m,1
2025-04-27,Cable de Red Cat6 3m,2
2025-04-27,Memoria USB 64GB,2
2025-04-27,Memoria RAM 16GB DDR4,1
2025-04-27,Procesador Ryzen 5,1
2025-04-28,Pasta Térmica Arctic,1
2025-04-28,Laptop Dell Inspiron,1
2025-04-28,Memoria USB 64GB,3
2025-04-28,Cable de Red Cat6 3m,4
2025-04-29,Cable de Red Cat6 3m,3
2025-04-29,Pasta Térmica Arctic,1
2025-04-30,Disco Duro SSD 1TB,1
2025-04-30,Pasta Térmica Arctic,3
2025-04-30,Cable de Red Cat6 3m,2
2025-05-01,Memoria USB 64GB,1
2025-05-01,Tarjeta Gráfica RTX 4060,1
2025-05-01,Pasta Térmica Arctic,3
2025-05-01,Cable de Red Cat6 3m,1
2025-05-02,Pasta Térmica Arctic,4
2025-05-02,Cable de Red Cat6 3m,5
2025-05-03,Pasta Térmica Arctic,2
2025-05-03,Cable de Red Cat6 3m,2
2025-05-04,Laptop Dell Inspiron,2
2025-05-04,Laptop Gaming Asus,1
2025-05-04,Procesador Ryzen 5,2
2025-05-04,Cable de Red Cat6 3m,1
2025-05-04,Pasta Térmica Arctic,2
2025-05-04,Monitor 24 Pulgadas,1
2025-05-05,Pasta Térmica Arctic,2
2025-05-05,Cable de Red Cat6 3m,1
2025-05-06,Cable de Red Cat6 3m,2
2025-05-06,Pasta Térmica Arctic,3
2025-05-06,Laptop Dell Inspiron,1
2025-05-07,Pasta Térmica Arctic,2
2025-05-07,Memoria USB 64GB,2
2025-05-07,Laptop Gaming Asus,2
2025-05-07,Cable de Red Cat6 3m,2
2025-05-07,Disco Duro SSD 1TB,1
2025-05-08,Pasta Térmica Arctic,2
2025-05-08,Tarjeta Gráfica RTX 4060,1
2025-05-08,Procesador Ryzen 5,1
2025-05-08,Cable de Red Cat6 3m,4
2025-05-09,Cable de Red Cat6 3m,1
2025-05-09,Memoria USB 64GB,1
2025-05-09,Pasta Térmica Arctic,1
2025-05-09,Monitor 24 Pulgadas,1
2025-05-10,Procesador Ryzen 5,1
2025-05-10,Pasta Térmica Arctic,2
2025-05-11,Cable de Red Cat6 3m,1
2025-05-11,Memoria USB 64GB,1
2025-05-11,Tarjeta Gráfica RTX 4060,1
2025-05-11,Pasta Térmica Arctic,3
2025-05-12,Cable de Red Cat6 3m,3
2025-05-12,Disco Duro SSD 1TB,1
2025-05-12,Memoria USB 64GB,1
2025-05-12,Pasta Térmica Arctic,1
2025-05-12,Laptop Gaming Asus,1
2025-05-13,Memoria RAM 16GB DDR4,1
2025-05-13,Monitor 24 Pulgadas,1
2025-05-13,Memoria USB 64GB,1
2025-05-13,Cable de Red Cat6 3m,4
2025-05-14,Procesador Ryzen 5,1
2025-05-14,Cable de Red Cat6 3m,2
2025-05-14,Disco Duro SSD 1TB,1
2025-05-14,Memoria RAM 16GB DDR4,1
2025-05-14,Pasta Térmica Arctic,1
2025-05-14,Memoria USB 64GB,1
2025-05-15,Memoria USB 64GB,1
2025-05-15,Pasta Térmica Arctic,3
2025-05-15,Cable de Red Cat6 3m,2
2025-05-16,Memoria USB 64GB,3
2025-05-16,Laptop Dell Inspiron,1
2025-05-16,Pasta Térmica Arctic,3
2025-05-16,Monitor 24 Pulgadas,2
2025-05-16,Cable de Red Cat6 3m,5
2025-05-17,Memoria USB 64GB,2
2025-05-17,Laptop Gaming Asus,1
2025-05-17,Procesador Ryzen 5,2
2025-05-18,Pasta Térmica Arctic,1
2025-05-18,Cable de Red Cat6 3m,2
2025-05-18,Laptop Dell Inspiron,1
2025-05-19,Cable de Red Cat6 3m,4
2025-05-19,Pasta Térmica Arctic,2
2025-05-19,Laptop Dell Inspiron,1
2025-05-19,Procesador Ryzen 5,1
2025-05-19,Memoria USB 64GB,1
2025-05-20,Cable de Red Cat6 3m,1
2025-05-20,Pasta Térmica Arctic,1
2025-05-20,Memoria USB 64GB,1
2025-05-20,Memoria RAM 16GB DDR4,1
2025-05-21,Cable de Red Cat6 3m,1
2025-05-21,Tarjeta Gráfica RTX 4060,1
2025-05-21,Laptop Gaming Asus,1
2025-05-21,Pasta Térmica Arctic,2
2025-05-22,Cable de Red Cat6 3m,2
2025-05-22,Laptop Dell Inspiron,1
2025-05-22,Memoria USB 64GB,2
2025-05-22,Pasta Térmica Arctic,2
2025-05-23,Cable de Red Cat6 3m,1
2025-05-23,Memoria USB 64GB,2
2025-05-23,Procesador Ryzen 5,1
2025-05-23,Pasta Térmica Arctic,4
2025-05-24,Monitor 24 Pulgadas,1
2025-05-25,Cable de Red Cat6 3m,1
2025-05-26,Laptop Dell Inspiron,1
2025-05-26,Memoria RAM 16GB DDR4,1
2025-05-26,Memoria USB 64GB,1
2025-05-27,Cable de Red Cat6 3m,1
2025-05-27,Pasta Térmica Arctic,2
2025-05-28,Disco Duro SSD 1TB,1
2025-05-28,Memoria USB 64GB,2
2025-05-28,Pasta Térmica Arctic,3
2025-05-28,Tarjeta Gráfica RTX 4060,1
2025-05-28,Cable de Red Cat6 3m,4
2025-05-28,Monitor 24 Pulgadas,1
2025-05-29,Cable de Red Cat6 3m,1
2025-05-29,Memoria USB 64GB,2
2025-05-29,Pasta Térmica Arctic,2
2025-05-29,Laptop Gaming Asus,1
2025-05-30,Cable de Red Cat6 3m,4
2025-05-30,Memoria USB 64GB,1
2025-05-30,Laptop Dell Inspiron,1
2025-05-30,Pasta Térmica Arctic,5
2025-05-31,Pasta Térmica Arctic,4
2025-05-31,Laptop Gaming Asus,1
2025-05-31,Monitor 24 Pulgadas,1
2025-05-31,Disco Duro SSD 1TB,1
2025-05-31,Cable de Red Cat6 3m,3
2025-05-31,Memoria USB 64GB,3
2025-06-01,Pasta Térmica Arctic,1
2025-06-01,Cable de Red Cat6 3m,1
2025-06-01,Memoria USB 64GB,2
2025-06-02,Pasta Térmica Arctic,2
2025-06-02,Memoria RAM 16GB DDR4,1
2025-06-02,Cable de Red Cat6 3m,1
2025-06-03,Pasta Térmica Arctic,1
2025-06-03,Memoria USB 64GB,1
2025-06-03,Cable de Red Cat6 3m,1
2025-06-03,Disco Duro SSD 1TB,1
2025-06-03,Monitor 24 Pulgadas,1
2025-06-04,Cable de Red Cat6 3m,1
2025-06-04,Procesador Ryzen 5,1
2025-06-04,Pasta Térmica Arctic,1
2025-06-05,Memoria RAM 16GB DDR4,1
2025-06-05,Memoria USB 64GB,1
2025-06-05,Pasta Térmica Arctic,3
2025-06-06,Cable de Red Cat6 3m,1
2025-06-06,Memoria USB 64GB,2
2025-06-07,Memoria USB 64GB,2
2025-06-07,Pasta Térmica Arctic,3
2025-06-07,Cable de Red Cat6 3m,2
2025-06-07,Procesador Ryzen 5,1
2025-06-07,Tarjeta Gráfica RTX 4060,1
2025-06-08,Tarjeta Gráfica RTX 4060,1
2025-06-08,Pasta Térmica Arctic,2
2025-06-08,Memoria USB 64GB,1
2025-06-09,Pasta Térmica Arctic,4
2025-06-09,Disco Duro SSD 1TB,1
2025-06-09,Memoria USB 64GB,1
2025-06-09,Memoria RAM 16GB DDR4,1
2025-06-09,Cable de Red Cat6 3m,2
2025-06-10,Cable de Red Cat6 3m,1
2025-06-10,Memoria USB 64GB,1
2025-06-10,Laptop Dell Inspiron,1
2025-06-11,Pasta Térmica Arctic,2
2025-06-11,Laptop Dell Inspiron,1
2025-06-11,Procesador Ryzen 5,1
2025-06-11,Monitor 24 Pulgadas,1
2025-06-11,Cable de Red Cat6 3m,1
2025-06-12,Disco Duro SSD 1TB,2
2025-06-12,Cable de Red Cat6 3m,2
2025-06-12,Memoria USB 64GB,1
2025-06-13,Cable de Red Cat6 3m,1
2025-06-13,Tarjeta Gráfica RTX 4060,1
2025-06-13,Memoria RAM 16GB DDR4,2
2025-06-14,Pasta Térmica Arctic,4
2025-06-14,Laptop Gaming Asus,1
2025-06-14,Cable de Red Cat6 3m,1
2025-06-15,Memoria USB 64GB,1
2025-06-15,Laptop Gaming Asus,2
2025-06-15,Pasta Térmica Arctic,4
2025-06-15,Cable de Red Cat6 3m,5
2025-06-16,Memoria USB 64GB,2
2025-06-16,Pasta Térmica Arctic,2
2025-06-16,Cable de Red Cat6 3m,1
2025-06-17,Pasta Térmica Arctic,1
2025-06-17,Procesador Ryzen 5,1
2025-06-17,Cable de Red Cat6 3m,2
2025-06-18,Memoria RAM 16GB DDR4,1
2025-06-18,Pasta Térmica Arctic,1
2025-06-19,Pasta Térmica Arctic,1
2025-06-19,Procesador Ryzen 5,1
2025-06-20,Procesador Ryzen 5,1
2025-06-20,Memoria USB 64GB,5
2025-06-21,Memoria USB 64GB,1
2025-06-21,Cable de Red Cat6 3m,3
2025-06-22,Memoria USB 64GB,1
2025-06-22,Pasta Térmica Arctic,2
2025-06-22,Cable de Red Cat6 3m,2
2025-06-22,Disco Duro SSD 1TB,1
2025-06-23,Cable de Red Cat6 3m,3
2025-06-23,Pasta Térmica Arctic,3
2025-06-23,Memoria RAM 16GB DDR4,1
2025-06-24,Cable de Red Cat6 3m,2
2025-06-24,Memoria USB 64GB,2
2025-06-24,Pasta Térmica Arctic,2
2025-06-24,Disco Duro SSD 1TB,1
2025-06-25,Cable de Red Cat6 3m,2
2025-06-25,Memoria RAM 16GB DDR4,1
2025-06-25,Disco Duro SSD 1TB,4
2025-06-25,Pasta Térmica Arctic,1
2025-06-25,Memoria USB 64GB,1
2025-06-26,Memoria USB 64GB,1
2025-06-26,Tarjeta Gráfica RTX 4060,1
2025-06-26,Cable de Red Cat6 3m,1
2025-06-26,Pasta Térmica Arctic,1
2025-06-27,Pasta Térmica Arctic,1
2025-06-27,Cable de Red Cat6 3m,2
2025-06-27,Laptop Dell Inspiron,1
2025-06-27,Disco Duro SSD 1TB,3
2025-06-27,Procesador Ryzen 5,1
2025-06-28,Memoria RAM 16GB DDR4,1
2025-06-28,Cable de Red Cat6 3m,1
2025-06-29,Laptop Dell Inspiron,1
2025-06-29,Tarjeta Gráfica RTX 4060,1
2025-06-29,Memoria RAM 16GB DDR4,1
2025-06-29,Cable de Red Cat6 3m,1
2025-06-29,Memoria USB 64GB,2
2025-06-29,Monitor 24 Pulgadas,1
2025-06-30,Laptop Dell Inspiron,2
2025-06-30,Cable de Red Cat6 3m,1
2025-06-30,Laptop Gaming Asus,1
2025-07-01,Pasta Térmica Arctic,2
2025-07-01,Memoria USB 64GB,2
2025-07-01,Cable de Red Cat6 3m,4
2025-07-01,Laptop Gaming Asus,1
2025-07-02,Pasta Térmica Arctic,2
2025-07-02,Cable de Red Cat6 3m,2
2025-07-02,Memoria USB 64GB,1
2025-07-03,Cable de Red Cat6 3m,3
2025-07-03,Memoria USB 64GB,1
2025-07-04,Cable de Red Cat6 3m,2
2025-07-04,Pasta Térmica Arctic,2
2025-07-04,Procesador Ryzen 5,1
2025-07-05,Disco Duro SSD 1TB,1
2025-07-05,Memoria USB 64GB,1
2025-07-05,Pasta Térmica Arctic,1
2025-07-05,Procesador Ryzen 5,1
2025-07-06,Procesador Ryzen 5,2
2025-07-06,Memoria USB 64GB,4
2025-07-06,Cable de Red Cat6 3m,2
2025-07-06,Disco Duro SSD 1TB,1
2025-07-07,Memoria USB 64GB,1
2025-07-07,Disco Duro SSD 1TB,1
2025-07-07,Pasta Térmica Arctic,2
2025-07-07,Memoria RAM 16GB DDR4,1
2025-07-07,Procesador Ryzen 5,1
2025-07-08,Laptop Dell Inspiron,1
2025-07-08,Pasta Térmica Arctic,1
2025-07-08,Cable de Red Cat6 3m,3
2025-07-08,Memoria USB 64GB,1
2025-07-09,Cable de Red Cat6 3m,1
2025-07-09,Pasta Térmica Arctic,3
2025-07-10,Cable de Red Cat6 3m,3
2025-07-10,Pasta Térmica Arctic,1
2025-07-10,Procesador Ryzen 5,1
2025-07-11,Cable de Red Cat6 3m,2
2025-07-11,Memoria RAM 16GB DDR4,2
2025-07-12,Pasta Térmica Arctic,3
2025-07-12,Disco Duro SSD 1TB,1
2025-07-13,Monitor 24 Pulgadas,1
2025-07-13,Laptop Dell Inspiron,1
2025-07-13,Tarjeta Gráfica RTX 4060,1
2025-07-13,Cable de Red Cat6 3m,1
2025-07-13,Laptop Gaming Asus,1
2025-07-14,Cable de Red Cat6 3m,2
2025-07-14,Procesador Ryzen 5,1
2025-07-14,Laptop Dell Inspiron,1
2025-07-14,Pasta Térmica Arctic,1
2025-07-14,Memoria USB 64GB,1
2025-07-15,Memoria USB 64GB,3
2025-07-15,Cable de Red Cat6 3m,2
2025-07-15,Monitor 24 Pulgadas,1
2025-07-15,Disco Duro SSD 1TB,1
2025-07-16,Pasta Térmica Arctic,2
2025-07-16,Memoria USB 64GB,2
2025-07-16,Procesador Ryzen 5,1
2025-07-16,Cable de Red Cat6 3m,2
2025-07-17,Memoria USB 64GB,5
2025-07-17,Disco Duro SSD 1TB,1
2025-07-17,Pasta Térmica Arctic,1
2025-07-17,Procesador Ryzen 5,2
2025-07-17,Cable de Red Cat6 3m,2
2025-07-18,Laptop Dell Inspiron,2
2025-07-18,Cable de Red Cat6 3m,2
2025-07-18,Memoria USB 64GB,1
2025-07-19,Pasta Térmica Arctic,2
2025-07-19,Memoria USB 64GB,1
2025-07-20,Memoria USB 64GB,1
2025-07-20,Cable de Red Cat6 3m,2
2025-07-20,Pasta Térmica Arctic,2
2025-07-21,Pasta Térmica Arctic,1
2025-07-21,Laptop Gaming Asus,2
2025-07-21,Procesador Ryzen 5,1
2025-07-21,Memoria USB 64GB,2
2025-07-22,Memoria RAM 16GB DDR4,1
2025-07-22,Tarjeta Gráfica RTX 4060,1
2025-07-22,Cable de Red Cat6 3m,2
2025-07-22,Disco Duro SSD 1TB,1
2025-07-22,Monitor 24 Pulgadas,1
2025-07-22,Laptop Dell Inspiron,1
2025-07-22,Memoria USB 64GB,3
2025-07-22,Pasta Térmica Arctic,1
2025-07-23,Pasta Térmica Arctic,2
2025-07-23,Cable de Red Cat6 3m,1
2025-07-23,Memoria USB 64GB,1
2025-07-24,Memoria RAM 16GB DDR4,1
2025-07-24,Cable de Red Cat6 3m,3
2025-07-24,Procesador Ryzen 5,1
2025-07-24,Pasta Térmica Arctic,4
2025-07-25,Pasta Térmica Arctic,2
2025-07-25,Disco Duro SSD 1TB,1
2025-07-25,Cable de Red Cat6 3m,1
2025-07-26,Pasta Térmica Arctic,1
2025-07-26,Cable de Red Cat6 3m,2
2025-07-26,Memoria RAM 16GB DDR4,2
2025-07-26,Memoria USB 64GB,1
2025-07-27,Pasta Térmica Arctic,1
2025-07-27,Memoria RAM 16GB DDR4,1
2025-07-27,Cable de Red Cat6 3m,1
2025-07-27,Procesador Ryzen 5,1
2025-07-28,Pasta Térmica Arctic,1
2025-07-28,Memoria USB 64GB,1
2025-07-28,Cable de Red Cat6 3m,1
2025-07-29,Memoria USB 64GB,1
2025-07-29,Memoria RAM 16GB DDR4,1
2025-07-29,Pasta Térmica Arctic,2
2025-07-29,Disco Duro SSD 1TB,2
2025-07-30,Pasta Térmica Arctic,4
2025-07-30,Memoria USB 64GB,1
2025-07-30,Memoria RAM 16GB DDR4,1
2025-07-30,Cable de Red Cat6 3m,2
2025-07-30,Monitor 24 Pulgadas,1
2025-07-31,Cable de Red Cat6 3m,2
2025-07-31,Laptop Gaming Asus,1
2025-07-31,Tarjeta Gráfica RTX 4060,1
2025-08-01,Cable de Red Cat6 3m,3
2025-08-01,Pasta Térmica Arctic,1
2025-08-01,Memoria USB 64GB,3
2025-08-02,Cable de Red Cat6 3m,2
2025-08-02,Pasta Térmica Arctic,1
2025-08-03,Tarjeta Gráfica RTX 4060,1
2025-08-03,Pasta Térmica Arctic,1
2025-08-03,Cable de Red Cat6 3m,1
2025-08-04,Pasta Térmica Arctic,3
2025-08-04,Procesador Ryzen 5,2
2025-08-04,Laptop Gaming Asus,1
2025-08-04,Cable de Red Cat6 3m,1
2025-08-05,Cable de Red Cat6 3m,1
2025-08-05,Memoria USB 64GB,1
2025-08-05,Pasta Térmica Arctic,1
2025-08-06,Monitor 24 Pulgadas,1
2025-08-06,Cable de Red Cat6 3m,3
2025-08-06,Memoria USB 64GB,1
2025-08-06,Tarjeta Gráfica RTX 4060,1
2025-08-06,Pasta Térmica Arctic,2
2025-08-06,Laptop Dell Inspiron,1
2025-08-07,Pasta Térmica Arctic,3
2025-08-07,Memoria RAM 16GB DDR4,1
2025-08-08,Disco Duro SSD 1TB,2
2025-08-08,Cable de Red Cat6 3m,2
2025-08-09,Pasta Térmica Arctic,1
2025-08-09,Memoria RAM 16GB DDR4,1
2025-08-10,Monitor 24 Pulgadas,1
2025-08-10,Cable de Red Cat6 3m,1
2025-08-10,Disco Duro SSD 1TB,1
2025-08-10,Pasta Térmica Arctic,3
2025-08-10,Memoria USB 64GB,1
2025-08-11,Memoria USB 64GB,1
2025-08-12,Pasta Térmica Arctic,2
2025-08-12,Monitor 24 Pulgadas,1
2025-08-12,Procesador Ryzen 5,1
2025-08-12,Memoria RAM 16GB DDR4,1
2025-08-13,Cable de Red Cat6 3m,4
2025-08-14,Pasta Térmica Arctic,3
2025-08-15,Pasta Térmica Arctic,2
2025-08-15,Memoria USB 64GB,2
2025-08-15,Cable de Red Cat6 3m,4
2025-08-15,Memoria RAM 16GB DDR4,1
2025-08-16,Memoria USB 64GB,1
2025-08-16,Monitor 24 Pulgadas,1
2025-08-16,Cable de Red Cat6 3m,1
2025-08-16,Procesador Ryzen 5,1
2025-08-16,Pasta Térmica Arctic,4
2025-08-16,Laptop Gaming Asus,1
2025-08-17,Cable de Red Cat6 3m,5
2025-08-17,Memoria USB 64GB,1
2025-08-17,Pasta Térmica Arctic,1
2025-08-17,Procesador Ryzen 5,1
2025-08-18,Memoria USB 64GB,1
2025-08-18,Cable de Red Cat6 3m,1
2025-08-18,Tarjeta Gráfica RTX 4060,2
2025-08-18,Pasta Térmica Arctic,1
2025-08-19,Procesador Ryzen 5,1
2025-08-19,Pasta Térmica Arctic,1
2025-08-19,Disco Duro SSD 1TB,1
2025-08-20,Disco Duro SSD 1TB,1
2025-08-20,Laptop Gaming Asus,1
2025-08-20,Cable de Red Cat6 3m,3
2025-08-20,Memoria USB 64GB,2
2025-08-20,Pasta Térmica Arctic,1
2025-08-20,Laptop Dell Inspiron,1
2025-08-21,Procesador Ryzen 5,1
2025-08-21,Cable de Red Cat6 3m,3
2025-08-21,Pasta Térmica Arctic,2
2025-08-22,Memoria USB 64GB,1
2025-08-22,Cable de Red Cat6 3m,3
2025-08-22,Pasta Térmica Arctic,1
2025-08-23,Cable de Red Cat6 3m,2
2025-08-23,Pasta Térmica Arctic,4
2025-08-24,Disco Duro SSD 1TB,2
2025-08-24,Cable de Red Cat6 3m,2
2025-08-25,Pasta Térmica Arctic,1
2025-08-25,Cable de Red Cat6 3m,1
2025-08-26,Memoria USB 64GB,2
2025-08-26,Laptop Gaming Asus,1
2025-08-26,Cable de Red Cat6 3m,1
2025-08-26,Laptop Dell Inspiron,2
2025-08-27,Procesador Ryzen 5,1
2025-08-27,Pasta Térmica Arctic,4
2025-08-28,Cable de Red Cat6 3m,1
2025-08-28,Disco Duro SSD 1TB,1
2025-08-28,Pasta Térmica Arctic,1
2025-08-29,Tarjeta Gráfica RTX 4060,2
2025-08-29,Pasta Térmica Arctic,1
2025-08-29,Memoria USB 64GB,1
2025-08-30,Pasta Térmica Arctic,5
2025-08-30,Disco Duro SSD 1TB,1
2025-08-30,Tarjeta Gráfica RTX 4060,1
2025-08-30,Cable de Red Cat6 3m,1
2025-08-31,Cable de Red Cat6 3m,2
2025-08-31,Pasta Térmica Arctic,1
2025-08-31,Memoria USB 64GB,4
2025-09-01,Cable de Red Cat6 3m,4
2025-09-01,Memoria RAM 16GB DDR4,1
2025-09-01,Pasta Térmica Arctic,1
2025-09-01,Memoria USB 64GB,2
2025-09-01,Disco Duro SSD 1TB,1
2025-09-02,Memoria USB 64GB,2
2025-09-03,Disco Duro SSD 1TB,1
2025-09-03,Cable de Red Cat6 3m,3
2025-09-03,Procesador Ryzen 5,1
2025-09-03,Tarjeta Gráfica RTX 4060,1
2025-09-03,Memoria USB 64GB,1
2025-09-03,Laptop Dell Inspiron,1
2025-09-04,Procesador Ryzen 5,1
2025-09-04,Pasta Térmica Arctic,2
2025-09-04,Memoria USB 64GB,1
2025-09-05,Memoria USB 64GB,2
2025-09-05,Cable de Red Cat6 3m,1
2025-09-05,Pasta Térmica Arctic,1
2025-09-06,Disco Duro SSD 1TB,1
2025-09-06,Cable de Red Cat6 3m,3
2025-09-06,Memoria USB 64GB,1
2025-09-06,Pasta Térmica Arctic,2
2025-09-07,Memoria USB 64GB,1
2025-09-08,Laptop Dell Inspiron,1
2025-09-08,Cable de Red Cat6 3m,3
2025-09-08,Memoria USB 64GB,2
2025-09-08,Pasta Térmica Arctic,3
2025-09-08,Disco Duro SSD 1TB,1
2025-09-09,Pasta Térmica Arctic,1
2025-09-09,Memoria USB 64GB,1
2025-09-09,Procesador Ryzen 5,1
2025-09-09,Disco Duro SSD 1TB,1
2025-09-09,Laptop Dell Inspiron,1
2025-09-09,Memoria RAM 16GB DDR4,1
2025-09-09,Cable de Red Cat6 3m,2
2025-09-10,Disco Duro SSD 1TB,1
2025-09-10,Pasta Térmica Arctic,3
2025-09-10,Memoria RAM 16GB DDR4,1
2025-09-10,Cable de Red Cat6 3m,5
2025-09-11,Pasta Térmica Arctic,2
2025-09-11,Procesador Ryzen 5,1
2025-09-11,Memoria USB 64GB,1
2025-09-12,Procesador Ryzen 5,1
2025-09-12,Memoria USB 64GB,1
2025-09-13,Pasta Térmica Arctic,1
2025-09-13,Memoria USB 64GB,3
2025-09-13,Procesador Ryzen 5,1
2025-09-13,Disco Duro SSD 1TB,1
2025-09-13,Cable de Red Cat6 3m,1
2025-09-14,Monitor 24 Pulgadas,1
2025-09-15,Procesador Ryzen 5,3
2025-09-15,Cable de Red Cat6 3m,4
2025-09-15,Laptop Gaming Asus,1
2025-09-15,Tarjeta Gráfica RTX 4060,1
2025-09-16,Memoria USB 64GB,4
2025-09-16,Disco Duro SSD 1TB,1
2025-09-16,Tarjeta Gráfica RTX 4060,1
2025-09-16,Cable de Red Cat6 3m,4
2025-09-16,Pasta Térmica Arctic,2
2025-09-18,Disco Duro SSD 1TB,1
2025-09-18,Cable de Red Cat6 3m,1
2025-09-18,Memoria USB 64GB,1
2025-09-18,Pasta Térmica Arctic,1
2025-09-19,Memoria USB 64GB,2
2025-09-19,Disco Duro SSD 1TB,2
2025-09-20,Memoria RAM 16GB DDR4,1
2025-09-20,Memoria USB 64GB,1
2025-09-20,Laptop Gaming Asus,1
2025-09-21,Laptop Dell Inspiron,1
2025-09-21,Memoria USB 64GB,1
2025-09-21,Pasta Térmica Arctic,2
2025-09-21,Cable de Red Cat6 3m,1
2025-09-22,Tarjeta Gráfica RTX 4060,1
2025-09-22,Memoria USB 64GB,1
2025-09-22,Pasta Térmica Arctic,2
2025-09-22,Laptop Gaming Asus,1
2025-09-22,Disco Duro SSD 1TB,1
2025-09-22,Cable de Red Cat6 3m,2
2025-09-23,Procesador Ryzen 5,1
2025-09-23,Pasta Térmica Arctic,1
2025-09-23,Memoria USB 64GB,1
2025-09-23,Laptop Gaming Asus,1
2025-09-23,Cable de Red Cat6 3m,4
2025-09-24,Cable de Red Cat6 3m,4
2025-09-24,Disco Duro SSD 1TB,1
2025-09-24,Pasta Térmica Arctic,1
2025-09-24,Laptop Dell Inspiron,1
2025-09-24,Memoria RAM 16GB DDR4,1
2025-09-24,Memoria USB 64GB,2
2025-09-25,Pasta Térmica Arctic,2
2025-09-25,Cable de Red Cat6 3m,3
2025-09-25,Disco Duro SSD 1TB,1
2025-09-26,Memoria USB 64GB,3
2025-09-26,Cable de Red Cat6 3m,1
2025-09-26,Pasta Térmica Arctic,1
2025-09-27,Memoria USB 64GB,1
2025-09-27,Cable de Red Cat6 3m,2
2025-09-27,Pasta Térmica Arctic,1
2025-09-27,Memoria RAM 16GB DDR4,1
2025-09-27,Procesador Ryzen 5,1
2025-09-28,Memoria USB 64GB,1
2025-09-28,Laptop Gaming Asus,1
2025-09-28,Cable de Red Cat6 3m,1
2025-09-28,Pasta Térmica Arctic,1
2025-09-29,Cable de Red Cat6 3m,2
2025-09-29,Memoria RAM 16GB DDR4,1
2025-09-30,Pasta Térmica Arctic,2
2025-09-30,Cable de Red Cat6 3m,3
2025-09-30,Disco Duro SSD 1TB,1
2025-09-30,Memoria USB 64GB,1
2025-09-30,Procesador Ryzen 5,1
2025-10-01,Laptop Dell Inspiron,1
2025-10-01,Cable de Red Cat6 3m,1
2025-10-01,Memoria USB 64GB,1
2025-10-02,Disco Duro SSD 1TB,1
2025-10-02,Pasta Térmica Arctic,1
2025-10-03,Memoria RAM 16GB DDR4,1
2025-10-03,Laptop Gaming Asus,1
2025-10-03,Pasta Térmica Arctic,1
2025-10-03,Disco Duro SSD 1TB,1
2025-10-03,Laptop Dell Inspiron,1
2025-10-04,Memoria USB 64GB,1
2025-10-04,Pasta Térmica Arctic,2
2025-10-04,Cable de Red Cat6 3m,3
2025-10-05,Memoria USB 64GB,1
2025-10-05,Procesador Ryzen 5,2
2025-10-05,Cable de Red Cat6 3m,2
2025-10-05,Pasta Térmica Arctic,1
2025-10-05,Disco Duro SSD 1TB,1
2025-10-06,Procesador Ryzen 5,1
2025-10-06,Laptop Dell Inspiron,1
2025-10-06,Pasta Térmica Arctic,3
2025-10-06,Cable de Red Cat6 3m,1
2025-10-07,Memoria USB 64GB,1
2025-10-07,Procesador Ryzen 5,1
2025-10-07,Pasta Térmica Arctic,3
2025-10-08,Pasta Térmica Arctic,1
2025-10-08,Procesador Ryzen 5,1
2025-10-08,Cable de Red Cat6 3m,3
2025-10-09,Memoria USB 64GB,2
2025-10-09,Pasta Térmica Arctic,1
2025-10-09,Cable de Red Cat6 3m,4
2025-10-09,Memoria RAM 16GB DDR4,1
2025-10-10,Cable de Red Cat6 3m,1
2025-10-10,Memoria RAM 16GB DDR4,1
2025-10-10,Laptop Gaming Asus,1
2025-10-10,Pasta Térmica Arctic,2
2025-10-11,Cable de Red Cat6 3m,1
2025-10-11,Pasta Térmica Arctic,2
2025-10-11,Memoria USB 64GB,1
2025-10-11,Memoria RAM 16GB DDR4,1
2025-10-12,Cable de Red Cat6 3m,3
2025-10-12,Memoria USB 64GB,1
2025-10-13,Memoria USB 64GB,3
2025-10-13,Cable de Red Cat6 3m,1
2025-10-13,Procesador Ryzen 5,1
2025-10-13,Disco Duro SSD 1TB,1
2025-10-13,Tarjeta Gráfica RTX 4060,1
2025-10-14,Laptop Gaming Asus,1
2025-10-14,Cable de Red Cat6 3m,3
2025-10-14,Tarjeta Gráfica RTX 4060,2
2025-10-14,Memoria RAM 16GB DDR4,1
2025-10-14,Pasta Térmica Arctic,1
2025-10-14,Procesador Ryzen 5,1
2025-10-15,Disco Duro SSD 1TB,1
2025-10-15,Laptop Dell Inspiron,1
2025-10-15,Laptop Gaming Asus,1
2025-10-15,Procesador Ryzen 5,1
2025-10-15,Memoria RAM 16GB DDR4,1
2025-10-15,Memoria USB 64GB,1
2025-10-15,Pasta Térmica Arctic,2
2025-10-16,Disco Duro SSD 1TB,1
2025-10-16,Laptop Dell Inspiron,1
2025-10-16,Procesador Ryzen 5,1
2025-10-16,Memoria RAM 16GB DDR4,1
2025-10-16,Pasta Térmica Arctic,2
2025-10-17,Pasta Térmica Arctic,3
2025-10-18,Pasta Térmica Arctic,1
2025-10-18,Laptop Dell Inspiron,2
2025-10-18,Cable de Red Cat6 3m,2
2025-10-18,Procesador Ryzen 5,1
2025-10-18,Memoria USB 64GB,1
2025-10-19,Disco Duro SSD 1TB,1
2025-10-19,Laptop Dell Inspiron,1
2025-10-19,Cable de Red Cat6 3m,2
2025-10-19,Memoria USB 64GB,2
2025-10-19,Pasta Térmica Arctic,2
2025-10-19,Laptop Gaming Asus,1
2025-10-20,Tarjeta Gráfica RTX 4060,1
2025-10-20,Pasta Térmica Arctic,1
2025-10-20,Cable de Red Cat6 3m,2
2025-10-20,Procesador Ryzen 5,1
2025-10-20,Laptop Dell Inspiron,1
2025-10-20,Disco Duro SSD 1TB,1
2025-10-21,Pasta Térmica Arctic,3
2025-10-21,Laptop Dell Inspiron,1
2025-10-21,Laptop Gaming Asus,2
2025-10-21,Cable de Red Cat6 3m,2
2025-10-21,Memoria USB 64GB,1
2025-10-22,Cable de Red Cat6 3m,2
2025-10-22,Monitor 24 Pulgadas,1
2025-10-22,Laptop Gaming Asus,1
2025-10-22,Disco Duro SSD 1TB,1
2025-10-22,Memoria USB 64GB,1
2025-10-23,Cable de Red Cat6 3m,4
2025-10-23,Procesador Ryzen 5,1
2025-10-23,Memoria USB 64GB,1
2025-10-24,Memoria USB 64GB,2
2025-10-24,Cable de Red Cat6 3m,1
2025-10-24,Pasta Térmica Arctic,3
2025-10-25,Disco Duro SSD 1TB,1
2025-10-25,Cable de Red Cat6 3m,2
2025-10-26,Pasta Térmica Arctic,3
2025-10-27,Procesador Ryzen 5,1
2025-10-27,Memoria USB 64GB,1
2025-10-27,Cable de Red Cat6 3m,1
2025-10-27,Pasta Térmica Arctic,4
2025-10-28,Pasta Térmica Arctic,3
2025-10-29,Memoria RAM 16GB DDR4,1
2025-10-29,Pasta Térmica Arctic,1
2025-10-29,Cable de Red Cat6 3m,3
2025-10-29,Procesador Ryzen 5,1
2025-10-29,Memoria USB 64GB,1
2025-10-30,Disco Duro SSD 1TB,1
2025-10-30,Laptop Dell Inspiron,1
2025-10-30,Pasta Térmica Arctic,3
2025-10-30,Cable de Red Cat6 3m,1
2025-10-30,Procesador Ryzen 5,1
2025-10-31,Laptop Dell Inspiron,1
2025-10-31,Memoria USB 64GB,1
2025-10-31,Procesador Ryzen 5,2
2025-10-31,Cable de Red Cat6 3m,3
2025-10-31,Pasta Térmica Arctic,1
2025-11-01,Laptop Dell Inspiron,1
2025-11-01,Tarjeta Gráfica RTX 4060,1
2025-11-01,Pasta Térmica Arctic,3
2025-11-01,Cable de Red Cat6 3m,3
2025-11-02,Memoria RAM 16GB DDR4,1
2025-11-02,Tarjeta Gráfica RTX 4060,1
2025-11-02,Monitor 24 Pulgadas,1
2025-11-02,Pasta Térmica Arctic,4
2025-11-02,Cable de Red Cat6 3m,1
2025-11-03,Pasta Térmica Arctic,1
2025-11-03,Memoria USB 64GB,2
2025-11-03,Monitor 24 Pulgadas,1
2025-11-04,Pasta Térmica Arctic,1
2025-11-04,Memoria USB 64GB,2
2025-11-05,Memoria USB 64GB,1
2025-11-05,Disco Duro SSD 1TB,1
2025-11-05,Pasta Térmica Arctic,1
2025-11-05,Cable de Red Cat6 3m,5
2025-11-06,Cable de Red Cat6 3m,2
2025-11-06,Pasta Térmica Arctic,3
2025-11-06,Procesador Ryzen 5,1
2025-11-07,Pasta Térmica Arctic,4
2025-11-07,Memoria RAM 16GB DDR4,1
2025-11-07,Laptop Dell Inspiron,2
2025-11-07,Cable de Red Cat6 3m,2
2025-11-07,Memoria USB 64GB,1
2025-11-07,Disco Duro SSD 1TB,1
2025-11-08,Cable de Red Cat6 3m,1
2025-11-08,Pasta Térmica Arctic,1
2025-11-08,Laptop Dell Inspiron,1
2025-11-09,Memoria RAM 16GB DDR4,1
2025-11-10,Memoria USB 64GB,1
2025-11-10,Pasta Térmica Arctic,2
2025-11-11,Laptop Dell Inspiron,1
2025-11-11,Tarjeta Gráfica RTX 4060,1
2025-11-11,Cable de Red Cat6 3m,3
2025-11-12,Cable de Red Cat6 3m,2
2025-11-12,Laptop Gaming Asus,1
2025-11-12,Memoria USB 64GB,1
2025-11-12,Pasta Térmica Arctic,1
2025-11-13,Pasta Térmica Arctic,2
2025-11-13,Procesador Ryzen 5,1
2025-11-13,Laptop Dell Inspiron,2
2025-11-13,Cable de Red Cat6 3m,1
2025-11-13,Disco Duro SSD 1TB,1
2025-11-13,Memoria RAM 16GB DDR4,1
2025-11-14,Pasta Térmica Arctic,1
2025-11-14,Cable de Red Cat6 3m,2
2025-11-15,Monitor 24 Pulgadas,1
2025-11-15,Disco Duro SSD 1TB,1
2025-11-15,Pasta Térmica Arctic,3
2025-11-15,Tarjeta Gráfica RTX 4060,1
2025-11-15,Cable de Red Cat6 3m,6
2025-11-15,Memoria USB 64GB,2
2025-11-15,Laptop Gaming Asus,1
2025-11-15,Procesador Ryzen 5,1
2025-11-16,Cable de Red Cat6 3m,3
2025-11-16,Disco Duro SSD 1TB,1
2025-11-16,Tarjeta Gráfica RTX 4060,1
2025-11-16,Pasta Térmica Arctic,2
2025-11-16,Procesador Ryzen 5,1
2025-11-16,Memoria USB 64GB,4
2025-11-17,Pasta Térmica Arctic,2
2025-11-17,Procesador Ryzen 5,2
2025-11-17,Laptop Gaming Asus,1
2025-11-17,Memoria RAM 16GB DDR4,2
2025-11-17,Cable de Red Cat6 3m,3
2025-11-18,Procesador Ryzen 5,2
2025-11-18,Cable de Red Cat6 3m,2
2025-11-18,Memoria USB 64GB,3
2025-11-19,Memoria USB 64GB,1
2025-11-19,Monitor 24 Pulgadas,1
2025-11-19,Pasta Térmica Arctic,1
2025-11-19,Disco Duro SSD 1TB,1
2025-11-19,Cable de Red Cat6 3m,4
2025-11-20,Pasta Térmica Arctic,1
2025-11-20,Cable de Red Cat6 3m,1
2025-11-20,Memoria USB 64GB,1
2025-11-21,Memoria USB 64GB,1
2025-11-21,Procesador Ryzen 5,1
2025-11-21,Pasta Térmica Arctic,1
2025-11-21,Laptop Dell Inspiron,1
2025-11-22,Procesador Ryzen 5,1
2025-11-22,Pasta Térmica Arctic,1
2025-11-22,Memoria USB 64GB,2
2025-11-22,Monitor 24 Pulgadas,1
2025-11-22,Cable de Red Cat6 3m,2
2025-11-23,Laptop Dell Inspiron,1
2025-11-23,Disco Duro SSD 1TB,1
2025-11-23,Pasta Térmica Arctic,1
2025-11-24,Pasta Térmica Arctic,1
2025-11-24,Laptop Dell Inspiron,1
2025-11-24,Memoria USB 64GB,3
2025-11-24,Cable de Red Cat6 3m,5
2025-11-25,Memoria USB 64GB,1
2025-11-25,Cable de Red Cat6 3m,6
2025-11-25,Tarjeta Gráfica RTX 4060,1
2025-11-25,Pasta Térmica Arctic,2
2025-11-26,Cable de Red Cat6 3m,9
2025-11-26,Procesador Ryzen 5,1
2025-11-27,Cable de Red Cat6 3m,1
2025-11-27,Tarjeta Gráfica RTX 4060,1
2025-11-27,Memoria USB 64GB,1
2025-11-27,Pasta Térmica Arctic,2
2025-11-27,Procesador Ryzen 5,1
2025-11-28,Memoria USB 64GB,1
2025-11-28,Tarjeta Gráfica RTX 4060,1
2025-11-28,Pasta Térmica Arctic,1
2025-11-28,Memoria RAM 16GB DDR4,1
2025-11-28,Cable de Red Cat6 3m,4
2025-11-28,Disco Duro SSD 1TB,1
2025-11-29,Pasta Térmica Arctic,1
2025-11-29,Memoria USB 64GB,3
2025-11-29,Cable de Red Cat6 3m,2
2025-11-29,Laptop Dell Inspiron,1
2025-11-30,Tarjeta Gráfica RTX 4060,1
2025-11-30,Pasta Térmica Arctic,2
2025-11-30,Procesador Ryzen 5,1
2025-11-30,Memoria USB 64GB,2
2025-11-30,Disco Duro SSD 1TB,1
2025-11-30,Laptop Gaming Asus,1
2025-12-01,Pasta Térmica Arctic,1
2025-12-01,Memoria USB 64GB,1
2025-12-01,Cable de Red Cat6 3m,3
2025-12-02,Disco Duro SSD 1TB,2
2025-12-02,Monitor 24 Pulgadas,1
2025-12-02,Pasta Térmica Arctic,5
2025-12-02,Tarjeta Gráfica RTX 4060,1
2025-12-02,Cable de Red Cat6 3m,1
2025-12-03,Memoria USB 64GB,3
2025-12-03,Pasta Térmica Arctic,1
2025-12-03,Memoria RAM 16GB DDR4,1
2025-12-03,Laptop Dell Inspiron,1
2025-12-03,Cable de Red Cat6 3m,1
2025-12-03,Disco Duro SSD 1TB,2
2025-12-04,Pasta Térmica Arctic,5
2025-12-04,Cable de Red Cat6 3m,2
2025-12-04,Memoria USB 64GB,2
2025-12-04,Tarjeta Gráfica RTX 4060,1
2025-12-05,Cable de Red Cat6 3m,6
2025-12-05,Monitor 24 Pulgadas,1
2025-12-05,Pasta Térmica Arctic,5
2025-12-06,Laptop Dell Inspiron,1
2025-12-06,Memoria USB 64GB,1
2025-12-06,Procesador Ryzen 5,1
2025-12-06,Tarjeta Gráfica RTX 4060,1
2025-12-06,Cable de Red Cat6 3m,2
2025-12-07,Pasta Térmica Arctic,2
2025-12-07,Procesador Ryzen 5,1
2025-12-07,Tarjeta Gráfica RTX 4060,1
2025-12-07,Cable de Red Cat6 3m,1
2025-12-08,Pasta Térmica Arctic,1
2025-12-08,Memoria RAM 16GB DDR4,3
2025-12-08,Cable de Red Cat6 3m,2
2025-12-09,Pasta Térmica Arctic,3
2025-12-09,Cable de Red Cat6 3m,2
2025-12-09,Memoria USB 64GB,3
2025-12-09,Laptop Dell Inspiron,1
2025-12-09,Monitor 24 Pulgadas,1
2025-12-10,Pasta Térmica Arctic,4
2025-12-11,Laptop Dell Inspiron,1
2025-12-11,Disco Duro SSD 1TB,2
2025-12-11,Memoria USB 64GB,1
2025-12-11,Cable de Red Cat6 3m,2
2025-12-11,Procesador Ryzen 5,1
2025-12-12,Memoria USB 64GB,1
2025-12-12,Procesador Ryzen 5,2
2025-12-12,Cable de Red Cat6 3m,2
2025-12-12,Memoria RAM 16GB DDR4,1
2025-12-12,Pasta Térmica Arctic,1
2025-12-13,Cable de Red Cat6 3m,1
2025-12-13,Pasta Térmica Arctic,4
2025-12-13,Monitor 24 Pulgadas,1
2025-12-13,Memoria USB 64GB,2
2025-12-14,Disco Duro SSD 1TB,2
2025-12-14,Pasta Térmica Arctic,1
2025-12-14,Cable de Red Cat6 3m,4
2025-12-15,Pasta Térmica Arctic,7
2025-12-15,Tarjeta Gráfica RTX 4060,2
2025-12-15,Laptop Dell Inspiron,1
2025-12-15,Monitor 24 Pulgadas,1
2025-12-15,Cable de Red Cat6 3m,4
2025-12-15,Memoria USB 64GB,1
2025-12-16,Memoria USB 64GB,2
2025-12-16,Cable de Red Cat6 3m,4
2025-12-16,Pasta Térmica Arctic,7
2025-12-17,Pasta Térmica Arctic,2
2025-12-17,Cable de Red Cat6 3m,1
2025-12-17,Procesador Ryzen 5,2
2025-12-17,Memoria RAM 16GB DDR4,1
2025-12-18,Cable de Red Cat6 3m,5
2025-12-18,Pasta Térmica Arctic,3
2025-12-18,Disco Duro SSD 1TB,1
2025-12-19,Pasta Térmica Arctic,1
2025-12-19,Cable de Red Cat6 3m,1
2025-12-19,Memoria USB 64GB,1
2025-12-19,Memoria RAM 16GB DDR4,1
2025-12-20,Memoria RAM 16GB DDR4,1
2025-12-20,Laptop Dell Inspiron,1
2025-12-20,Pasta Térmica Arctic,1
2025-12-21,Cable de Red Cat6 3m,3
2025-12-21,Pasta Térmica Arctic,4
2025-12-21,Laptop Gaming Asus,1
2025-12-22,Cable de Red Cat6 3m,2
2025-12-22,Memoria USB 64GB,2
2025-12-22,Memoria RAM 16GB DDR4,1
2025-12-22,Pasta Térmica Arctic,1
2025-12-23,Laptop Dell Inspiron,1
2025-12-23,Pasta Térmica Arctic,2
2025-12-23,Cable de Red Cat6 3m,1
2025-12-24,Cable de Red Cat6 3m,6
2025-12-24,Memoria USB 64GB,4
2025-12-24,Disco Duro SSD 1TB,1
2025-12-24,Laptop Dell Inspiron,1
2025-12-25,Memoria USB 64GB,1
2025-12-25,Cable de Red Cat6 3m,5
2025-12-25,Pasta Térmica Arctic,2
2025-12-26,Memoria RAM 16GB DDR4,1
2025-12-26,Tarjeta Gráfica RTX 4060,1
2025-12-26,Procesador Ryzen 5,2
2025-12-26,Memoria USB 64GB,3
2025-12-26,Pasta Térmica Arctic,1
2025-12-26,Cable de Red Cat6 3m,3
2025-12-27,Cable de Red Cat6 3m,1
2025-12-27,Monitor 24 Pulgadas,1
2025-12-27,Pasta Térmica Arctic,2
2025-12-27,Memoria USB 64GB,1
2025-12-28,Laptop Dell Inspiron,1
2025-12-28,Memoria USB 64GB,1
2025-12-28,Laptop Gaming Asus,1
2025-12-29,Disco Duro SSD 1TB,1
2025-12-29,Pasta Térmica Arctic,3
2025-12-29,Memoria RAM 16GB DDR4,1
2025-12-29,Memoria USB 64GB,2
2025-12-29,Laptop Gaming Asus,1
2025-12-30,Disco Duro SSD 1TB,1
2025-12-30,Cable de Red Cat6 3m,4
2025-12-30,Laptop Dell Inspiron,2
2025-12-30,Procesador Ryzen 5,1
2025-12-30,Memoria USB 64GB,1
2025-12-30,Pasta Térmica Arctic,3
2025-12-31,Disco Duro SSD 1TB,1
2025-12-31,Procesador Ryzen 5,1
2025-12-31,Pasta Térmica Arctic,1
2025-12-31,Cable de Red Cat6 3m,1
2026-01-01,Memoria USB 64GB,2
2026-01-02,Pasta Térmica Arctic,1
2026-01-03,Procesador Ryzen 5,2
2026-01-03,Pasta Térmica Arctic,2
2026-01-04,Memoria RAM 16GB DDR4,1
2026-01-04,Memoria USB 64GB,1
2026-01-04,Laptop Gaming Asus,1
2026-01-04,Cable de Red Cat6 3m,1
2026-01-05,Pasta Térmica Arctic,2
2026-01-05,Procesador Ryzen 5,1
2026-01-05,Memoria RAM 16GB DDR4,1
2026-01-06,Cable de Red Cat6 3m,3
2026-01-06,Pasta Térmica Arctic,2
2026-01-07,Cable de Red Cat6 3m,1
2026-01-07,Pasta Térmica Arctic,1
2026-01-08,Memoria USB 64GB,1
2026-01-08,Procesador Ryzen 5,1
2026-01-08,Disco Duro SSD 1TB,1
2026-01-08,Pasta Térmica Arctic,5
2026-01-08,Memoria RAM 16GB DDR4,1
2026-01-09,Memoria USB 64GB,3
2026-01-09,Procesador Ryzen 5,1
2026-01-10,Cable de Red Cat6 3m,2
2026-01-10,Memoria USB 64GB,1
2026-01-10,Laptop Dell Inspiron,1
2026-01-10,Monitor 24 Pulgadas,1
2026-01-11,Cable de Red Cat6 3m,2
2026-01-11,Pasta Térmica Arctic,2
2026-01-12,Cable de Red Cat6 3m,1
2026-01-12,Pasta Térmica Arctic,1
2026-01-13,Cable de Red Cat6 3m,1
2026-01-13,Memoria USB 64GB,1
2026-01-13,Pasta Térmica Arctic,2
2026-01-14,Memoria RAM 16GB DDR4,1
2026-01-14,Pasta Térmica Arctic,4
2026-01-14,Monitor 24 Pulgadas,1
2026-01-14,Cable de Red Cat6 3m,2
2026-01-15,Laptop Dell Inspiron,1
2026-01-15,Cable de Red Cat6 3m,2
2026-01-15,Pasta Térmica Arctic,3
2026-01-15,Memoria USB 64GB,1
2026-01-16,Pasta Térmica Arctic,3
2026-01-16,Cable de Red Cat6 3m,2
2026-01-16,Procesador Ryzen 5,1
2026-01-17,Cable de Red Cat6 3m,4
2026-01-17,Pasta Térmica Arctic,2
2026-01-17,Laptop Gaming Asus,1
2026-01-18,Pasta Térmica Arctic,2
2026-01-18,Memoria USB 64GB,1
2026-01-18,Tarjeta Gráfica RTX 4060,1
2026-01-19,Memoria RAM 16GB DDR4,1
2026-01-19,Pasta Térmica Arctic,1
2026-01-19,Cable de Red Cat6 3m,1
2026-01-20,Laptop Gaming Asus,1
2026-01-20,Memoria USB 64GB,1
2026-01-20,Cable de Red Cat6 3m,2
2026-01-20,Procesador Ryzen 5,1
2026-01-20,Pasta Térmica Arctic,1
2026-01-21,Memoria USB 64GB,1
2026-01-21,Cable de Red Cat6 3m,6
2026-01-21,Laptop Gaming Asus,1
2026-01-21,Pasta Térmica Arctic,1
2026-01-22,Laptop Dell Inspiron,1
2026-01-22,Laptop Gaming Asus,1
2026-01-22,Memoria USB 64GB,1
2026-01-22,Procesador Ryzen 5,1
2026-01-23,Disco Duro SSD 1TB,1
2026-01-23,Cable de Red Cat6 3m,2
2026-01-23,Pasta Térmica Arctic,2
2026-01-24,Cable de Red Cat6 3m,1
2026-01-24,Procesador Ryzen 5,2
2026-01-24,Pasta Térmica Arctic,3
2026-01-25,Pasta Térmica Arctic,1
2026-01-25,Memoria RAM 16GB DDR4,1
2026-01-26,Pasta Térmica Arctic,1
2026-01-26,Memoria USB 64GB,1
2026-01-26,Tarjeta Gráfica RTX 4060,1
2026-01-27,Laptop Gaming Asus,1
2026-01-27,Pasta Térmica Arctic,1
2026-01-27,Cable de Red Cat6 3m,2
2026-01-28,Memoria USB 64GB,2
2026-01-28,Pasta Térmica Arctic,1
2026-01-28,Cable de Red Cat6 3m,1
2026-01-29,Memoria USB 64GB,1
2026-01-29,Disco Duro SSD 1TB,2
2026-01-29,Cable de Red Cat6 3m,1
2026-01-30,Cable de Red Cat6 3m,1
2026-01-30,Pasta Térmica Arctic,4
2026-01-30,Memoria USB 64GB,1
2026-01-30,Memoria RAM 16GB DDR4,1
2026-01-31,Pasta Térmica Arctic,2
2026-01-31,Tarjeta Gráfica RTX 4060,1
2026-01-31,Memoria RAM 16GB DDR4,1
2026-01-31,Disco Duro SSD 1TB,1
2026-01-31,Cable de Red Cat6 3m,5
2026-01-31,Procesador Ryzen 5,1
2026-02-01,Pasta Térmica Arctic,2
2026-02-01,Memoria USB 64GB,1
2026-02-01,Cable de Red Cat6 3m,2
2026-02-01,Tarjeta Gráfica RTX 4060,1
2026-02-02,Cable de Red Cat6 3m,1
2026-02-02,Monitor 24 Pulgadas,1
2026-02-02,Pasta Térmica Arctic,2
2026-02-02,Memoria USB 64GB,1
2026-02-03,Procesador Ryzen 5,1
2026-02-03,Disco Duro SSD 1TB,2
2026-02-03,Laptop Dell Inspiron,1
2026-02-03,Cable de Red Cat6 3m,1
2026-02-04,Procesador Ryzen 5,1
2026-02-04,Disco Duro SSD 1TB,1
2026-02-04,Cable de Red Cat6 3m,2
2026-02-04,Pasta Térmica Arctic,1
2026-02-05,Laptop Gaming Asus,1
2026-02-05,Pasta Térmica Arctic,1
2026-02-05,Cable de Red Cat6 3m,3
2026-02-06,Pasta Térmica Arctic,1
2026-02-06,Cable de Red Cat6 3m,2
2026-02-07,Pasta Térmica Arctic,5
2026-02-07,Cable de Red Cat6 3m,1
2026-02-08,Cable de Red Cat6 3m,1
2026-02-08,Laptop Gaming Asus,1
2026-02-09,Disco Duro SSD 1TB,1
2026-02-09,Memoria RAM 16GB DDR4,1
2026-02-09,Monitor 24 Pulgadas,1
2026-02-10,Pasta Térmica Arctic,2
2026-02-10,Cable de Red Cat6 3m,1
2026-02-11,Memoria USB 64GB,1
2026-02-11,Cable de Red Cat6 3m,4
2026-02-11,Procesador Ryzen 5,1
2026-02-12,Cable de Red Cat6 3m,1
2026-02-12,Procesador Ryzen 5,2
2026-02-12,Memoria USB 64GB,1
2026-02-12,Monitor 24 Pulgadas,1
2026-02-13,Cable de Red Cat6 3m,1
2026-02-13,Memoria USB 64GB,1
2026-02-13,Disco Duro SSD 1TB,2
2026-02-14,Memoria USB 64GB,2
2026-02-14,Disco Duro SSD 1TB,1
2026-02-14,Tarjeta Gráfica RTX 4060,1
2026-02-14,Pasta Térmica Arctic,1
2026-02-15,Cable de Red Cat6 3m,1
2026-02-15,Memoria USB 64GB,1
2026-02-15,Pasta Térmica Arctic,4
2026-02-15,Procesador Ryzen 5,1
2026-02-15,Laptop Dell Inspiron,1
2026-02-15,Tarjeta Gráfica RTX 4060,1
2026-02-16,Memoria USB 64GB,1
2026-02-16,Disco Duro SSD 1TB,1
2026-02-16,Cable de Red Cat6 3m,2
2026-02-16,Pasta Térmica Arctic,2
2026-02-16,Tarjeta Gráfica RTX 4060,1
2026-02-17,Procesador Ryzen 5,1
2026-02-17,Pasta Térmica Arctic,1
2026-02-17,Cable de Red Cat6 3m,2
2026-02-17,Laptop Gaming Asus,1
2026-02-17,Memoria USB 64GB,1
2026-02-18,Cable de Red Cat6 3m,2
2026-02-18,Laptop Gaming Asus,1
2026-02-18,Pasta Térmica Arctic,1
2026-02-18,Memoria USB 64GB,2
2026-02-19,Procesador Ryzen 5,2
2026-02-19,Memoria USB 64GB,1
2026-02-19,Cable de Red Cat6 3m,1
2026-02-19,Laptop Dell Inspiron,1
2026-02-19,Memoria RAM 16GB DDR4,1
2026-02-20,Memoria RAM 16GB DDR4,1
2026-02-20,Cable de Red Cat6 3m,2
2026-02-20,Memoria USB 64GB,1
2026-02-21,Memoria USB 64GB,1
2026-02-21,Tarjeta Gráfica RTX 4060,2
2026-02-21,Cable de Red Cat6 3m,3
2026-02-21,Memoria RAM 16GB DDR4,1
2026-02-22,Memoria RAM 16GB DDR4,2
2026-02-22,Pasta Térmica Arctic,3
2026-02-22,Disco Duro SSD 1TB,1
2026-02-23,Pasta Térmica Arctic,1
2026-02-23,Cable de Red Cat6 3m,3
2026-02-24,Laptop Dell Inspiron,1
2026-02-24,Laptop Gaming Asus,1
2026-02-24,Memoria USB 64GB,1
2026-02-25,Pasta Térmica Arctic,2
2026-02-25,Cable de Red Cat6 3m,1
2026-02-25,Memoria USB 64GB,1
2026-02-26,Cable de Red Cat6 3m,1
2026-02-26,Memoria USB 64GB,3
2026-02-26,Pasta Térmica Arctic,3
2026-02-26,Laptop Gaming Asus,1
2026-02-26,Disco Duro SSD 1TB,1
2026-02-27,Pasta Térmica Arctic,1
2026-02-27,Laptop Dell Inspiron,1
2026-02-27,Procesador Ryzen 5,1
2026-02-28,Pasta Térmica Arctic,3
2026-03-01,Memoria USB 64GB,3
2026-03-01,Cable de Red Cat6 3m,1
2026-03-01,Pasta Térmica Arctic,1
2026-03-02,Pasta Térmica Arctic,2
2026-03-02,Procesador Ryzen 5,1
2026-03-03,Memoria USB 64GB,1
2026-03-03,Pasta Térmica Arctic,2
2026-03-03,Disco Duro SSD 1TB,1
2026-03-04,Memoria USB 64GB,2
2026-03-04,Cable de Red Cat6 3m,2
2026-03-04,Pasta Térmica Arctic,1
2026-03-04,Laptop Dell Inspiron,1
2026-03-04,Procesador Ryzen 5,1
2026-03-05,Pasta Térmica Arctic,1
2026-03-05,Cable de Red Cat6 3m,1
2026-03-06,Pasta Térmica Arctic,2
2026-03-06,Cable de Red Cat6 3m,3
2026-03-06,Memoria USB 64GB,1
2026-03-06,Procesador Ryzen 5,1
2026-03-07,Memoria RAM 16GB DDR4,1
2026-03-07,Disco Duro SSD 1TB,1
2026-03-08,Cable de Red Cat6 3m,1
2026-03-08,Monitor 24 Pulgadas,1
2026-03-08,Pasta Térmica Arctic,2
2026-03-09,Pasta Térmica Arctic,2
2026-03-09,Disco Duro SSD 1TB,2
2026-03-09,Cable de Red Cat6 3m,3
2026-03-10,Procesador Ryzen 5,2
2026-03-10,Pasta Térmica Arctic,2
2026-03-10,Cable de Red Cat6 3m,1
2026-03-10,Memoria USB 64GB,2
2026-03-11,Memoria RAM 16GB DDR4,1
2026-03-11,Monitor 24 Pulgadas,1
2026-03-11,Cable de Red Cat6 3m,2
2026-03-11,Pasta Térmica Arctic,4
2026-03-11,Memoria USB 64GB,3
2026-03-11,Laptop Gaming Asus,1
2026-03-12,Monitor 24 Pulgadas,1
2026-03-12,Pasta Térmica Arctic,1
2026-03-12,Laptop Dell Inspiron,1
2026-03-12,Cable de Red Cat6 3m,1
2026-03-13,Tarjeta Gráfica RTX 4060,1
2026-03-13,Disco Duro SSD 1TB,1
2026-03-13,Cable de Red Cat6 3m,1
2026-03-13,Memoria USB 64GB,1
2026-03-13,Pasta Térmica Arctic,3
2026-03-14,Memoria USB 64GB,1
2026-03-14,Pasta Térmica Arctic,3
2026-03-14,Cable de Red Cat6 3m,1
2026-03-15,Cable de Red Cat6 3m,4
2026-03-15,Memoria USB 64GB,1
2026-03-15,Monitor 24 Pulgadas,1
2026-03-15,Disco Duro SSD 1TB,1
2026-03-15,Pasta Térmica Arctic,2
2026-03-16,Memoria RAM 16GB DDR4,2
2026-03-16,Disco Duro SSD 1TB,1
2026-03-16,Cable de Red Cat6 3m,2
2026-03-16,Memoria USB 64GB,1
2026-03-16,Laptop Dell Inspiron,1
2026-03-17,Disco Duro SSD 1TB,1
2026-03-17,Cable de Red Cat6 3m,2
2026-03-18,Cable de Red Cat6 3m,3
2026-03-18,Pasta Térmica Arctic,1
2026-03-19,Laptop Gaming Asus,1
2026-03-19,Cable de Red Cat6 3m,3
2026-03-19,Memoria USB 64GB,1
2026-03-19,Pasta Térmica Arctic,1
2026-03-20,Pasta Térmica Arctic,2
2026-03-20,Cable de Red Cat6 3m,1
2026-03-21,Cable de Red Cat6 3m,1
2026-03-21,Memoria USB 64GB,2
2026-03-21,Pasta Térmica Arctic,1
2026-03-22,Memoria USB 64GB,2
2026-03-22,Pasta Térmica Arctic,1
2026-03-23,Cable de Red Cat6 3m,2
2026-03-23,Memoria USB 64GB,1
2026-03-23,Memoria RAM 16GB DDR4,1
2026-03-24,Procesador Ryzen 5,1
2026-03-24,Pasta Térmica Arctic,1
2026-03-25,Memoria USB 64GB,1
2026-03-25,Cable de Red Cat6 3m,1
2026-03-25,Disco Duro SSD 1TB,1
2026-03-26,Memoria USB 64GB,2
2026-03-26,Monitor 24 Pulgadas,1
2026-03-26,Cable de Red Cat6 3m,1
2026-03-27,Cable de Red Cat6 3m,1
2026-03-27,Tarjeta Gráfica RTX 4060,2
2026-03-27,Memoria USB 64GB,1
2026-03-28,Procesador Ryzen 5,1
2026-03-28,Pasta Térmica Arctic,3
2026-03-28,Memoria RAM 16GB DDR4,1
2026-03-28,Cable de Red Cat6 3m,1
2026-03-29,Cable de Red Cat6 3m,2
2026-03-29,Memoria RAM 16GB DDR4,1
2026-03-30,Pasta Térmica Arctic,2
2026-03-30,Cable de Red Cat6 3m,1
2026-03-30,Memoria USB 64GB,2
2026-03-31,Cable de Red Cat6 3m,3
2026-03-31,Laptop Dell Inspiron,1
2026-03-31,Pasta Térmica Arctic,2
2026-03-31,Memoria USB 64GB,4
2026-04-01,Pasta Térmica Arctic,1
2026-04-01,Procesador Ryzen 5,1
2026-04-01,Memoria USB 64GB,1
2026-04-01,Cable de Red Cat6 3m,5
2026-04-02,Cable de Red Cat6 3m,3
2026-04-02,Disco Duro SSD 1TB,1
2026-04-02,Pasta Térmica Arctic,1
2026-04-02,Memoria USB 64GB,1
2026-04-03,Pasta Térmica Arctic,3
2026-04-03,Laptop Dell Inspiron,1
2026-04-04,Cable de Red Cat6 3m,5
2026-04-04,Memoria USB 64GB,2
2026-04-05,Pasta Térmica Arctic,4
2026-04-05,Memoria USB 64GB,1
2026-04-05,Disco Duro SSD 1TB,1
2026-04-06,Memoria USB 64GB,1
2026-04-06,Pasta Térmica Arctic,1
2026-04-06,Laptop Dell Inspiron,1
2026-04-06,Memoria RAM 16GB DDR4,1
2026-04-06,Cable de Red Cat6 3m,1
2026-04-07,Cable de Red Cat6 3m,1
2026-04-07,Memoria USB 64GB,1
2026-04-07,Pasta Térmica Arctic,2
2026-04-07,Memoria RAM 16GB DDR4,1
2026-04-08,Memoria RAM 16GB DDR4,1
2026-04-08,Memoria USB 64GB,1
2026-04-08,Tarjeta Gráfica RTX 4060,1
2026-04-08,Pasta Térmica Arctic,1
2026-04-08,Procesador Ryzen 5,1
2026-04-09,Laptop Dell Inspiron,1
2026-04-09,Cable de Red Cat6 3m,1
2026-04-09,Memoria USB 64GB,1
2026-04-09,Pasta Térmica Arctic,1
2026-04-10,Disco Duro SSD 1TB,1
2026-04-10,Cable de Red Cat6 3m,1
2026-04-10,Pasta Térmica Arctic,4
2026-04-11,Cable de Red Cat6 3m,2
2026-04-11,Pasta Térmica Arctic,1
2026-04-12,Pasta Térmica Arctic,1
2026-04-12,Cable de Red Cat6 3m,3
2026-04-12,Memoria RAM 16GB DDR4,1
2026-04-12,Disco Duro SSD 1TB,1
2026-04-12,Memoria USB 64GB,2
2026-04-12,Procesador Ryzen 5,1
2026-04-13,Procesador Ryzen 5,2
2026-04-13,Memoria USB 64GB,2
2026-04-13,Pasta Térmica Arctic,2
2026-04-14,Cable de Red Cat6 3m,2
2026-04-14,Pasta Térmica Arctic,1
2026-04-15,Memoria USB 64GB,1
2026-04-15,Monitor 24 Pulgadas,1
2026-04-15,Disco Duro SSD 1TB,2
2026-04-15,Memoria RAM 16GB DDR4,1
2026-04-15,Laptop Dell Inspiron,1
2026-04-15,Pasta Térmica Arctic,2
2026-04-16,Pasta Térmica Arctic,1
2026-04-16,Cable de Red Cat6 3m,2
2026-04-16,Laptop Dell Inspiron,1
2026-04-16,Disco Duro SSD 1TB,1
2026-04-16,Tarjeta Gráfica RTX 4060,1
2026-04-16,Memoria USB 64GB,2
2026-04-17,Cable de Red Cat6 3m,1
2026-04-17,Laptop Gaming Asus,1
2026-04-17,Pasta Térmica Arctic,2
2026-04-18,Pasta Térmica Arctic,3
2026-04-18,Memoria USB 64GB,2
2026-04-18,Procesador Ryzen 5,1
2026-04-19,Memoria USB 64GB,3
2026-04-19,Cable de Red Cat6 3m,2
2026-04-19,Pasta Térmica Arctic,2
2026-04-20,Memoria USB 64GB,1
2026-04-20,Pasta Térmica Arctic,1
2026-04-21,Cable de Red Cat6 3m,1
2026-04-21,Pasta Térmica Arctic,3
2026-04-22,Pasta Térmica Arctic,3
2026-04-23,Cable de Red Cat6 3m,3
2026-04-23,Laptop Gaming Asus,1
2026-04-23,Memoria USB 64GB,1
2026-04-23,Pasta Térmica Arctic,2
2026-04-24,Memoria USB 64GB,1
2026-04-24,Pasta Térmica Arctic,1
2026-04-24,Cable de Red Cat6 3m,5
2026-04-25,Memoria RAM 16GB DDR4,1
2026-04-25,Cable de Red Cat6 3m,2
2026-04-25,Disco Duro SSD 1TB,1
2026-04-25,Monitor 24 Pulgadas,1
2026-04-25,Memoria USB 64GB,1
2026-04-26,Memoria USB 64GB,2
2026-04-26,Monitor 24 Pulgadas,1
2026-04-26,Cable de Red Cat6 3m,2
2026-04-26,Pasta Térmica Arctic,1
2026-04-26,Procesador Ryzen 5,1
2026-04-27,Pasta Térmica Arctic,1
2026-04-27,Cable de Red Cat6 3m,1
2026-04-27,Monitor 24 Pulgadas,1
2026-04-27,Memoria USB 64GB,1
2026-04-28,Cable de Red Cat6 3m,1
2026-04-28,Monitor 24 Pulgadas,1
2026-04-28,Pasta Térmica Arctic,2
2026-04-29,Tarjeta Gráfica RTX 4060,1
2026-04-29,Laptop Dell Inspiron,1
2026-04-29,Pasta Térmica Arctic,2
2026-04-29,Memoria USB 64GB,3
2026-04-30,Pasta Térmica Arctic,1
2026-04-30,Monitor 24 Pulgadas,1
2026-04-30,Memoria USB 64GB,2
2026-04-30,Cable de Red Cat6 3m,5
2026-05-01,Pasta Térmica Arctic,1
2026-05-01,Cable de Red Cat6 3m,1
2026-05-01,Memoria USB 64GB,1
2026-05-02,Laptop Gaming Asus,1
2026-05-02,Procesador Ryzen 5,1
2026-05-02,Cable de Red Cat6 3m,1
2026-05-02,Memoria USB 64GB,1
2026-05-03,Memoria USB 64GB,2
2026-05-03,Disco Duro SSD 1TB,2
2026-05-03,Pasta Térmica Arctic,1
2026-05-03,Laptop Dell Inspiron,1
2026-05-04,Memoria USB 64GB,1
2026-05-04,Procesador Ryzen 5,1
2026-05-04,Pasta Térmica Arctic,1
2026-05-05,Laptop Gaming Asus,1
2026-05-05,Pasta Térmica Arctic,1
2026-05-06,Tarjeta Gráfica RTX 4060,1
2026-05-06,Memoria USB 64GB,1
2026-05-06,Laptop Dell Inspiron,1
2026-05-07,Pasta Térmica Arctic,2
2026-05-07,Memoria USB 64GB,1
2026-05-08,Pasta Térmica Arctic,5
2026-05-08,Cable de Red Cat6 3m,3
2026-05-08,Memoria RAM 16GB DDR4,1
2026-05-08,Procesador Ryzen 5,1
2026-05-09,Monitor 24 Pulgadas,1
2026-05-09,Pasta Térmica Arctic,3
2026-05-09,Memoria RAM 16GB DDR4,1
2026-05-09,Memoria USB 64GB,2
2026-05-10,Cable de Red Cat6 3m,1
2026-05-10,Memoria USB 64GB,1
2026-05-10,Disco Duro SSD 1TB,2
2026-05-10,Pasta Térmica Arctic,1
2026-05-11,Pasta Térmica Arctic,2
2026-05-11,Memoria USB 64GB,2
2026-05-11,Cable de Red Cat6 3m,4
2026-05-11,Procesador Ryzen 5,1
